"","Source","Target","Weight","Country"
"1","ARG_text1","science",11,"Argentina"
"2","ARG_text1","speaking",1,"Argentina"
"3","ARG_text2","reading_comprehension",1,"Argentina"
"4","ARG_text2","science",1,"Argentina"
"5","ARG_text2","active_learning",1,"Argentina"
"6","ARG_text3","science",1,"Argentina"
"7","ARG_text3","speaking",2,"Argentina"
"8","ARG_text4","active_listening",1,"Argentina"
"9","ARG_text4","reading_comprehension",1,"Argentina"
"10","ARG_text4","science",5,"Argentina"
"11","ARG_text4","speaking",2,"Argentina"
"12","ARG_text5","reading_comprehension",1,"Argentina"
"13","ARG_text5","science",1,"Argentina"
"14","ARG_text5","speaking",2,"Argentina"
"15","ARG_text6","science",7,"Argentina"
"16","ARG_text6","speaking",1,"Argentina"
"17","ARG_text7","science",2,"Argentina"
"18","ARG_text8","active_listening",1,"Argentina"
"19","ARG_text8","science",1,"Argentina"
"20","ARG_text8","speaking",1,"Argentina"
"21","ARG_text9","active_listening",1,"Argentina"
"22","ARG_text9","science",2,"Argentina"
"23","ARG_text9","speaking",1,"Argentina"
"24","ARG_text9","active_learning",1,"Argentina"
"25","ARG_text9","critical_thinking",1,"Argentina"
"26","ARG_text10","science",2,"Argentina"
"27","ARG_text10","speaking",4,"Argentina"
"28","ARG_text10","critical_thinking",1,"Argentina"
"29","ARG_text10","learning_strategy",2,"Argentina"
"30","ARG_text12","science",3,"Argentina"
"31","ARG_text12","speaking",1,"Argentina"
"32","ARG_text13","science",1,"Argentina"
"33","ARG_text13","speaking",1,"Argentina"
"34","ARG_text14","active_listening",1,"Argentina"
"35","ARG_text14","mathematics",1,"Argentina"
"36","ARG_text14","reading_comprehension",1,"Argentina"
"37","ARG_text14","science",14,"Argentina"
"38","ARG_text15","science",7,"Argentina"
"39","ARG_text15","speaking",1,"Argentina"
"40","ARG_text15","critical_thinking",1,"Argentina"
"41","ARG_text16","reading_comprehension",1,"Argentina"
"42","ARG_text16","science",10,"Argentina"
"43","ARG_text17","active_listening",2,"Argentina"
"44","ARG_text17","reading_comprehension",1,"Argentina"
"45","ARG_text17","science",7,"Argentina"
"46","ARG_text18","mathematics",1,"Argentina"
"47","ARG_text18","science",9,"Argentina"
"48","ARG_text18","critical_thinking",1,"Argentina"
"49","ARG_text19","science",8,"Argentina"
"50","ARG_text20","active_listening",1,"Argentina"
"51","ARG_text20","reading_comprehension",2,"Argentina"
"52","ARG_text20","science",12,"Argentina"
"53","ARG_text20","speaking",1,"Argentina"
"54","ARG_text21","science",3,"Argentina"
"55","ARG_text22","science",2,"Argentina"
"56","ARG_text22","speaking",1,"Argentina"
"57","ARG_text22","active_learning",1,"Argentina"
"58","ARG_text23","science",5,"Argentina"
"59","ARG_text23","speaking",1,"Argentina"
"60","ARG_text23","critical_thinking",1,"Argentina"
"61","ARG_text24","science",2,"Argentina"
"62","ARG_text25","active_listening",1,"Argentina"
"63","ARG_text25","science",13,"Argentina"
"64","ARG_text26","science",6,"Argentina"
"65","ARG_text26","learning_strategy",6,"Argentina"
"66","ARG_text27","active_listening",1,"Argentina"
"67","ARG_text27","science",1,"Argentina"
"68","ARG_text27","learning_strategy",2,"Argentina"
"69","ARG_text28","science",1,"Argentina"
"70","ARG_text28","learning_strategy",2,"Argentina"
"71","ARG_text29","science",12,"Argentina"
"72","ARG_text29","speaking",1,"Argentina"
"73","ARG_text30","science",5,"Argentina"
"74","ARG_text31","science",1,"Argentina"
"75","ARG_text31","learning_strategy",2,"Argentina"
"76","ARG_text32","science",4,"Argentina"
"77","ARG_text33","active_listening",1,"Argentina"
"78","ARG_text33","science",21,"Argentina"
"79","ARG_text34","active_listening",2,"Argentina"
"80","ARG_text34","reading_comprehension",2,"Argentina"
"81","ARG_text34","science",23,"Argentina"
"82","ARG_text34","critical_thinking",2,"Argentina"
"83","ARG_text34","learning_strategy",6,"Argentina"
"84","ARG_text35","active_listening",3,"Argentina"
"85","ARG_text35","reading_comprehension",2,"Argentina"
"86","ARG_text35","science",7,"Argentina"
"87","ARG_text35","active_learning",1,"Argentina"
"88","ARG_text35","learning_strategy",1,"Argentina"
"89","ARG_text36","active_listening",4,"Argentina"
"90","ARG_text36","reading_comprehension",2,"Argentina"
"91","ARG_text36","science",4,"Argentina"
"92","ARG_text36","speaking",3,"Argentina"
"93","ARG_text36","active_learning",2,"Argentina"
"94","ARG_text36","monitoring",1,"Argentina"
"95","ARG_text37","active_listening",3,"Argentina"
"96","ARG_text37","reading_comprehension",1,"Argentina"
"97","ARG_text37","science",11,"Argentina"
"98","ARG_text37","speaking",1,"Argentina"
"99","ARG_text37","active_learning",1,"Argentina"
"100","ARG_text37","critical_thinking",1,"Argentina"
"101","ARG_text37","learning_strategy",1,"Argentina"
"102","ARG_text38","active_listening",1,"Argentina"
"103","ARG_text38","science",23,"Argentina"
"104","ARG_text38","speaking",4,"Argentina"
"105","ARG_text38","critical_thinking",1,"Argentina"
"106","ARG_text39","active_listening",1,"Argentina"
"107","ARG_text39","science",12,"Argentina"
"108","ARG_text39","speaking",1,"Argentina"
"109","ARG_text40","active_listening",2,"Argentina"
"110","ARG_text40","reading_comprehension",1,"Argentina"
"111","ARG_text40","science",16,"Argentina"
"112","ARG_text40","speaking",2,"Argentina"
"113","ARG_text40","learning_strategy",1,"Argentina"
"114","ARG_text41","active_listening",1,"Argentina"
"115","ARG_text41","mathematics",1,"Argentina"
"116","ARG_text41","reading_comprehension",1,"Argentina"
"117","ARG_text41","science",17,"Argentina"
"118","ARG_text42","active_listening",2,"Argentina"
"119","ARG_text42","reading_comprehension",1,"Argentina"
"120","ARG_text42","science",16,"Argentina"
"121","ARG_text43","active_listening",2,"Argentina"
"122","ARG_text43","science",9,"Argentina"
"123","ARG_text43","active_learning",1,"Argentina"
"124","ARG_text44","active_listening",3,"Argentina"
"125","ARG_text44","reading_comprehension",1,"Argentina"
"126","ARG_text44","science",19,"Argentina"
"127","ARG_text44","writing",1,"Argentina"
"128","ARG_text44","active_learning",2,"Argentina"
"129","ARG_text45","active_listening",1,"Argentina"
"130","ARG_text45","reading_comprehension",1,"Argentina"
"131","ARG_text45","science",15,"Argentina"
"132","ARG_text45","speaking",3,"Argentina"
"133","ARG_text46","active_listening",1,"Argentina"
"134","ARG_text46","science",21,"Argentina"
"135","ARG_text47","active_listening",1,"Argentina"
"136","ARG_text47","reading_comprehension",1,"Argentina"
"137","ARG_text47","science",16,"Argentina"
"138","ARG_text48","active_listening",2,"Argentina"
"139","ARG_text48","reading_comprehension",1,"Argentina"
"140","ARG_text48","science",15,"Argentina"
"141","ARG_text48","active_learning",1,"Argentina"
"142","ARG_text49","active_listening",1,"Argentina"
"143","ARG_text49","science",18,"Argentina"
"144","ARG_text50","active_listening",2,"Argentina"
"145","ARG_text50","reading_comprehension",1,"Argentina"
"146","ARG_text50","science",13,"Argentina"
"147","ARG_text50","speaking",2,"Argentina"
"148","ARG_text50","active_learning",1,"Argentina"
"149","ARG_text51","active_listening",1,"Argentina"
"150","ARG_text51","science",9,"Argentina"
"151","ARG_text51","speaking",1,"Argentina"
"152","ARG_text52","active_listening",1,"Argentina"
"153","ARG_text52","science",2,"Argentina"
"154","ARG_text52","critical_thinking",1,"Argentina"
"155","ARG_text53","active_listening",2,"Argentina"
"156","ARG_text53","reading_comprehension",1,"Argentina"
"157","ARG_text53","science",2,"Argentina"
"158","ARG_text53","learning_strategy",1,"Argentina"
"159","ARG_text53","monitoring",1,"Argentina"
"160","ARG_text54","active_listening",1,"Argentina"
"161","ARG_text54","science",1,"Argentina"
"162","ARG_text54","speaking",1,"Argentina"
"163","ARG_text54","learning_strategy",6,"Argentina"
"164","ARG_text55","active_listening",1,"Argentina"
"165","ARG_text55","reading_comprehension",1,"Argentina"
"166","ARG_text55","science",15,"Argentina"
"167","ARG_text55","speaking",1,"Argentina"
"168","ARG_text56","active_listening",1,"Argentina"
"169","ARG_text56","reading_comprehension",1,"Argentina"
"170","ARG_text56","science",18,"Argentina"
"171","ARG_text57","active_listening",1,"Argentina"
"172","ARG_text57","science",30,"Argentina"
"173","ARG_text57","critical_thinking",1,"Argentina"
"174","ARG_text58","active_listening",1,"Argentina"
"175","ARG_text58","mathematics",1,"Argentina"
"176","ARG_text58","reading_comprehension",1,"Argentina"
"177","ARG_text58","science",50,"Argentina"
"178","ARG_text59","active_listening",3,"Argentina"
"179","ARG_text59","science",41,"Argentina"
"180","ARG_text59","active_learning",2,"Argentina"
"181","ARG_text59","learning_strategy",1,"Argentina"
"182","ARG_text60","active_listening",1,"Argentina"
"183","ARG_text60","reading_comprehension",1,"Argentina"
"184","ARG_text60","science",32,"Argentina"
"185","ARG_text60","speaking",1,"Argentina"
"186","ARG_text61","active_listening",1,"Argentina"
"187","ARG_text61","reading_comprehension",1,"Argentina"
"188","ARG_text61","science",6,"Argentina"
"189","ARG_text62","science",8,"Argentina"
"190","ARG_text63","science",12,"Argentina"
"191","ARG_text63","speaking",2,"Argentina"
"192","ARG_text63","critical_thinking",1,"Argentina"
"193","ARG_text64","science",2,"Argentina"
"194","ARG_text64","learning_strategy",1,"Argentina"
"195","ARG_text65","science",3,"Argentina"
"196","ARG_text65","critical_thinking",1,"Argentina"
"197","ARG_text66","active_listening",1,"Argentina"
"198","ARG_text66","science",1,"Argentina"
"199","ARG_text66","critical_thinking",1,"Argentina"
"200","ARG_text66","learning_strategy",1,"Argentina"
"201","ARG_text68","active_listening",1,"Argentina"
"202","ARG_text68","science",16,"Argentina"
"203","ARG_text68","speaking",1,"Argentina"
"204","ARG_text68","active_learning",1,"Argentina"
"205","ARG_text69","active_listening",2,"Argentina"
"206","ARG_text69","science",19,"Argentina"
"207","ARG_text69","speaking",9,"Argentina"
"208","ARG_text69","learning_strategy",1,"Argentina"
"209","ARG_text70","active_listening",1,"Argentina"
"210","ARG_text70","reading_comprehension",1,"Argentina"
"211","ARG_text70","science",3,"Argentina"
"212","ARG_text70","speaking",1,"Argentina"
"213","ARG_text71","active_listening",1,"Argentina"
"214","ARG_text71","science",3,"Argentina"
"215","ARG_text71","active_learning",1,"Argentina"
"216","ARG_text71","monitoring",1,"Argentina"
"217","ARG_text72","reading_comprehension",1,"Argentina"
"218","ARG_text72","science",2,"Argentina"
"219","ARG_text72","speaking",1,"Argentina"
"220","ARG_text72","active_learning",1,"Argentina"
"221","ARG_text72","learning_strategy",1,"Argentina"
"222","ARG_text73","science",2,"Argentina"
"223","ARG_text73","critical_thinking",1,"Argentina"
"224","ARG_text73","learning_strategy",5,"Argentina"
"225","ARG_text73","monitoring",1,"Argentina"
"226","ARG_text74","science",2,"Argentina"
"227","ARG_text74","writing",1,"Argentina"
"228","ARG_text74","monitoring",1,"Argentina"
"229","ARG_text75","reading_comprehension",1,"Argentina"
"230","ARG_text75","science",4,"Argentina"
"231","ARG_text75","speaking",2,"Argentina"
"232","ARG_text75","writing",1,"Argentina"
"233","ARG_text76","science",5,"Argentina"
"234","ARG_text76","speaking",1,"Argentina"
"235","ARG_text76","critical_thinking",1,"Argentina"
"236","ARG_text77","science",3,"Argentina"
"237","ARG_text77","speaking",1,"Argentina"
"238","ARG_text77","learning_strategy",2,"Argentina"
"239","ARG_text78","active_listening",1,"Argentina"
"240","ARG_text78","science",19,"Argentina"
"241","ARG_text78","writing",1,"Argentina"
"242","ARG_text79","science",16,"Argentina"
"243","ARG_text79","speaking",2,"Argentina"
"244","ARG_text79","learning_strategy",2,"Argentina"
"245","ARG_text80","active_listening",1,"Argentina"
"246","ARG_text80","reading_comprehension",1,"Argentina"
"247","ARG_text80","science",27,"Argentina"
"248","ARG_text80","speaking",1,"Argentina"
"249","ARG_text80","writing",1,"Argentina"
"250","ARG_text80","learning_strategy",2,"Argentina"
"251","ARG_text81","science",33,"Argentina"
"252","ARG_text81","writing",1,"Argentina"
"253","ARG_text81","learning_strategy",1,"Argentina"
"254","ARG_text82","science",12,"Argentina"
"255","ARG_text83","active_listening",1,"Argentina"
"256","ARG_text83","science",56,"Argentina"
"257","ARG_text83","speaking",13,"Argentina"
"258","ARG_text83","critical_thinking",1,"Argentina"
"259","ARG_text83","learning_strategy",1,"Argentina"
"260","ARG_text83","monitoring",4,"Argentina"
"261","ARG_text84","active_listening",2,"Argentina"
"262","ARG_text84","science",7,"Argentina"
"263","ARG_text84","critical_thinking",1,"Argentina"
"264","ARG_text85","science",10,"Argentina"
"265","ARG_text86","active_listening",3,"Argentina"
"266","ARG_text86","science",2,"Argentina"
"267","ARG_text86","speaking",1,"Argentina"
"268","ARG_text86","writing",1,"Argentina"
"269","ARG_text86","active_learning",4,"Argentina"
"270","ARG_text87","mathematics",1,"Argentina"
"271","ARG_text87","science",9,"Argentina"
"272","ARG_text88","mathematics",1,"Argentina"
"273","ARG_text88","science",8,"Argentina"
"274","ARG_text89","science",3,"Argentina"
"275","ARG_text89","learning_strategy",1,"Argentina"
"276","ARG_text90","science",3,"Argentina"
"277","ARG_text91","active_listening",1,"Argentina"
"278","ARG_text91","mathematics",1,"Argentina"
"279","ARG_text91","science",10,"Argentina"
"280","ARG_text91","speaking",1,"Argentina"
"281","ARG_text92","reading_comprehension",1,"Argentina"
"282","ARG_text92","science",3,"Argentina"
"283","ARG_text92","speaking",2,"Argentina"
"284","ARG_text93","science",7,"Argentina"
"285","ARG_text94","science",18,"Argentina"
"286","ARG_text94","speaking",2,"Argentina"
"287","ARG_text94","critical_thinking",1,"Argentina"
"288","ARG_text94","monitoring",1,"Argentina"
"289","ARG_text95","science",12,"Argentina"
"290","ARG_text96","science",12,"Argentina"
"291","ARG_text96","speaking",1,"Argentina"
"292","ARG_text96","critical_thinking",1,"Argentina"
"293","ARG_text97","science",4,"Argentina"
"294","ARG_text97","speaking",1,"Argentina"
"295","ARG_text98","science",32,"Argentina"
"296","ARG_text98","critical_thinking",2,"Argentina"
"297","ARG_text99","active_listening",1,"Argentina"
"298","ARG_text99","reading_comprehension",1,"Argentina"
"299","ARG_text99","science",7,"Argentina"
"300","ARG_text99","active_learning",1,"Argentina"
"301","ARG_text100","science",3,"Argentina"
"302","ARG_text100","speaking",1,"Argentina"
"303","ARG_text101","science",19,"Argentina"
"304","ARG_text101","critical_thinking",1,"Argentina"
"305","ARG_text102","mathematics",1,"Argentina"
"306","ARG_text102","science",15,"Argentina"
"307","ARG_text103","science",2,"Argentina"
"308","ARG_text104","science",5,"Argentina"
"309","ARG_text105","active_listening",1,"Argentina"
"310","ARG_text105","reading_comprehension",1,"Argentina"
"311","ARG_text105","science",11,"Argentina"
"312","ARG_text105","speaking",1,"Argentina"
"313","ARG_text105","learning_strategy",6,"Argentina"
"314","ARG_text106","science",1,"Argentina"
"315","ARG_text106","speaking",10,"Argentina"
"316","ARG_text107","science",13,"Argentina"
"317","ARG_text107","speaking",2,"Argentina"
"318","ARG_text108","mathematics",2,"Argentina"
"319","ARG_text108","reading_comprehension",1,"Argentina"
"320","ARG_text108","science",11,"Argentina"
"321","ARG_text108","learning_strategy",5,"Argentina"
"322","ARG_text109","science",2,"Argentina"
"323","ARG_text110","science",1,"Argentina"
"324","ARG_text110","monitoring",3,"Argentina"
"325","ARG_text111","active_listening",1,"Argentina"
"326","ARG_text111","reading_comprehension",5,"Argentina"
"327","ARG_text111","science",1,"Argentina"
"328","ARG_text111","speaking",1,"Argentina"
"329","ARG_text111","learning_strategy",2,"Argentina"
"330","ARG_text112","science",10,"Argentina"
"331","ARG_text113","science",9,"Argentina"
"332","ARG_text113","critical_thinking",1,"Argentina"
"333","ARG_text113","learning_strategy",1,"Argentina"
"334","ARG_text114","science",6,"Argentina"
"335","ARG_text115","science",12,"Argentina"
"336","ARG_text116","science",6,"Argentina"
"337","ARG_text116","speaking",2,"Argentina"
"338","ARG_text116","critical_thinking",1,"Argentina"
"339","ARG_text116","monitoring",2,"Argentina"
"340","ARG_text117","science",8,"Argentina"
"341","ARG_text118","science",5,"Argentina"
"342","ARG_text118","speaking",1,"Argentina"
"343","ARG_text118","monitoring",1,"Argentina"
"344","ARG_text119","reading_comprehension",1,"Argentina"
"345","ARG_text119","science",22,"Argentina"
"346","ARG_text119","monitoring",1,"Argentina"
"347","ARG_text120","science",11,"Argentina"
"348","ARG_text121","monitoring",2,"Argentina"
"349","ARG_text122","active_listening",1,"Argentina"
"350","ARG_text122","science",55,"Argentina"
"351","ARG_text122","speaking",2,"Argentina"
"352","ARG_text122","critical_thinking",1,"Argentina"
"353","ARG_text122","learning_strategy",1,"Argentina"
"354","ARG_text122","monitoring",2,"Argentina"
"355","ARG_text123","science",15,"Argentina"
"356","ARG_text123","speaking",1,"Argentina"
"357","ARG_text124","active_listening",1,"Argentina"
"358","ARG_text124","science",4,"Argentina"
"359","ARG_text125","science",15,"Argentina"
"360","ARG_text125","speaking",3,"Argentina"
"361","ARG_text125","writing",1,"Argentina"
"362","ARG_text125","monitoring",1,"Argentina"
"363","ARG_text126","active_listening",1,"Argentina"
"364","ARG_text126","science",2,"Argentina"
"365","ARG_text127","science",1,"Argentina"
"366","ARG_text127","active_learning",1,"Argentina"
"367","ARG_text128","science",6,"Argentina"
"368","ARG_text128","speaking",1,"Argentina"
"369","ARG_text129","science",2,"Argentina"
"370","ARG_text129","learning_strategy",1,"Argentina"
"371","ARG_text130","reading_comprehension",1,"Argentina"
"372","ARG_text130","science",23,"Argentina"
"373","ARG_text130","monitoring",1,"Argentina"
"374","ARG_text131","reading_comprehension",1,"Argentina"
"375","ARG_text131","science",11,"Argentina"
"376","ARG_text132","active_listening",1,"Argentina"
"377","ARG_text132","mathematics",1,"Argentina"
"378","ARG_text132","science",5,"Argentina"
"379","ARG_text132","learning_strategy",1,"Argentina"
"380","ARG_text133","science",1,"Argentina"
"381","ARG_text133","learning_strategy",1,"Argentina"
"382","ARG_text134","reading_comprehension",2,"Argentina"
"383","ARG_text134","science",10,"Argentina"
"384","ARG_text135","science",1,"Argentina"
"385","ARG_text135","critical_thinking",1,"Argentina"
"386","ARG_text135","learning_strategy",1,"Argentina"
"387","ARG_text136","science",3,"Argentina"
"388","ARG_text136","speaking",1,"Argentina"
"389","ARG_text137","active_listening",1,"Argentina"
"390","ARG_text137","science",1,"Argentina"
"391","ARG_text138","reading_comprehension",1,"Argentina"
"392","ARG_text138","science",1,"Argentina"
"393","ARG_text138","speaking",1,"Argentina"
"394","ARG_text139","mathematics",8,"Argentina"
"395","ARG_text139","science",5,"Argentina"
"396","ARG_text140","reading_comprehension",1,"Argentina"
"397","ARG_text140","science",15,"Argentina"
"398","ARG_text141","reading_comprehension",2,"Argentina"
"399","ARG_text141","science",13,"Argentina"
"400","ARG_text141","monitoring",2,"Argentina"
"401","ARG_text142","science",3,"Argentina"
"402","ARG_text142","active_learning",1,"Argentina"
"403","ARG_text142","learning_strategy",1,"Argentina"
"404","ARG_text143","science",3,"Argentina"
"405","ARG_text144","science",5,"Argentina"
"406","ARG_text144","active_learning",1,"Argentina"
"407","ARG_text145","active_listening",2,"Argentina"
"408","ARG_text145","reading_comprehension",2,"Argentina"
"409","ARG_text145","science",9,"Argentina"
"410","ARG_text145","speaking",1,"Argentina"
"411","ARG_text146","science",3,"Argentina"
"412","ARG_text147","active_listening",1,"Argentina"
"413","ARG_text147","science",1,"Argentina"
"414","ARG_text147","learning_strategy",1,"Argentina"
"415","ARG_text148","science",8,"Argentina"
"416","ARG_text148","critical_thinking",1,"Argentina"
"417","ARG_text149","science",2,"Argentina"
"418","ARG_text149","critical_thinking",4,"Argentina"
"419","ARG_text149","monitoring",1,"Argentina"
"420","ARG_text150","reading_comprehension",1,"Argentina"
"421","ARG_text150","science",7,"Argentina"
"422","ARG_text150","speaking",1,"Argentina"
"423","ARG_text150","active_learning",1,"Argentina"
"424","ARG_text150","monitoring",1,"Argentina"
"425","ARG_text151","science",11,"Argentina"
"426","ARG_text151","active_learning",1,"Argentina"
"427","ARG_text151","learning_strategy",2,"Argentina"
"428","ARG_text152","science",7,"Argentina"
"429","ARG_text152","learning_strategy",1,"Argentina"
"430","ARG_text152","monitoring",1,"Argentina"
"431","ARG_text153","science",3,"Argentina"
"432","ARG_text153","critical_thinking",1,"Argentina"
"433","ARG_text154","science",12,"Argentina"
"434","ARG_text154","speaking",1,"Argentina"
"435","ARG_text155","science",40,"Argentina"
"436","ARG_text155","critical_thinking",3,"Argentina"
"437","ARG_text155","monitoring",1,"Argentina"
"438","ARG_text156","science",3,"Argentina"
"439","ARG_text156","critical_thinking",1,"Argentina"
"440","ARG_text156","monitoring",1,"Argentina"
"441","ARG_text157","reading_comprehension",3,"Argentina"
"442","ARG_text157","science",2,"Argentina"
"443","ARG_text157","speaking",1,"Argentina"
"444","ARG_text157","monitoring",1,"Argentina"
"445","ARG_text158","science",6,"Argentina"
"446","ARG_text158","speaking",1,"Argentina"
"447","ARG_text158","monitoring",4,"Argentina"
"448","ARG_text159","reading_comprehension",1,"Argentina"
"449","ARG_text159","science",8,"Argentina"
"450","ARG_text160","active_listening",1,"Argentina"
"451","ARG_text160","science",4,"Argentina"
"452","ARG_text161","reading_comprehension",1,"Argentina"
"453","ARG_text161","science",4,"Argentina"
"454","ARG_text161","monitoring",1,"Argentina"
"455","ARG_text162","active_listening",2,"Argentina"
"456","ARG_text162","science",5,"Argentina"
"457","ARG_text162","speaking",1,"Argentina"
"458","ARG_text163","active_listening",4,"Argentina"
"459","ARG_text163","reading_comprehension",1,"Argentina"
"460","ARG_text163","science",5,"Argentina"
"461","ARG_text163","learning_strategy",1,"Argentina"
"462","ARG_text164","reading_comprehension",1,"Argentina"
"463","ARG_text164","science",13,"Argentina"
"464","ARG_text164","speaking",2,"Argentina"
"465","ARG_text164","learning_strategy",4,"Argentina"
"466","ARG_text165","science",13,"Argentina"
"467","ARG_text166","science",4,"Argentina"
"468","ARG_text166","speaking",1,"Argentina"
"469","ARG_text167","active_listening",1,"Argentina"
"470","ARG_text167","reading_comprehension",1,"Argentina"
"471","ARG_text167","science",35,"Argentina"
"472","ARG_text167","speaking",2,"Argentina"
"473","ARG_text167","active_learning",2,"Argentina"
"474","ARG_text167","learning_strategy",4,"Argentina"
"475","ARG_text167","monitoring",2,"Argentina"
"476","ARG_text168","science",1,"Argentina"
"477","ARG_text169","science",7,"Argentina"
"478","ARG_text169","monitoring",1,"Argentina"
"479","ARG_text170","science",4,"Argentina"
"480","ARG_text171","science",8,"Argentina"
"481","ARG_text171","learning_strategy",1,"Argentina"
"482","ARG_text172","science",6,"Argentina"
"483","ARG_text172","active_learning",2,"Argentina"
"484","ARG_text173","active_listening",2,"Argentina"
"485","ARG_text173","science",3,"Argentina"
"486","ARG_text173","speaking",1,"Argentina"
"487","ARG_text174","science",34,"Argentina"
"488","ARG_text174","active_learning",2,"Argentina"
"489","ARG_text174","monitoring",2,"Argentina"
"490","ARG_text175","active_listening",2,"Argentina"
"491","ARG_text175","science",3,"Argentina"
"492","ARG_text175","learning_strategy",1,"Argentina"
"493","ARG_text175","monitoring",1,"Argentina"
"494","ARG_text176","reading_comprehension",1,"Argentina"
"495","ARG_text176","science",16,"Argentina"
"496","ARG_text176","speaking",3,"Argentina"
"497","ARG_text177","reading_comprehension",1,"Argentina"
"498","ARG_text177","science",18,"Argentina"
"499","ARG_text177","active_learning",1,"Argentina"
"500","ARG_text177","monitoring",1,"Argentina"
"501","ARG_text178","science",12,"Argentina"
"502","ARG_text178","active_learning",1,"Argentina"
"503","ARG_text179","science",2,"Argentina"
"504","ARG_text180","reading_comprehension",1,"Argentina"
"505","ARG_text180","speaking",1,"Argentina"
"506","ARG_text180","learning_strategy",1,"Argentina"
"507","ARG_text181","science",3,"Argentina"
"508","ARG_text181","speaking",2,"Argentina"
"509","ARG_text181","learning_strategy",1,"Argentina"
"510","ARG_text182","science",1,"Argentina"
"511","ARG_text183","reading_comprehension",1,"Argentina"
"512","ARG_text183","science",5,"Argentina"
"513","ARG_text183","monitoring",1,"Argentina"
"514","ARG_text184","active_listening",1,"Argentina"
"515","ARG_text184","reading_comprehension",1,"Argentina"
"516","ARG_text184","science",9,"Argentina"
"517","ARG_text184","speaking",2,"Argentina"
"518","ARG_text184","learning_strategy",5,"Argentina"
"519","ARG_text185","active_listening",1,"Argentina"
"520","ARG_text185","reading_comprehension",1,"Argentina"
"521","ARG_text185","science",29,"Argentina"
"522","ARG_text185","speaking",2,"Argentina"
"523","ARG_text185","active_learning",2,"Argentina"
"524","ARG_text185","learning_strategy",4,"Argentina"
"525","ARG_text185","monitoring",2,"Argentina"
"526","ARG_text186","science",7,"Argentina"
"527","ARG_text187","reading_comprehension",1,"Argentina"
"528","ARG_text187","science",1,"Argentina"
"529","ARG_text187","learning_strategy",6,"Argentina"
"530","ARG_text187","monitoring",2,"Argentina"
"531","ARG_text188","science",3,"Argentina"
"532","ARG_text189","science",5,"Argentina"
"533","ARG_text189","critical_thinking",1,"Argentina"
"534","ARG_text190","science",5,"Argentina"
"535","ARG_text191","science",8,"Argentina"
"536","ARG_text192","reading_comprehension",1,"Argentina"
"537","ARG_text192","science",9,"Argentina"
"538","ARG_text193","science",10,"Argentina"
"539","ARG_text194","science",12,"Argentina"
"540","ARG_text194","writing",1,"Argentina"
"541","ARG_text195","science",1,"Argentina"
"542","ARG_text196","science",5,"Argentina"
"543","ARG_text197","science",3,"Argentina"
"544","ARG_text200","speaking",1,"Argentina"
"545","ARG_text201","science",8,"Argentina"
"546","ARG_text201","speaking",1,"Argentina"
"547","ARG_text202","reading_comprehension",1,"Argentina"
"548","ARG_text202","science",12,"Argentina"
"549","ARG_text203","science",18,"Argentina"
"550","ARG_text204","active_listening",1,"Argentina"
"551","ARG_text204","science",9,"Argentina"
"552","ARG_text204","learning_strategy",1,"Argentina"
"553","ARG_text205","active_listening",1,"Argentina"
"554","ARG_text205","reading_comprehension",1,"Argentina"
"555","ARG_text205","science",36,"Argentina"
"556","ARG_text205","speaking",5,"Argentina"
"557","ARG_text205","active_learning",2,"Argentina"
"558","ARG_text206","active_listening",3,"Argentina"
"559","ARG_text206","mathematics",1,"Argentina"
"560","ARG_text206","science",46,"Argentina"
"561","ARG_text206","speaking",1,"Argentina"
"562","ARG_text206","writing",1,"Argentina"
"563","ARG_text206","active_learning",2,"Argentina"
"564","ARG_text206","critical_thinking",1,"Argentina"
"565","ARG_text206","learning_strategy",2,"Argentina"
"566","ARG_text206","monitoring",1,"Argentina"
"567","ARG_text207","science",9,"Argentina"
"568","ARG_text207","monitoring",3,"Argentina"
"569","ARG_text208","active_listening",1,"Argentina"
"570","ARG_text208","science",20,"Argentina"
"571","ARG_text208","speaking",2,"Argentina"
"572","ARG_text208","active_learning",1,"Argentina"
"573","ARG_text208","critical_thinking",1,"Argentina"
"574","ARG_text208","monitoring",1,"Argentina"
"575","ARG_text209","science",13,"Argentina"
"576","ARG_text209","speaking",2,"Argentina"
"577","ARG_text210","active_listening",1,"Argentina"
"578","ARG_text210","mathematics",15,"Argentina"
"579","ARG_text210","science",15,"Argentina"
"580","ARG_text210","active_learning",1,"Argentina"
"581","ARG_text210","learning_strategy",6,"Argentina"
"582","ARG_text210","monitoring",2,"Argentina"
"583","ARG_text211","science",4,"Argentina"
"584","ARG_text212","reading_comprehension",4,"Argentina"
"585","ARG_text212","science",2,"Argentina"
"586","ARG_text212","learning_strategy",1,"Argentina"
"587","ARG_text213","science",8,"Argentina"
"588","ARG_text213","speaking",1,"Argentina"
"589","ARG_text213","monitoring",1,"Argentina"
"590","ARG_text214","science",2,"Argentina"
"591","ARG_text215","active_listening",2,"Argentina"
"592","ARG_text215","science",16,"Argentina"
"593","ARG_text215","critical_thinking",1,"Argentina"
"594","ARG_text215","learning_strategy",1,"Argentina"
"595","ARG_text216","reading_comprehension",1,"Argentina"
"596","ARG_text216","science",30,"Argentina"
"597","ARG_text216","speaking",39,"Argentina"
"598","ARG_text216","active_learning",1,"Argentina"
"599","ARG_text216","monitoring",1,"Argentina"
"600","ARG_text217","reading_comprehension",1,"Argentina"
"601","ARG_text217","science",28,"Argentina"
"602","ARG_text217","speaking",23,"Argentina"
"603","ARG_text217","active_learning",1,"Argentina"
"604","ARG_text217","learning_strategy",2,"Argentina"
"605","ARG_text217","monitoring",1,"Argentina"
"606","ARG_text218","reading_comprehension",1,"Argentina"
"607","ARG_text218","science",32,"Argentina"
"608","ARG_text218","speaking",31,"Argentina"
"609","ARG_text218","active_learning",1,"Argentina"
"610","ARG_text218","monitoring",1,"Argentina"
"611","ARG_text219","active_listening",3,"Argentina"
"612","ARG_text219","science",7,"Argentina"
"613","ARG_text219","active_learning",1,"Argentina"
"614","ARG_text219","critical_thinking",2,"Argentina"
"615","ARG_text220","active_listening",2,"Argentina"
"616","ARG_text220","science",17,"Argentina"
"617","ARG_text220","active_learning",2,"Argentina"
"618","ARG_text220","critical_thinking",3,"Argentina"
"619","ARG_text221","science",7,"Argentina"
"620","ARG_text221","speaking",2,"Argentina"
"621","ARG_text221","active_learning",1,"Argentina"
"622","ARG_text221","critical_thinking",2,"Argentina"
"623","ARG_text221","learning_strategy",2,"Argentina"
"624","ARG_text222","active_listening",1,"Argentina"
"625","ARG_text222","reading_comprehension",1,"Argentina"
"626","ARG_text222","science",38,"Argentina"
"627","ARG_text222","speaking",4,"Argentina"
"628","ARG_text222","writing",4,"Argentina"
"629","ARG_text222","critical_thinking",1,"Argentina"
"630","ARG_text222","learning_strategy",3,"Argentina"
"631","ARG_text222","monitoring",1,"Argentina"
"632","ARG_text223","active_listening",3,"Argentina"
"633","ARG_text223","science",48,"Argentina"
"634","ARG_text223","speaking",2,"Argentina"
"635","ARG_text224","active_listening",1,"Argentina"
"636","ARG_text224","science",18,"Argentina"
"637","ARG_text224","learning_strategy",1,"Argentina"
"638","ARG_text225","reading_comprehension",2,"Argentina"
"639","ARG_text225","science",11,"Argentina"
"640","ARG_text225","learning_strategy",15,"Argentina"
"641","ARG_text225","monitoring",1,"Argentina"
"642","ARG_text226","active_listening",1,"Argentina"
"643","ARG_text226","reading_comprehension",2,"Argentina"
"644","ARG_text226","science",45,"Argentina"
"645","ARG_text226","speaking",22,"Argentina"
"646","ARG_text226","active_learning",1,"Argentina"
"647","ARG_text226","critical_thinking",1,"Argentina"
"648","ARG_text226","monitoring",2,"Argentina"
"649","ARG_text227","science",7,"Argentina"
"650","ARG_text227","critical_thinking",1,"Argentina"
"651","ARG_text228","active_listening",1,"Argentina"
"652","ARG_text228","science",7,"Argentina"
"653","ARG_text229","active_listening",2,"Argentina"
"654","ARG_text229","science",6,"Argentina"
"655","ARG_text229","speaking",2,"Argentina"
"656","ARG_text229","active_learning",2,"Argentina"
"657","ARG_text229","critical_thinking",2,"Argentina"
"658","ARG_text229","learning_strategy",2,"Argentina"
"659","ARG_text230","active_listening",4,"Argentina"
"660","ARG_text230","science",8,"Argentina"
"661","ARG_text230","writing",1,"Argentina"
"662","ARG_text231","science",5,"Argentina"
"663","ARG_text231","speaking",2,"Argentina"
"664","ARG_text231","writing",1,"Argentina"
"665","ARG_text232","active_learning",1,"Argentina"
"666","ARG_text232","learning_strategy",18,"Argentina"
"667","ARG_text233","active_listening",1,"Argentina"
"668","ARG_text233","science",8,"Argentina"
"669","ARG_text233","active_learning",1,"Argentina"
"670","ARG_text233","learning_strategy",1,"Argentina"
"671","ARG_text233","monitoring",1,"Argentina"
"672","ARG_text234","science",34,"Argentina"
"673","ARG_text235","science",101,"Argentina"
"674","ARG_text235","speaking",3,"Argentina"
"675","ARG_text235","writing",1,"Argentina"
"676","ARG_text235","learning_strategy",1,"Argentina"
"677","ARG_text235","monitoring",1,"Argentina"
"678","ARG_text236","active_listening",1,"Argentina"
"679","ARG_text236","science",87,"Argentina"
"680","ARG_text236","speaking",3,"Argentina"
"681","ARG_text236","writing",1,"Argentina"
"682","ARG_text236","learning_strategy",1,"Argentina"
"683","ARG_text237","science",74,"Argentina"
"684","ARG_text237","speaking",1,"Argentina"
"685","ARG_text237","active_learning",1,"Argentina"
"686","ARG_text237","learning_strategy",3,"Argentina"
"687","ARG_text237","monitoring",1,"Argentina"
"688","ARG_text238","science",23,"Argentina"
"689","ARG_text238","speaking",2,"Argentina"
"690","ARG_text238","writing",2,"Argentina"
"691","ARG_text238","critical_thinking",1,"Argentina"
"692","ARG_text238","learning_strategy",2,"Argentina"
"693","ARG_text238","monitoring",3,"Argentina"
"694","ARG_text239","reading_comprehension",2,"Argentina"
"695","ARG_text239","science",32,"Argentina"
"696","ARG_text239","speaking",2,"Argentina"
"697","ARG_text239","writing",1,"Argentina"
"698","ARG_text239","learning_strategy",3,"Argentina"
"699","ARG_text239","monitoring",3,"Argentina"
"700","ARG_text240","reading_comprehension",4,"Argentina"
"701","ARG_text240","science",15,"Argentina"
"702","ARG_text240","active_learning",1,"Argentina"
"703","ARG_text240","critical_thinking",1,"Argentina"
"704","ARG_text240","learning_strategy",1,"Argentina"
"705","ARG_text241","reading_comprehension",1,"Argentina"
"706","ARG_text241","speaking",1,"Argentina"
"707","ARG_text241","active_learning",2,"Argentina"
"708","ARG_text241","learning_strategy",1,"Argentina"
"709","ARG_text242","reading_comprehension",1,"Argentina"
"710","ARG_text242","science",7,"Argentina"
"711","ARG_text242","speaking",6,"Argentina"
"712","ARG_text242","active_learning",2,"Argentina"
"713","ARG_text242","learning_strategy",6,"Argentina"
"714","ARG_text243","reading_comprehension",2,"Argentina"
"715","ARG_text243","science",5,"Argentina"
"716","ARG_text243","critical_thinking",1,"Argentina"
"717","ARG_text243","learning_strategy",3,"Argentina"
"718","ARG_text244","reading_comprehension",2,"Argentina"
"719","ARG_text244","science",10,"Argentina"
"720","ARG_text244","critical_thinking",1,"Argentina"
"721","ARG_text244","learning_strategy",8,"Argentina"
"722","ARG_text244","monitoring",1,"Argentina"
"723","ARG_text245","active_listening",1,"Argentina"
"724","ARG_text245","reading_comprehension",1,"Argentina"
"725","ARG_text245","science",2,"Argentina"
"726","ARG_text245","speaking",1,"Argentina"
"727","ARG_text245","writing",1,"Argentina"
"728","ARG_text245","active_learning",1,"Argentina"
"729","ARG_text245","learning_strategy",2,"Argentina"
"730","ARG_text246","reading_comprehension",1,"Argentina"
"731","ARG_text246","science",12,"Argentina"
"732","ARG_text246","speaking",5,"Argentina"
"733","ARG_text246","active_learning",3,"Argentina"
"734","ARG_text246","critical_thinking",1,"Argentina"
"735","ARG_text246","learning_strategy",7,"Argentina"
"736","ARG_text246","monitoring",1,"Argentina"
"737","ARG_text247","active_listening",1,"Argentina"
"738","ARG_text247","reading_comprehension",1,"Argentina"
"739","ARG_text247","science",13,"Argentina"
"740","ARG_text247","learning_strategy",2,"Argentina"
"741","ARG_text248","reading_comprehension",1,"Argentina"
"742","ARG_text248","science",19,"Argentina"
"743","ARG_text248","learning_strategy",5,"Argentina"
"744","ARG_text248","monitoring",1,"Argentina"
"745","ARG_text249","reading_comprehension",1,"Argentina"
"746","ARG_text249","science",15,"Argentina"
"747","ARG_text249","active_learning",1,"Argentina"
"748","ARG_text249","critical_thinking",1,"Argentina"
"749","ARG_text249","learning_strategy",3,"Argentina"
"750","ARG_text250","reading_comprehension",1,"Argentina"
"751","ARG_text250","science",11,"Argentina"
"752","ARG_text250","speaking",1,"Argentina"
"753","ARG_text251","science",19,"Argentina"
"754","ARG_text251","critical_thinking",1,"Argentina"
"755","ARG_text252","science",7,"Argentina"
"756","ARG_text252","critical_thinking",1,"Argentina"
"757","ARG_text253","reading_comprehension",1,"Argentina"
"758","ARG_text253","science",2,"Argentina"
"759","ARG_text253","writing",1,"Argentina"
"760","ARG_text254","science",2,"Argentina"
"761","ARG_text254","learning_strategy",8,"Argentina"
"762","ARG_text255","mathematics",10,"Argentina"
"763","ARG_text255","science",11,"Argentina"
"764","ARG_text255","learning_strategy",1,"Argentina"
"765","ARG_text256","science",4,"Argentina"
"766","ARG_text256","monitoring",1,"Argentina"
"767","ARG_text257","science",23,"Argentina"
"768","ARG_text257","critical_thinking",1,"Argentina"
"769","ARG_text258","science",23,"Argentina"
"770","ARG_text260","active_listening",1,"Argentina"
"771","ARG_text260","science",9,"Argentina"
"772","ARG_text261","science",9,"Argentina"
"773","ARG_text261","monitoring",1,"Argentina"
"774","ARG_text262","active_listening",1,"Argentina"
"775","ARG_text262","science",10,"Argentina"
"776","ARG_text262","speaking",10,"Argentina"
"777","ARG_text262","learning_strategy",20,"Argentina"
"778","ARG_text263","active_listening",1,"Argentina"
"779","ARG_text263","science",10,"Argentina"
"780","ARG_text263","speaking",10,"Argentina"
"781","ARG_text263","learning_strategy",20,"Argentina"
"782","ARG_text265","active_listening",1,"Argentina"
"783","ARG_text266","reading_comprehension",1,"Argentina"
"784","ARG_text266","science",17,"Argentina"
"785","ARG_text266","speaking",2,"Argentina"
"786","ARG_text266","learning_strategy",3,"Argentina"
"787","ARG_text267","reading_comprehension",2,"Argentina"
"788","ARG_text267","science",32,"Argentina"
"789","ARG_text267","speaking",2,"Argentina"
"790","ARG_text267","writing",2,"Argentina"
"791","ARG_text267","monitoring",2,"Argentina"
"792","ARG_text268","active_listening",1,"Argentina"
"793","ARG_text268","reading_comprehension",2,"Argentina"
"794","ARG_text268","science",26,"Argentina"
"795","ARG_text268","speaking",1,"Argentina"
"796","ARG_text268","writing",2,"Argentina"
"797","ARG_text268","monitoring",2,"Argentina"
"798","ARG_text269","reading_comprehension",2,"Argentina"
"799","ARG_text269","science",27,"Argentina"
"800","ARG_text269","speaking",1,"Argentina"
"801","ARG_text270","science",2,"Argentina"
"802","ARG_text271","science",5,"Argentina"
"803","ARG_text272","speaking",1,"Argentina"
"804","ARG_text273","active_listening",1,"Argentina"
"805","ARG_text275","science",6,"Argentina"
"806","ARG_text276","science",13,"Argentina"
"807","ARG_text277","monitoring",1,"Argentina"
"808","ARG_text278","science",1,"Argentina"
"809","ARG_text278","critical_thinking",1,"Argentina"
"810","ARG_text280","science",5,"Argentina"
"811","ARG_text282","science",3,"Argentina"
"812","ARG_text282","speaking",1,"Argentina"
"813","ARG_text282","writing",1,"Argentina"
"814","ARG_text282","learning_strategy",2,"Argentina"
"815","ARG_text283","science",5,"Argentina"
"816","ARG_text283","learning_strategy",1,"Argentina"
"817","ARG_text284","science",3,"Argentina"
"818","ARG_text284","speaking",1,"Argentina"
"819","ARG_text284","writing",1,"Argentina"
"820","ARG_text284","learning_strategy",2,"Argentina"
"821","ARG_text285","active_listening",1,"Argentina"
"822","ARG_text285","science",5,"Argentina"
"823","ARG_text285","speaking",1,"Argentina"
"824","ARG_text285","active_learning",1,"Argentina"
"825","ARG_text285","learning_strategy",3,"Argentina"
"826","ARG_text286","reading_comprehension",4,"Argentina"
"827","ARG_text286","science",21,"Argentina"
"828","ARG_text286","speaking",5,"Argentina"
"829","ARG_text286","critical_thinking",1,"Argentina"
"830","ARG_text286","learning_strategy",1,"Argentina"
"831","ARG_text287","active_listening",2,"Argentina"
"832","ARG_text287","reading_comprehension",4,"Argentina"
"833","ARG_text287","science",17,"Argentina"
"834","ARG_text287","speaking",6,"Argentina"
"835","ARG_text287","active_learning",3,"Argentina"
"836","ARG_text287","learning_strategy",1,"Argentina"
"837","ARG_text288","active_listening",4,"Argentina"
"838","ARG_text288","reading_comprehension",4,"Argentina"
"839","ARG_text288","science",7,"Argentina"
"840","ARG_text288","speaking",4,"Argentina"
"841","ARG_text289","active_listening",1,"Argentina"
"842","ARG_text289","reading_comprehension",4,"Argentina"
"843","ARG_text289","science",14,"Argentina"
"844","ARG_text289","speaking",5,"Argentina"
"845","ARG_text289","writing",1,"Argentina"
"846","ARG_text289","active_learning",2,"Argentina"
"847","ARG_text290","active_listening",2,"Argentina"
"848","ARG_text290","reading_comprehension",4,"Argentina"
"849","ARG_text290","science",7,"Argentina"
"850","ARG_text290","speaking",4,"Argentina"
"851","ARG_text290","active_learning",3,"Argentina"
"852","ARG_text290","monitoring",2,"Argentina"
"853","ARG_text291","reading_comprehension",4,"Argentina"
"854","ARG_text291","science",1,"Argentina"
"855","ARG_text291","speaking",1,"Argentina"
"856","ARG_text291","writing",1,"Argentina"
"857","ARG_text291","active_learning",1,"Argentina"
"858","ARG_text292","active_listening",7,"Argentina"
"859","ARG_text292","reading_comprehension",4,"Argentina"
"860","ARG_text292","science",10,"Argentina"
"861","ARG_text292","speaking",7,"Argentina"
"862","ARG_text292","critical_thinking",2,"Argentina"
"863","ARG_text293","reading_comprehension",4,"Argentina"
"864","ARG_text293","science",4,"Argentina"
"865","ARG_text293","speaking",4,"Argentina"
"866","ARG_text294","reading_comprehension",4,"Argentina"
"867","ARG_text294","science",8,"Argentina"
"868","ARG_text294","speaking",4,"Argentina"
"869","ARG_text295","reading_comprehension",4,"Argentina"
"870","ARG_text295","science",6,"Argentina"
"871","ARG_text295","speaking",4,"Argentina"
"872","ARG_text296","reading_comprehension",4,"Argentina"
"873","ARG_text296","science",8,"Argentina"
"874","ARG_text296","speaking",4,"Argentina"
"875","ARG_text296","active_learning",1,"Argentina"
"876","ARG_text296","learning_strategy",1,"Argentina"
"877","ARG_text297","science",9,"Argentina"
"878","ARG_text297","learning_strategy",1,"Argentina"
"879","ARG_text298","science",14,"Argentina"
"880","ARG_text299","science",7,"Argentina"
"881","ARG_text300","science",6,"Argentina"
"882","ARG_text301","science",4,"Argentina"
"883","ARG_text302","science",5,"Argentina"
"884","ARG_text303","active_listening",1,"Argentina"
"885","ARG_text303","science",1,"Argentina"
"886","ARG_text304","science",10,"Argentina"
"887","ARG_text304","monitoring",1,"Argentina"
"888","ARG_text305","science",3,"Argentina"
"889","ARG_text306","mathematics",1,"Argentina"
"890","ARG_text306","science",28,"Argentina"
"891","ARG_text306","speaking",1,"Argentina"
"892","ARG_text306","active_learning",3,"Argentina"
"893","ARG_text306","critical_thinking",1,"Argentina"
"894","ARG_text306","learning_strategy",8,"Argentina"
"895","ARG_text307","science",6,"Argentina"
"896","ARG_text308","active_listening",1,"Argentina"
"897","ARG_text308","mathematics",4,"Argentina"
"898","ARG_text308","science",6,"Argentina"
"899","ARG_text308","speaking",1,"Argentina"
"900","ARG_text309","science",16,"Argentina"
"901","ARG_text309","active_learning",4,"Argentina"
"902","ARG_text309","learning_strategy",2,"Argentina"
"903","ARG_text310","science",12,"Argentina"
"904","ARG_text310","speaking",1,"Argentina"
"905","ARG_text310","learning_strategy",1,"Argentina"
"906","ARG_text311","science",13,"Argentina"
"907","ARG_text312","science",15,"Argentina"
"908","ARG_text313","active_listening",1,"Argentina"
"909","ARG_text313","science",17,"Argentina"
"910","ARG_text313","speaking",1,"Argentina"
"911","ARG_text313","writing",1,"Argentina"
"912","ARG_text313","active_learning",2,"Argentina"
"913","ARG_text313","learning_strategy",1,"Argentina"
"914","ARG_text314","science",9,"Argentina"
"915","ARG_text314","critical_thinking",1,"Argentina"
"916","ARG_text314","monitoring",1,"Argentina"
"917","ARG_text315","active_listening",3,"Argentina"
"918","ARG_text315","mathematics",10,"Argentina"
"919","ARG_text315","science",6,"Argentina"
"920","ARG_text315","speaking",1,"Argentina"
"921","ARG_text315","writing",3,"Argentina"
"922","ARG_text315","learning_strategy",1,"Argentina"
"923","ARG_text316","science",16,"Argentina"
"924","ARG_text316","speaking",1,"Argentina"
"925","ARG_text316","writing",1,"Argentina"
"926","ARG_text316","active_learning",2,"Argentina"
"927","ARG_text317","science",17,"Argentina"
"928","ARG_text317","speaking",1,"Argentina"
"929","ARG_text317","writing",1,"Argentina"
"930","ARG_text317","learning_strategy",1,"Argentina"
"931","ARG_text318","active_listening",4,"Argentina"
"932","ARG_text318","science",7,"Argentina"
"933","ARG_text319","active_listening",4,"Argentina"
"934","ARG_text319","reading_comprehension",1,"Argentina"
"935","ARG_text319","science",16,"Argentina"
"936","ARG_text319","speaking",1,"Argentina"
"937","ARG_text319","critical_thinking",1,"Argentina"
"938","ARG_text319","monitoring",1,"Argentina"
"939","ARG_text320","science",12,"Argentina"
"940","ARG_text320","active_learning",5,"Argentina"
"941","ARG_text320","learning_strategy",2,"Argentina"
"942","ARG_text321","science",7,"Argentina"
"943","ARG_text321","active_learning",3,"Argentina"
"944","ARG_text321","learning_strategy",1,"Argentina"
"945","ARG_text322","active_listening",1,"Argentina"
"946","ARG_text322","science",9,"Argentina"
"947","ARG_text322","active_learning",3,"Argentina"
"948","ARG_text322","learning_strategy",10,"Argentina"
"949","ARG_text322","monitoring",1,"Argentina"
"950","ARG_text323","science",33,"Argentina"
"951","ARG_text323","speaking",1,"Argentina"
"952","ARG_text323","active_learning",3,"Argentina"
"953","ARG_text323","learning_strategy",28,"Argentina"
"954","ARG_text323","monitoring",2,"Argentina"
"955","ARG_text324","science",8,"Argentina"
"956","ARG_text324","speaking",1,"Argentina"
"957","ARG_text324","active_learning",3,"Argentina"
"958","ARG_text324","learning_strategy",3,"Argentina"
"959","ARG_text325","active_listening",1,"Argentina"
"960","ARG_text325","mathematics",1,"Argentina"
"961","ARG_text325","science",28,"Argentina"
"962","ARG_text325","speaking",13,"Argentina"
"963","ARG_text326","active_listening",2,"Argentina"
"964","ARG_text326","mathematics",6,"Argentina"
"965","ARG_text326","reading_comprehension",1,"Argentina"
"966","ARG_text326","science",26,"Argentina"
"967","ARG_text326","speaking",2,"Argentina"
"968","ARG_text326","writing",2,"Argentina"
"969","ARG_text326","active_learning",1,"Argentina"
"970","ARG_text326","learning_strategy",1,"Argentina"
"971","ARG_text327","reading_comprehension",1,"Argentina"
"972","ARG_text327","science",1,"Argentina"
"973","ARG_text327","speaking",2,"Argentina"
"974","ARG_text327","learning_strategy",14,"Argentina"
"975","ARG_text328","active_listening",1,"Argentina"
"976","ARG_text328","reading_comprehension",15,"Argentina"
"977","ARG_text328","science",15,"Argentina"
"978","ARG_text328","speaking",1,"Argentina"
"979","ARG_text328","writing",1,"Argentina"
"980","ARG_text328","active_learning",1,"Argentina"
"981","ARG_text329","active_listening",1,"Argentina"
"982","ARG_text329","science",1,"Argentina"
"983","ARG_text329","speaking",1,"Argentina"
"984","ARG_text329","active_learning",1,"Argentina"
"985","ARG_text330","mathematics",1,"Argentina"
"986","ARG_text330","reading_comprehension",3,"Argentina"
"987","ARG_text330","science",26,"Argentina"
"988","ARG_text330","writing",1,"Argentina"
"989","ARG_text330","monitoring",1,"Argentina"
"990","ARG_text331","science",35,"Argentina"
"991","ARG_text331","writing",1,"Argentina"
"992","ARG_text331","critical_thinking",1,"Argentina"
"993","ARG_text332","science",9,"Argentina"
"994","ARG_text333","science",14,"Argentina"
"995","ARG_text333","speaking",25,"Argentina"
"996","ARG_text333","monitoring",1,"Argentina"
"997","ARG_text334","active_listening",1,"Argentina"
"998","ARG_text334","mathematics",6,"Argentina"
"999","ARG_text334","science",10,"Argentina"
"1000","ARG_text334","speaking",1,"Argentina"
"1001","ARG_text335","science",4,"Argentina"
"1002","ARG_text335","monitoring",1,"Argentina"
"1003","ARG_text336","active_listening",1,"Argentina"
"1004","ARG_text336","reading_comprehension",2,"Argentina"
"1005","ARG_text336","science",6,"Argentina"
"1006","ARG_text336","speaking",1,"Argentina"
"1007","ARG_text336","writing",1,"Argentina"
"1008","ARG_text336","active_learning",1,"Argentina"
"1009","ARG_text337","active_listening",1,"Argentina"
"1010","ARG_text337","mathematics",9,"Argentina"
"1011","ARG_text337","science",8,"Argentina"
"1012","ARG_text337","speaking",1,"Argentina"
"1013","ARG_text337","active_learning",2,"Argentina"
"1014","ARG_text338","science",3,"Argentina"
"1015","ARG_text338","speaking",1,"Argentina"
"1016","ARG_text338","active_learning",1,"Argentina"
"1017","ARG_text339","science",5,"Argentina"
"1018","ARG_text339","speaking",1,"Argentina"
"1019","ARG_text339","active_learning",1,"Argentina"
"1020","ARG_text340","science",6,"Argentina"
"1021","ARG_text340","speaking",1,"Argentina"
"1022","ARG_text340","active_learning",1,"Argentina"
"1023","ARG_text341","science",9,"Argentina"
"1024","ARG_text341","speaking",1,"Argentina"
"1025","ARG_text341","active_learning",1,"Argentina"
"1026","ARG_text342","active_listening",1,"Argentina"
"1027","ARG_text342","science",6,"Argentina"
"1028","ARG_text342","speaking",1,"Argentina"
"1029","ARG_text342","active_learning",2,"Argentina"
"1030","ARG_text342","learning_strategy",2,"Argentina"
"1031","ARG_text343","science",14,"Argentina"
"1032","ARG_text343","speaking",1,"Argentina"
"1033","ARG_text343","active_learning",2,"Argentina"
"1034","ARG_text343","learning_strategy",6,"Argentina"
"1035","ARG_text344","science",5,"Argentina"
"1036","ARG_text344","speaking",2,"Argentina"
"1037","ARG_text344","active_learning",2,"Argentina"
"1038","ARG_text345","science",3,"Argentina"
"1039","ARG_text345","speaking",1,"Argentina"
"1040","ARG_text345","active_learning",3,"Argentina"
"1041","ARG_text346","science",3,"Argentina"
"1042","ARG_text346","speaking",1,"Argentina"
"1043","ARG_text346","active_learning",2,"Argentina"
"1044","ARG_text346","critical_thinking",1,"Argentina"
"1045","ARG_text347","science",7,"Argentina"
"1046","ARG_text347","speaking",1,"Argentina"
"1047","ARG_text347","active_learning",2,"Argentina"
"1048","ARG_text348","science",1,"Argentina"
"1049","ARG_text348","speaking",1,"Argentina"
"1050","ARG_text348","active_learning",2,"Argentina"
"1051","ARG_text349","active_listening",1,"Argentina"
"1052","ARG_text349","science",4,"Argentina"
"1053","ARG_text349","speaking",1,"Argentina"
"1054","ARG_text349","active_learning",1,"Argentina"
"1055","ARG_text350","science",14,"Argentina"
"1056","ARG_text350","speaking",1,"Argentina"
"1057","ARG_text350","active_learning",2,"Argentina"
"1058","ARG_text350","learning_strategy",8,"Argentina"
"1059","ARG_text351","active_listening",1,"Argentina"
"1060","ARG_text351","science",3,"Argentina"
"1061","ARG_text351","speaking",1,"Argentina"
"1062","ARG_text351","active_learning",2,"Argentina"
"1063","ARG_text352","active_listening",2,"Argentina"
"1064","ARG_text352","science",1,"Argentina"
"1065","ARG_text352","speaking",1,"Argentina"
"1066","ARG_text352","active_learning",1,"Argentina"
"1067","ARG_text353","active_listening",1,"Argentina"
"1068","ARG_text353","science",17,"Argentina"
"1069","ARG_text353","speaking",1,"Argentina"
"1070","ARG_text353","active_learning",2,"Argentina"
"1071","ARG_text354","science",7,"Argentina"
"1072","ARG_text354","speaking",1,"Argentina"
"1073","ARG_text354","active_learning",1,"Argentina"
"1074","ARG_text355","science",10,"Argentina"
"1075","ARG_text355","speaking",1,"Argentina"
"1076","ARG_text355","active_learning",2,"Argentina"
"1077","ARG_text356","science",11,"Argentina"
"1078","ARG_text356","speaking",1,"Argentina"
"1079","ARG_text356","active_learning",2,"Argentina"
"1080","ARG_text357","science",6,"Argentina"
"1081","ARG_text357","speaking",1,"Argentina"
"1082","ARG_text357","active_learning",1,"Argentina"
"1083","ARG_text358","science",12,"Argentina"
"1084","ARG_text358","speaking",2,"Argentina"
"1085","ARG_text358","active_learning",2,"Argentina"
"1086","ARG_text359","science",2,"Argentina"
"1087","ARG_text359","speaking",1,"Argentina"
"1088","ARG_text359","active_learning",2,"Argentina"
"1089","ARG_text360","science",2,"Argentina"
"1090","ARG_text361","active_listening",2,"Argentina"
"1091","ARG_text361","science",13,"Argentina"
"1092","ARG_text361","active_learning",1,"Argentina"
"1093","ARG_text362","science",10,"Argentina"
"1094","ARG_text362","writing",1,"Argentina"
"1095","ARG_text363","active_listening",1,"Argentina"
"1096","ARG_text363","science",11,"Argentina"
"1097","ARG_text363","speaking",1,"Argentina"
"1098","ARG_text363","active_learning",1,"Argentina"
"1099","ARG_text364","science",3,"Argentina"
"1100","ARG_text365","active_listening",1,"Argentina"
"1101","ARG_text365","science",8,"Argentina"
"1102","ARG_text365","speaking",1,"Argentina"
"1103","ARG_text365","active_learning",1,"Argentina"
"1104","ARG_text366","science",6,"Argentina"
"1105","ARG_text366","critical_thinking",3,"Argentina"
"1106","ARG_text366","learning_strategy",1,"Argentina"
"1107","ARG_text367","science",3,"Argentina"
"1108","ARG_text367","monitoring",1,"Argentina"
"1109","ARG_text368","science",3,"Argentina"
"1110","ARG_text369","science",3,"Argentina"
"1111","ARG_text370","science",24,"Argentina"
"1112","ARG_text371","science",3,"Argentina"
"1113","ARG_text372","science",1,"Argentina"
"1114","ARG_text373","mathematics",1,"Argentina"
"1115","ARG_text373","science",6,"Argentina"
"1116","ARG_text374","active_listening",3,"Argentina"
"1117","ARG_text374","reading_comprehension",1,"Argentina"
"1118","ARG_text374","science",12,"Argentina"
"1119","ARG_text374","learning_strategy",3,"Argentina"
"1120","ARG_text374","monitoring",3,"Argentina"
"1121","ARG_text375","active_listening",1,"Argentina"
"1122","ARG_text375","science",4,"Argentina"
"1123","ARG_text376","active_listening",1,"Argentina"
"1124","ARG_text376","science",8,"Argentina"
"1125","ARG_text377","mathematics",1,"Argentina"
"1126","ARG_text377","science",9,"Argentina"
"1127","ARG_text377","speaking",1,"Argentina"
"1128","ARG_text377","active_learning",1,"Argentina"
"1129","ARG_text378","mathematics",10,"Argentina"
"1130","ARG_text378","science",5,"Argentina"
"1131","ARG_text379","active_listening",1,"Argentina"
"1132","ARG_text379","science",5,"Argentina"
"1133","ARG_text379","monitoring",1,"Argentina"
"1134","ARG_text380","science",3,"Argentina"
"1135","ARG_text380","monitoring",2,"Argentina"
"1136","ARG_text381","active_listening",1,"Argentina"
"1137","ARG_text381","science",5,"Argentina"
"1138","ARG_text381","active_learning",1,"Argentina"
"1139","ARG_text383","science",11,"Argentina"
"1140","ARG_text383","active_learning",1,"Argentina"
"1141","ARG_text384","active_listening",5,"Argentina"
"1142","ARG_text384","mathematics",2,"Argentina"
"1143","ARG_text384","science",24,"Argentina"
"1144","ARG_text384","writing",1,"Argentina"
"1145","ARG_text384","critical_thinking",1,"Argentina"
"1146","ARG_text384","learning_strategy",4,"Argentina"
"1147","ARG_text385","science",3,"Argentina"
"1148","ARG_text386","science",1,"Argentina"
"1149","ARG_text387","science",1,"Argentina"
"1150","ARG_text387","learning_strategy",1,"Argentina"
"1151","ARG_text388","science",3,"Argentina"
"1152","ARG_text389","science",2,"Argentina"
"1153","ARG_text389","speaking",1,"Argentina"
"1154","ARG_text389","critical_thinking",1,"Argentina"
"1155","ARG_text390","science",2,"Argentina"
"1156","ARG_text391","science",3,"Argentina"
"1157","ARG_text392","science",11,"Argentina"
"1158","ARG_text392","active_learning",1,"Argentina"
"1159","ARG_text393","science",24,"Argentina"
"1160","ARG_text394","mathematics",1,"Argentina"
"1161","ARG_text394","science",6,"Argentina"
"1162","ARG_text395","reading_comprehension",3,"Argentina"
"1163","ARG_text395","science",12,"Argentina"
"1164","ARG_text395","speaking",1,"Argentina"
"1165","ARG_text396","active_listening",1,"Argentina"
"1166","ARG_text396","science",6,"Argentina"
"1167","ARG_text397","active_listening",1,"Argentina"
"1168","ARG_text397","science",13,"Argentina"
"1169","ARG_text397","speaking",1,"Argentina"
"1170","ARG_text397","active_learning",1,"Argentina"
"1171","ARG_text397","critical_thinking",4,"Argentina"
"1172","ARG_text398","active_listening",2,"Argentina"
"1173","ARG_text398","science",9,"Argentina"
"1174","ARG_text399","active_listening",2,"Argentina"
"1175","ARG_text399","reading_comprehension",2,"Argentina"
"1176","ARG_text399","science",51,"Argentina"
"1177","ARG_text399","speaking",2,"Argentina"
"1178","ARG_text399","writing",6,"Argentina"
"1179","ARG_text399","critical_thinking",5,"Argentina"
"1180","ARG_text399","learning_strategy",2,"Argentina"
"1181","ARG_text399","monitoring",5,"Argentina"
"1182","ARG_text400","reading_comprehension",1,"Argentina"
"1183","ARG_text400","science",10,"Argentina"
"1184","ARG_text400","critical_thinking",2,"Argentina"
"1185","ARG_text401","active_listening",1,"Argentina"
"1186","ARG_text401","science",3,"Argentina"
"1187","ARG_text402","reading_comprehension",1,"Argentina"
"1188","ARG_text402","science",9,"Argentina"
"1189","ARG_text402","speaking",2,"Argentina"
"1190","ARG_text403","science",8,"Argentina"
"1191","ARG_text403","critical_thinking",1,"Argentina"
"1192","ARG_text404","science",11,"Argentina"
"1193","ARG_text404","active_learning",1,"Argentina"
"1194","ARG_text404","critical_thinking",1,"Argentina"
"1195","ARG_text404","monitoring",1,"Argentina"
"1196","ARG_text405","active_listening",1,"Argentina"
"1197","ARG_text405","science",7,"Argentina"
"1198","ARG_text405","monitoring",1,"Argentina"
"1199","ARG_text406","active_listening",1,"Argentina"
"1200","ARG_text406","mathematics",2,"Argentina"
"1201","ARG_text406","reading_comprehension",1,"Argentina"
"1202","ARG_text406","science",2,"Argentina"
"1203","ARG_text406","active_learning",1,"Argentina"
"1204","ARG_text406","learning_strategy",1,"Argentina"
"1205","ARG_text407","reading_comprehension",1,"Argentina"
"1206","ARG_text407","science",4,"Argentina"
"1207","ARG_text407","learning_strategy",2,"Argentina"
"1208","ARG_text408","reading_comprehension",1,"Argentina"
"1209","ARG_text408","science",2,"Argentina"
"1210","ARG_text408","learning_strategy",1,"Argentina"
"1211","ARG_text409","active_listening",2,"Argentina"
"1212","ARG_text409","science",13,"Argentina"
"1213","ARG_text409","active_learning",1,"Argentina"
"1214","ARG_text409","learning_strategy",1,"Argentina"
"1215","ARG_text410","active_listening",1,"Argentina"
"1216","ARG_text410","reading_comprehension",1,"Argentina"
"1217","ARG_text410","science",2,"Argentina"
"1218","ARG_text410","learning_strategy",1,"Argentina"
"1219","ARG_text411","science",5,"Argentina"
"1220","ARG_text411","critical_thinking",2,"Argentina"
"1221","ARG_text412","science",4,"Argentina"
"1222","ARG_text412","monitoring",1,"Argentina"
"1223","ARG_text413","active_listening",2,"Argentina"
"1224","ARG_text413","science",7,"Argentina"
"1225","ARG_text413","active_learning",1,"Argentina"
"1226","ARG_text413","critical_thinking",1,"Argentina"
"1227","ARG_text413","monitoring",1,"Argentina"
"1228","ARG_text414","active_listening",1,"Argentina"
"1229","ARG_text414","speaking",1,"Argentina"
"1230","ARG_text415","science",2,"Argentina"
"1231","ARG_text415","monitoring",1,"Argentina"
"1232","ARG_text416","active_listening",2,"Argentina"
"1233","ARG_text416","mathematics",1,"Argentina"
"1234","ARG_text416","science",4,"Argentina"
"1235","ARG_text416","active_learning",1,"Argentina"
"1236","ARG_text416","learning_strategy",1,"Argentina"
"1237","ARG_text416","monitoring",1,"Argentina"
"1238","ARG_text417","active_listening",3,"Argentina"
"1239","ARG_text417","reading_comprehension",1,"Argentina"
"1240","ARG_text417","science",8,"Argentina"
"1241","ARG_text417","writing",1,"Argentina"
"1242","ARG_text417","learning_strategy",1,"Argentina"
"1243","ARG_text417","monitoring",2,"Argentina"
"1244","ARG_text418","science",4,"Argentina"
"1245","ARG_text418","speaking",1,"Argentina"
"1246","ARG_text418","learning_strategy",1,"Argentina"
"1247","ARG_text419","active_listening",1,"Argentina"
"1248","ARG_text419","science",3,"Argentina"
"1249","ARG_text419","speaking",1,"Argentina"
"1250","ARG_text420","active_listening",1,"Argentina"
"1251","ARG_text420","science",24,"Argentina"
"1252","ARG_text420","speaking",1,"Argentina"
"1253","ARG_text420","active_learning",1,"Argentina"
"1254","ARG_text420","critical_thinking",1,"Argentina"
"1255","ARG_text421","active_listening",2,"Argentina"
"1256","ARG_text421","science",2,"Argentina"
"1257","ARG_text421","learning_strategy",1,"Argentina"
"1258","ARG_text421","monitoring",3,"Argentina"
"1259","ARG_text422","science",4,"Argentina"
"1260","ARG_text422","learning_strategy",1,"Argentina"
"1261","ARG_text422","monitoring",1,"Argentina"
"1262","ARG_text423","science",5,"Argentina"
"1263","ARG_text423","speaking",1,"Argentina"
"1264","ARG_text423","active_learning",1,"Argentina"
"1265","ARG_text424","science",11,"Argentina"
"1266","ARG_text425","reading_comprehension",1,"Argentina"
"1267","ARG_text425","science",19,"Argentina"
"1268","ARG_text425","critical_thinking",1,"Argentina"
"1269","ARG_text426","reading_comprehension",1,"Argentina"
"1270","ARG_text426","science",4,"Argentina"
"1271","ARG_text426","learning_strategy",1,"Argentina"
"1272","ARG_text427","mathematics",13,"Argentina"
"1273","ARG_text427","reading_comprehension",1,"Argentina"
"1274","ARG_text427","science",1,"Argentina"
"1275","ARG_text427","learning_strategy",1,"Argentina"
"1276","ARG_text428","reading_comprehension",1,"Argentina"
"1277","ARG_text428","science",2,"Argentina"
"1278","ARG_text428","learning_strategy",1,"Argentina"
"1279","ARG_text429","active_listening",1,"Argentina"
"1280","ARG_text429","science",15,"Argentina"
"1281","ARG_text430","reading_comprehension",2,"Argentina"
"1282","ARG_text430","science",11,"Argentina"
"1283","ARG_text430","speaking",2,"Argentina"
"1284","ARG_text430","writing",1,"Argentina"
"1285","ARG_text430","critical_thinking",1,"Argentina"
"1286","ARG_text431","science",2,"Argentina"
"1287","ARG_text431","speaking",2,"Argentina"
"1288","ARG_text432","science",7,"Argentina"
"1289","ARG_text432","speaking",2,"Argentina"
"1290","ARG_text433","science",5,"Argentina"
"1291","ARG_text433","speaking",2,"Argentina"
"1292","ARG_text434","science",6,"Argentina"
"1293","ARG_text434","speaking",2,"Argentina"
"1294","ARG_text435","science",7,"Argentina"
"1295","ARG_text435","speaking",4,"Argentina"
"1296","ARG_text435","writing",1,"Argentina"
"1297","ARG_text436","science",4,"Argentina"
"1298","ARG_text436","speaking",3,"Argentina"
"1299","ARG_text437","science",4,"Argentina"
"1300","ARG_text437","speaking",2,"Argentina"
"1301","ARG_text438","science",4,"Argentina"
"1302","ARG_text438","speaking",2,"Argentina"
"1303","ARG_text438","active_learning",1,"Argentina"
"1304","ARG_text439","active_listening",1,"Argentina"
"1305","ARG_text439","science",2,"Argentina"
"1306","ARG_text439","speaking",6,"Argentina"
"1307","ARG_text439","writing",1,"Argentina"
"1308","ARG_text440","science",3,"Argentina"
"1309","ARG_text440","speaking",6,"Argentina"
"1310","ARG_text440","critical_thinking",1,"Argentina"
"1311","ARG_text441","active_listening",6,"Argentina"
"1312","ARG_text441","science",8,"Argentina"
"1313","ARG_text441","speaking",2,"Argentina"
"1314","ARG_text441","writing",1,"Argentina"
"1315","ARG_text442","reading_comprehension",1,"Argentina"
"1316","ARG_text442","science",3,"Argentina"
"1317","ARG_text442","speaking",2,"Argentina"
"1318","ARG_text443","active_listening",1,"Argentina"
"1319","ARG_text443","science",6,"Argentina"
"1320","ARG_text443","speaking",3,"Argentina"
"1321","ARG_text444","science",3,"Argentina"
"1322","ARG_text444","speaking",2,"Argentina"
"1323","ARG_text445","science",3,"Argentina"
"1324","ARG_text445","speaking",2,"Argentina"
"1325","ARG_text446","science",3,"Argentina"
"1326","ARG_text446","speaking",2,"Argentina"
"1327","ARG_text447","science",4,"Argentina"
"1328","ARG_text447","speaking",2,"Argentina"
"1329","ARG_text448","science",4,"Argentina"
"1330","ARG_text448","speaking",2,"Argentina"
"1331","ARG_text449","science",9,"Argentina"
"1332","ARG_text449","speaking",3,"Argentina"
"1333","ARG_text449","learning_strategy",1,"Argentina"
"1334","ARG_text450","mathematics",1,"Argentina"
"1335","ARG_text450","reading_comprehension",1,"Argentina"
"1336","ARG_text450","science",2,"Argentina"
"1337","ARG_text450","speaking",2,"Argentina"
"1338","ARG_text451","science",6,"Argentina"
"1339","ARG_text451","speaking",3,"Argentina"
"1340","ARG_text451","monitoring",1,"Argentina"
"1341","ARG_text452","active_listening",1,"Argentina"
"1342","ARG_text452","mathematics",1,"Argentina"
"1343","ARG_text452","science",4,"Argentina"
"1344","ARG_text452","speaking",2,"Argentina"
"1345","ARG_text452","active_learning",1,"Argentina"
"1346","ARG_text453","science",3,"Argentina"
"1347","ARG_text453","speaking",2,"Argentina"
"1348","ARG_text454","science",2,"Argentina"
"1349","ARG_text454","speaking",2,"Argentina"
"1350","ARG_text455","science",2,"Argentina"
"1351","ARG_text455","speaking",2,"Argentina"
"1352","ARG_text456","reading_comprehension",1,"Argentina"
"1353","ARG_text456","science",3,"Argentina"
"1354","ARG_text456","speaking",2,"Argentina"
"1355","ARG_text457","active_listening",2,"Argentina"
"1356","ARG_text457","science",2,"Argentina"
"1357","ARG_text457","speaking",2,"Argentina"
"1358","ARG_text457","learning_strategy",9,"Argentina"
"1359","ARG_text458","science",2,"Argentina"
"1360","ARG_text458","speaking",2,"Argentina"
"1361","ARG_text459","science",2,"Argentina"
"1362","ARG_text459","speaking",2,"Argentina"
"1363","ARG_text460","science",2,"Argentina"
"1364","ARG_text460","speaking",2,"Argentina"
"1365","ARG_text461","science",2,"Argentina"
"1366","ARG_text461","speaking",2,"Argentina"
"1367","ARG_text462","active_listening",1,"Argentina"
"1368","ARG_text462","science",3,"Argentina"
"1369","ARG_text462","speaking",2,"Argentina"
"1370","ARG_text463","active_listening",1,"Argentina"
"1371","ARG_text463","science",18,"Argentina"
"1372","ARG_text463","speaking",2,"Argentina"
"1373","ARG_text463","writing",1,"Argentina"
"1374","ARG_text463","learning_strategy",2,"Argentina"
"1375","ARG_text464","science",6,"Argentina"
"1376","ARG_text464","speaking",2,"Argentina"
"1377","ARG_text465","science",4,"Argentina"
"1378","ARG_text465","speaking",2,"Argentina"
"1379","ARG_text466","active_listening",1,"Argentina"
"1380","ARG_text466","science",5,"Argentina"
"1381","ARG_text466","speaking",20,"Argentina"
"1382","ARG_text466","writing",1,"Argentina"
"1383","ARG_text467","reading_comprehension",1,"Argentina"
"1384","ARG_text467","science",8,"Argentina"
"1385","ARG_text467","speaking",2,"Argentina"
"1386","ARG_text467","critical_thinking",1,"Argentina"
"1387","ARG_text467","monitoring",1,"Argentina"
"1388","ARG_text468","science",19,"Argentina"
"1389","ARG_text468","speaking",2,"Argentina"
"1390","ARG_text468","writing",1,"Argentina"
"1391","ARG_text469","science",9,"Argentina"
"1392","ARG_text469","speaking",3,"Argentina"
"1393","ARG_text469","critical_thinking",1,"Argentina"
"1394","ARG_text470","active_listening",2,"Argentina"
"1395","ARG_text470","reading_comprehension",8,"Argentina"
"1396","ARG_text470","science",43,"Argentina"
"1397","ARG_text470","speaking",4,"Argentina"
"1398","ARG_text470","writing",1,"Argentina"
"1399","ARG_text470","critical_thinking",1,"Argentina"
"1400","ARG_text470","learning_strategy",2,"Argentina"
"1401","ARG_text470","monitoring",1,"Argentina"
"1402","ARG_text471","science",8,"Argentina"
"1403","ARG_text471","speaking",4,"Argentina"
"1404","ARG_text471","writing",1,"Argentina"
"1405","ARG_text472","reading_comprehension",1,"Argentina"
"1406","ARG_text472","science",36,"Argentina"
"1407","ARG_text472","speaking",3,"Argentina"
"1408","ARG_text472","writing",1,"Argentina"
"1409","ARG_text472","learning_strategy",7,"Argentina"
"1410","ARG_text472","monitoring",2,"Argentina"
"1411","ARG_text473","active_listening",3,"Argentina"
"1412","ARG_text473","reading_comprehension",7,"Argentina"
"1413","ARG_text473","science",40,"Argentina"
"1414","ARG_text473","speaking",6,"Argentina"
"1415","ARG_text473","writing",2,"Argentina"
"1416","ARG_text473","critical_thinking",1,"Argentina"
"1417","ARG_text473","learning_strategy",2,"Argentina"
"1418","ARG_text473","monitoring",2,"Argentina"
"1419","ARG_text474","active_listening",2,"Argentina"
"1420","ARG_text474","science",14,"Argentina"
"1421","ARG_text474","speaking",3,"Argentina"
"1422","ARG_text474","writing",1,"Argentina"
"1423","ARG_text474","critical_thinking",1,"Argentina"
"1424","ARG_text475","active_listening",6,"Argentina"
"1425","ARG_text475","science",44,"Argentina"
"1426","ARG_text475","speaking",5,"Argentina"
"1427","ARG_text475","active_learning",1,"Argentina"
"1428","ARG_text475","critical_thinking",1,"Argentina"
"1429","ARG_text475","monitoring",1,"Argentina"
"1430","ARG_text476","active_listening",2,"Argentina"
"1431","ARG_text476","science",7,"Argentina"
"1432","ARG_text476","speaking",3,"Argentina"
"1433","ARG_text477","active_listening",3,"Argentina"
"1434","ARG_text477","mathematics",1,"Argentina"
"1435","ARG_text477","science",14,"Argentina"
"1436","ARG_text477","speaking",3,"Argentina"
"1437","ARG_text477","learning_strategy",2,"Argentina"
"1438","ARG_text478","active_listening",2,"Argentina"
"1439","ARG_text478","science",5,"Argentina"
"1440","ARG_text478","speaking",6,"Argentina"
"1441","ARG_text478","critical_thinking",2,"Argentina"
"1442","ARG_text478","learning_strategy",6,"Argentina"
"1443","ARG_text479","science",6,"Argentina"
"1444","ARG_text479","speaking",3,"Argentina"
"1445","ARG_text479","writing",1,"Argentina"
"1446","ARG_text480","science",10,"Argentina"
"1447","ARG_text480","speaking",4,"Argentina"
"1448","ARG_text480","writing",1,"Argentina"
"1449","ARG_text480","learning_strategy",1,"Argentina"
"1450","ARG_text480","monitoring",1,"Argentina"
"1451","ARG_text481","science",13,"Argentina"
"1452","ARG_text481","speaking",4,"Argentina"
"1453","ARG_text481","monitoring",1,"Argentina"
"1454","ARG_text482","science",12,"Argentina"
"1455","ARG_text482","speaking",4,"Argentina"
"1456","ARG_text482","writing",1,"Argentina"
"1457","ARG_text482","learning_strategy",3,"Argentina"
"1458","ARG_text482","monitoring",2,"Argentina"
"1459","ARG_text483","active_listening",4,"Argentina"
"1460","ARG_text483","reading_comprehension",1,"Argentina"
"1461","ARG_text483","science",13,"Argentina"
"1462","ARG_text483","speaking",3,"Argentina"
"1463","ARG_text483","active_learning",1,"Argentina"
"1464","ARG_text483","critical_thinking",1,"Argentina"
"1465","ARG_text483","learning_strategy",10,"Argentina"
"1466","ARG_text483","monitoring",5,"Argentina"
"1467","ARG_text484","reading_comprehension",1,"Argentina"
"1468","ARG_text484","science",5,"Argentina"
"1469","ARG_text484","speaking",3,"Argentina"
"1470","ARG_text484","writing",1,"Argentina"
"1471","ARG_text484","learning_strategy",6,"Argentina"
"1472","ARG_text485","active_listening",2,"Argentina"
"1473","ARG_text485","science",6,"Argentina"
"1474","ARG_text485","speaking",3,"Argentina"
"1475","ARG_text485","writing",3,"Argentina"
"1476","ARG_text485","active_learning",1,"Argentina"
"1477","ARG_text485","critical_thinking",1,"Argentina"
"1478","ARG_text485","learning_strategy",2,"Argentina"
"1479","ARG_text486","science",6,"Argentina"
"1480","ARG_text486","speaking",3,"Argentina"
"1481","ARG_text486","writing",1,"Argentina"
"1482","ARG_text486","monitoring",1,"Argentina"
"1483","ARG_text487","active_listening",1,"Argentina"
"1484","ARG_text487","reading_comprehension",10,"Argentina"
"1485","ARG_text487","science",54,"Argentina"
"1486","ARG_text487","speaking",5,"Argentina"
"1487","ARG_text487","writing",2,"Argentina"
"1488","ARG_text487","active_learning",1,"Argentina"
"1489","ARG_text487","critical_thinking",5,"Argentina"
"1490","ARG_text487","learning_strategy",5,"Argentina"
"1491","ARG_text487","monitoring",4,"Argentina"
"1492","ARG_text488","active_listening",2,"Argentina"
"1493","ARG_text488","reading_comprehension",11,"Argentina"
"1494","ARG_text488","science",71,"Argentina"
"1495","ARG_text488","speaking",7,"Argentina"
"1496","ARG_text488","writing",2,"Argentina"
"1497","ARG_text488","learning_strategy",1,"Argentina"
"1498","ARG_text489","active_listening",1,"Argentina"
"1499","ARG_text489","reading_comprehension",8,"Argentina"
"1500","ARG_text489","science",49,"Argentina"
"1501","ARG_text489","speaking",4,"Argentina"
"1502","ARG_text489","writing",1,"Argentina"
"1503","ARG_text489","critical_thinking",2,"Argentina"
"1504","ARG_text489","learning_strategy",1,"Argentina"
"1505","ARG_text490","active_listening",1,"Argentina"
"1506","ARG_text490","reading_comprehension",1,"Argentina"
"1507","ARG_text490","science",18,"Argentina"
"1508","ARG_text490","speaking",8,"Argentina"
"1509","ARG_text490","critical_thinking",4,"Argentina"
"1510","ARG_text490","learning_strategy",1,"Argentina"
"1511","ARG_text490","monitoring",4,"Argentina"
"1512","ARG_text491","science",12,"Argentina"
"1513","ARG_text491","speaking",36,"Argentina"
"1514","ARG_text491","writing",1,"Argentina"
"1515","ARG_text491","critical_thinking",1,"Argentina"
"1516","ARG_text491","monitoring",4,"Argentina"
"1517","ARG_text492","active_listening",1,"Argentina"
"1518","ARG_text492","reading_comprehension",11,"Argentina"
"1519","ARG_text492","science",30,"Argentina"
"1520","ARG_text492","speaking",8,"Argentina"
"1521","ARG_text492","writing",4,"Argentina"
"1522","ARG_text492","critical_thinking",1,"Argentina"
"1523","ARG_text492","learning_strategy",4,"Argentina"
"1524","ARG_text492","monitoring",5,"Argentina"
"1525","ARG_text493","reading_comprehension",1,"Argentina"
"1526","ARG_text493","science",15,"Argentina"
"1527","ARG_text493","speaking",3,"Argentina"
"1528","ARG_text493","writing",1,"Argentina"
"1529","ARG_text493","critical_thinking",1,"Argentina"
"1530","ARG_text493","learning_strategy",2,"Argentina"
"1531","ARG_text494","reading_comprehension",2,"Argentina"
"1532","ARG_text494","science",9,"Argentina"
"1533","ARG_text494","active_learning",1,"Argentina"
"1534","ARG_text494","monitoring",1,"Argentina"
"1535","ARG_text495","active_listening",1,"Argentina"
"1536","ARG_text495","science",4,"Argentina"
"1537","ARG_text495","speaking",1,"Argentina"
"1538","ARG_text496","science",6,"Argentina"
"1539","ARG_text497","science",5,"Argentina"
"1540","ARG_text498","science",4,"Argentina"
"1541","ARG_text498","monitoring",1,"Argentina"
"1542","ARG_text499","science",3,"Argentina"
"1543","ARG_text500","science",3,"Argentina"
"1544","ARG_text501","science",2,"Argentina"
"1545","ARG_text502","science",2,"Argentina"
"1546","ARG_text503","science",2,"Argentina"
"1547","ARG_text504","science",1,"Argentina"
"1548","ARG_text505","active_listening",2,"Argentina"
"1549","ARG_text505","science",1,"Argentina"
"1550","ARG_text505","active_learning",1,"Argentina"
"1551","ARG_text505","monitoring",1,"Argentina"
"1552","ARG_text506","science",1,"Argentina"
"1553","ARG_text507","science",4,"Argentina"
"1554","ARG_text508","reading_comprehension",3,"Argentina"
"1555","ARG_text508","science",13,"Argentina"
"1556","ARG_text509","science",1,"Argentina"
"1557","ARG_text509","speaking",3,"Argentina"
"1558","ARG_text509","monitoring",1,"Argentina"
"1559","ARG_text510","active_listening",1,"Argentina"
"1560","ARG_text510","active_learning",1,"Argentina"
"1561","ARG_text510","monitoring",1,"Argentina"
"1562","ARG_text511","active_listening",1,"Argentina"
"1563","ARG_text511","science",14,"Argentina"
"1564","ARG_text511","active_learning",1,"Argentina"
"1565","ARG_text512","science",21,"Argentina"
"1566","ARG_text513","active_listening",1,"Argentina"
"1567","ARG_text513","science",14,"Argentina"
"1568","ARG_text513","speaking",1,"Argentina"
"1569","ARG_text513","active_learning",1,"Argentina"
"1570","ARG_text513","learning_strategy",3,"Argentina"
"1571","ARG_text514","active_listening",1,"Argentina"
"1572","ARG_text514","science",4,"Argentina"
"1573","ARG_text514","active_learning",1,"Argentina"
"1574","ARG_text514","monitoring",1,"Argentina"
"1575","BRA_text1","science",3,"Brazil"
"1576","BRA_text1","monitoring",1,"Brazil"
"1577","BRA_text2","science",1,"Brazil"
"1578","BRA_text2","active_learning",1,"Brazil"
"1579","BRA_text2","monitoring",1,"Brazil"
"1580","BRA_text3","active_listening",1,"Brazil"
"1581","BRA_text3","science",10,"Brazil"
"1582","BRA_text3","monitoring",2,"Brazil"
"1583","BRA_text4","monitoring",2,"Brazil"
"1584","BRA_text5","reading_comprehension",1,"Brazil"
"1585","BRA_text5","speaking",1,"Brazil"
"1586","BRA_text6","reading_comprehension",1,"Brazil"
"1587","BRA_text6","speaking",1,"Brazil"
"1588","BRA_text7","science",2,"Brazil"
"1589","BRA_text8","science",2,"Brazil"
"1590","BRA_text9","science",1,"Brazil"
"1591","BRA_text10","reading_comprehension",2,"Brazil"
"1592","BRA_text10","science",13,"Brazil"
"1593","BRA_text11","active_listening",2,"Brazil"
"1594","BRA_text11","reading_comprehension",3,"Brazil"
"1595","BRA_text11","science",22,"Brazil"
"1596","BRA_text11","active_learning",1,"Brazil"
"1597","BRA_text11","learning_strategy",1,"Brazil"
"1598","BRA_text11","monitoring",1,"Brazil"
"1599","BRA_text12","reading_comprehension",1,"Brazil"
"1600","BRA_text12","science",10,"Brazil"
"1601","BRA_text12","learning_strategy",1,"Brazil"
"1602","BRA_text13","active_listening",2,"Brazil"
"1603","BRA_text13","science",15,"Brazil"
"1604","BRA_text13","active_learning",2,"Brazil"
"1605","BRA_text14","science",2,"Brazil"
"1606","BRA_text15","science",1,"Brazil"
"1607","BRA_text15","speaking",1,"Brazil"
"1608","BRA_text16","science",2,"Brazil"
"1609","BRA_text17","active_listening",1,"Brazil"
"1610","BRA_text17","science",2,"Brazil"
"1611","BRA_text17","active_learning",1,"Brazil"
"1612","BRA_text18","science",3,"Brazil"
"1613","BRA_text18","speaking",1,"Brazil"
"1614","BRA_text19","science",3,"Brazil"
"1615","BRA_text19","learning_strategy",3,"Brazil"
"1616","BRA_text19","monitoring",1,"Brazil"
"1617","BRA_text20","active_listening",1,"Brazil"
"1618","BRA_text20","reading_comprehension",1,"Brazil"
"1619","BRA_text20","science",2,"Brazil"
"1620","BRA_text21","science",2,"Brazil"
"1621","BRA_text21","learning_strategy",1,"Brazil"
"1622","BRA_text22","active_listening",5,"Brazil"
"1623","BRA_text22","science",3,"Brazil"
"1624","BRA_text22","speaking",1,"Brazil"
"1625","BRA_text23","science",3,"Brazil"
"1626","BRA_text23","speaking",1,"Brazil"
"1627","BRA_text23","monitoring",1,"Brazil"
"1628","BRA_text24","active_listening",4,"Brazil"
"1629","BRA_text24","reading_comprehension",1,"Brazil"
"1630","BRA_text24","learning_strategy",1,"Brazil"
"1631","BRA_text25","active_listening",2,"Brazil"
"1632","BRA_text25","reading_comprehension",1,"Brazil"
"1633","BRA_text25","science",9,"Brazil"
"1634","BRA_text25","speaking",3,"Brazil"
"1635","BRA_text26","active_listening",2,"Brazil"
"1636","BRA_text26","reading_comprehension",1,"Brazil"
"1637","BRA_text26","science",5,"Brazil"
"1638","BRA_text26","speaking",2,"Brazil"
"1639","BRA_text27","active_listening",2,"Brazil"
"1640","BRA_text27","mathematics",10,"Brazil"
"1641","BRA_text27","reading_comprehension",1,"Brazil"
"1642","BRA_text27","science",16,"Brazil"
"1643","BRA_text27","speaking",3,"Brazil"
"1644","BRA_text27","learning_strategy",1,"Brazil"
"1645","BRA_text28","active_listening",2,"Brazil"
"1646","BRA_text28","mathematics",1,"Brazil"
"1647","BRA_text28","reading_comprehension",1,"Brazil"
"1648","BRA_text28","science",11,"Brazil"
"1649","BRA_text28","speaking",2,"Brazil"
"1650","BRA_text28","learning_strategy",2,"Brazil"
"1651","BRA_text29","active_listening",2,"Brazil"
"1652","BRA_text29","reading_comprehension",1,"Brazil"
"1653","BRA_text29","science",12,"Brazil"
"1654","BRA_text29","speaking",2,"Brazil"
"1655","BRA_text29","monitoring",1,"Brazil"
"1656","BRA_text30","active_listening",2,"Brazil"
"1657","BRA_text30","reading_comprehension",1,"Brazil"
"1658","BRA_text30","science",13,"Brazil"
"1659","BRA_text30","speaking",3,"Brazil"
"1660","BRA_text30","active_learning",1,"Brazil"
"1661","BRA_text31","active_listening",2,"Brazil"
"1662","BRA_text31","reading_comprehension",1,"Brazil"
"1663","BRA_text31","science",10,"Brazil"
"1664","BRA_text31","speaking",3,"Brazil"
"1665","BRA_text32","reading_comprehension",1,"Brazil"
"1666","BRA_text32","science",2,"Brazil"
"1667","BRA_text33","reading_comprehension",1,"Brazil"
"1668","BRA_text33","science",1,"Brazil"
"1669","BRA_text34","reading_comprehension",1,"Brazil"
"1670","BRA_text34","science",1,"Brazil"
"1671","BRA_text34","speaking",3,"Brazil"
"1672","BRA_text34","critical_thinking",1,"Brazil"
"1673","BRA_text35","science",16,"Brazil"
"1674","BRA_text35","speaking",1,"Brazil"
"1675","BRA_text35","active_learning",1,"Brazil"
"1676","BRA_text36","science",1,"Brazil"
"1677","BRA_text36","active_learning",2,"Brazil"
"1678","BRA_text37","active_listening",1,"Brazil"
"1679","BRA_text37","science",1,"Brazil"
"1680","BRA_text37","speaking",1,"Brazil"
"1681","BRA_text37","learning_strategy",4,"Brazil"
"1682","BRA_text38","science",4,"Brazil"
"1683","BRA_text39","active_listening",5,"Brazil"
"1684","BRA_text39","reading_comprehension",4,"Brazil"
"1685","BRA_text39","science",13,"Brazil"
"1686","BRA_text39","speaking",1,"Brazil"
"1687","BRA_text39","active_learning",2,"Brazil"
"1688","BRA_text39","learning_strategy",2,"Brazil"
"1689","BRA_text40","science",1,"Brazil"
"1690","BRA_text41","science",1,"Brazil"
"1691","BRA_text41","learning_strategy",2,"Brazil"
"1692","BRA_text42","reading_comprehension",1,"Brazil"
"1693","BRA_text43","science",1,"Brazil"
"1694","BRA_text45","active_listening",2,"Brazil"
"1695","BRA_text45","reading_comprehension",4,"Brazil"
"1696","BRA_text45","science",8,"Brazil"
"1697","BRA_text45","speaking",2,"Brazil"
"1698","BRA_text45","writing",1,"Brazil"
"1699","BRA_text45","active_learning",5,"Brazil"
"1700","BRA_text45","critical_thinking",1,"Brazil"
"1701","BRA_text45","learning_strategy",7,"Brazil"
"1702","BRA_text45","monitoring",2,"Brazil"
"1703","BRA_text46","reading_comprehension",1,"Brazil"
"1704","BRA_text46","science",2,"Brazil"
"1705","BRA_text47","reading_comprehension",1,"Brazil"
"1706","BRA_text47","science",6,"Brazil"
"1707","BRA_text47","speaking",1,"Brazil"
"1708","BRA_text47","monitoring",1,"Brazil"
"1709","BRA_text48","active_listening",2,"Brazil"
"1710","BRA_text48","reading_comprehension",1,"Brazil"
"1711","BRA_text48","science",5,"Brazil"
"1712","BRA_text48","monitoring",1,"Brazil"
"1713","BRA_text49","mathematics",1,"Brazil"
"1714","BRA_text49","reading_comprehension",1,"Brazil"
"1715","BRA_text49","science",6,"Brazil"
"1716","BRA_text49","critical_thinking",1,"Brazil"
"1717","BRA_text49","monitoring",1,"Brazil"
"1718","BRA_text50","active_listening",2,"Brazil"
"1719","BRA_text50","reading_comprehension",3,"Brazil"
"1720","BRA_text50","science",5,"Brazil"
"1721","BRA_text50","speaking",3,"Brazil"
"1722","BRA_text50","active_learning",3,"Brazil"
"1723","BRA_text50","critical_thinking",3,"Brazil"
"1724","BRA_text50","learning_strategy",1,"Brazil"
"1725","BRA_text51","active_listening",1,"Brazil"
"1726","BRA_text51","science",3,"Brazil"
"1727","BRA_text51","learning_strategy",1,"Brazil"
"1728","BRA_text52","active_listening",2,"Brazil"
"1729","BRA_text52","science",3,"Brazil"
"1730","BRA_text52","speaking",2,"Brazil"
"1731","BRA_text52","active_learning",2,"Brazil"
"1732","BRA_text53","science",5,"Brazil"
"1733","BRA_text53","speaking",1,"Brazil"
"1734","BRA_text54","science",1,"Brazil"
"1735","BRA_text55","science",2,"Brazil"
"1736","BRA_text55","speaking",1,"Brazil"
"1737","BRA_text56","science",1,"Brazil"
"1738","BRA_text56","speaking",1,"Brazil"
"1739","BRA_text57","science",19,"Brazil"
"1740","BRA_text57","speaking",1,"Brazil"
"1741","BRA_text58","active_listening",1,"Brazil"
"1742","BRA_text58","reading_comprehension",1,"Brazil"
"1743","BRA_text58","science",4,"Brazil"
"1744","BRA_text58","speaking",1,"Brazil"
"1745","BRA_text59","active_listening",1,"Brazil"
"1746","BRA_text59","science",2,"Brazil"
"1747","BRA_text59","speaking",3,"Brazil"
"1748","BRA_text60","active_listening",2,"Brazil"
"1749","BRA_text60","speaking",1,"Brazil"
"1750","BRA_text60","active_learning",1,"Brazil"
"1751","BRA_text61","active_listening",1,"Brazil"
"1752","BRA_text61","speaking",1,"Brazil"
"1753","BRA_text62","active_listening",1,"Brazil"
"1754","BRA_text62","science",10,"Brazil"
"1755","BRA_text62","speaking",1,"Brazil"
"1756","BRA_text62","critical_thinking",1,"Brazil"
"1757","BRA_text63","active_listening",2,"Brazil"
"1758","BRA_text63","science",1,"Brazil"
"1759","BRA_text63","speaking",2,"Brazil"
"1760","BRA_text63","learning_strategy",1,"Brazil"
"1761","BRA_text64","science",2,"Brazil"
"1762","BRA_text64","speaking",1,"Brazil"
"1763","BRA_text65","science",14,"Brazil"
"1764","BRA_text66","active_listening",1,"Brazil"
"1765","BRA_text66","science",1,"Brazil"
"1766","BRA_text66","active_learning",1,"Brazil"
"1767","BRA_text67","active_learning",2,"Brazil"
"1768","BRA_text68","science",1,"Brazil"
"1769","BRA_text71","science",1,"Brazil"
"1770","BRA_text73","science",11,"Brazil"
"1771","BRA_text73","monitoring",2,"Brazil"
"1772","BRA_text74","science",1,"Brazil"
"1773","BRA_text75","science",2,"Brazil"
"1774","BRA_text75","active_learning",1,"Brazil"
"1775","BRA_text76","science",2,"Brazil"
"1776","BRA_text77","science",1,"Brazil"
"1777","BRA_text78","science",2,"Brazil"
"1778","BRA_text78","learning_strategy",2,"Brazil"
"1779","BRA_text79","active_listening",2,"Brazil"
"1780","BRA_text79","reading_comprehension",1,"Brazil"
"1781","BRA_text79","critical_thinking",1,"Brazil"
"1782","BRA_text80","science",3,"Brazil"
"1783","BRA_text82","active_listening",1,"Brazil"
"1784","BRA_text82","reading_comprehension",1,"Brazil"
"1785","BRA_text83","science",2,"Brazil"
"1786","BRA_text84","active_listening",2,"Brazil"
"1787","BRA_text84","reading_comprehension",2,"Brazil"
"1788","BRA_text84","science",3,"Brazil"
"1789","BRA_text85","reading_comprehension",2,"Brazil"
"1790","BRA_text85","science",3,"Brazil"
"1791","BRA_text86","science",8,"Brazil"
"1792","BRA_text86","speaking",1,"Brazil"
"1793","BRA_text87","science",9,"Brazil"
"1794","BRA_text87","monitoring",5,"Brazil"
"1795","BRA_text88","science",2,"Brazil"
"1796","BRA_text88","speaking",1,"Brazil"
"1797","BRA_text89","reading_comprehension",4,"Brazil"
"1798","BRA_text89","learning_strategy",1,"Brazil"
"1799","BRA_text90","science",1,"Brazil"
"1800","BRA_text90","speaking",1,"Brazil"
"1801","BRA_text90","learning_strategy",3,"Brazil"
"1802","BRA_text91","science",1,"Brazil"
"1803","BRA_text91","speaking",1,"Brazil"
"1804","BRA_text92","reading_comprehension",7,"Brazil"
"1805","BRA_text92","science",14,"Brazil"
"1806","BRA_text92","speaking",5,"Brazil"
"1807","BRA_text92","active_learning",9,"Brazil"
"1808","BRA_text92","learning_strategy",3,"Brazil"
"1809","BRA_text92","monitoring",9,"Brazil"
"1810","BRA_text93","science",1,"Brazil"
"1811","BRA_text94","science",2,"Brazil"
"1812","BRA_text95","active_listening",2,"Brazil"
"1813","BRA_text95","science",1,"Brazil"
"1814","BRA_text97","science",2,"Brazil"
"1815","BRA_text97","speaking",1,"Brazil"
"1816","BRA_text98","science",2,"Brazil"
"1817","BRA_text99","science",5,"Brazil"
"1818","BRA_text99","active_learning",1,"Brazil"
"1819","BRA_text100","reading_comprehension",1,"Brazil"
"1820","BRA_text100","science",2,"Brazil"
"1821","BRA_text101","science",1,"Brazil"
"1822","BRA_text101","speaking",1,"Brazil"
"1823","BRA_text102","science",2,"Brazil"
"1824","BRA_text103","reading_comprehension",68,"Brazil"
"1825","BRA_text103","science",4,"Brazil"
"1826","BRA_text103","writing",3,"Brazil"
"1827","BRA_text103","active_learning",1,"Brazil"
"1828","BRA_text103","monitoring",3,"Brazil"
"1829","BRA_text104","reading_comprehension",1,"Brazil"
"1830","BRA_text104","science",1,"Brazil"
"1831","BRA_text104","speaking",1,"Brazil"
"1832","BRA_text105","science",2,"Brazil"
"1833","BRA_text106","speaking",20,"Brazil"
"1834","BRA_text106","active_learning",1,"Brazil"
"1835","BRA_text106","learning_strategy",1,"Brazil"
"1836","BRA_text107","science",1,"Brazil"
"1837","BRA_text107","speaking",20,"Brazil"
"1838","BRA_text107","learning_strategy",2,"Brazil"
"1839","BRA_text108","science",2,"Brazil"
"1840","BRA_text108","active_learning",1,"Brazil"
"1841","BRA_text108","learning_strategy",1,"Brazil"
"1842","BRA_text109","active_listening",1,"Brazil"
"1843","BRA_text109","science",3,"Brazil"
"1844","BRA_text109","active_learning",2,"Brazil"
"1845","BRA_text110","active_listening",1,"Brazil"
"1846","BRA_text110","science",4,"Brazil"
"1847","BRA_text110","writing",1,"Brazil"
"1848","BRA_text111","science",12,"Brazil"
"1849","BRA_text112","science",2,"Brazil"
"1850","BRA_text113","science",9,"Brazil"
"1851","BRA_text113","speaking",1,"Brazil"
"1852","BRA_text113","monitoring",1,"Brazil"
"1853","BRA_text114","active_listening",1,"Brazil"
"1854","BRA_text114","reading_comprehension",3,"Brazil"
"1855","BRA_text114","speaking",1,"Brazil"
"1856","BRA_text114","monitoring",2,"Brazil"
"1857","BRA_text115","active_listening",2,"Brazil"
"1858","BRA_text115","reading_comprehension",1,"Brazil"
"1859","BRA_text115","science",27,"Brazil"
"1860","BRA_text115","active_learning",1,"Brazil"
"1861","BRA_text115","critical_thinking",1,"Brazil"
"1862","BRA_text115","learning_strategy",2,"Brazil"
"1863","BRA_text115","monitoring",1,"Brazil"
"1864","BRA_text117","science",16,"Brazil"
"1865","BRA_text117","critical_thinking",1,"Brazil"
"1866","BRA_text117","monitoring",2,"Brazil"
"1867","BRA_text118","science",2,"Brazil"
"1868","BRA_text118","critical_thinking",1,"Brazil"
"1869","BRA_text119","active_listening",2,"Brazil"
"1870","BRA_text119","science",3,"Brazil"
"1871","BRA_text119","active_learning",2,"Brazil"
"1872","BRA_text120","science",6,"Brazil"
"1873","BRA_text121","mathematics",1,"Brazil"
"1874","BRA_text121","science",3,"Brazil"
"1875","BRA_text122","reading_comprehension",4,"Brazil"
"1876","BRA_text122","science",7,"Brazil"
"1877","BRA_text122","learning_strategy",4,"Brazil"
"1878","BRA_text123","active_listening",2,"Brazil"
"1879","BRA_text123","science",4,"Brazil"
"1880","BRA_text123","active_learning",2,"Brazil"
"1881","BRA_text124","science",2,"Brazil"
"1882","BRA_text125","active_listening",1,"Brazil"
"1883","BRA_text125","reading_comprehension",1,"Brazil"
"1884","BRA_text125","science",6,"Brazil"
"1885","BRA_text125","speaking",1,"Brazil"
"1886","BRA_text126","mathematics",20,"Brazil"
"1887","BRA_text127","active_listening",1,"Brazil"
"1888","BRA_text127","science",2,"Brazil"
"1889","BRA_text127","monitoring",2,"Brazil"
"1890","BRA_text128","science",2,"Brazil"
"1891","BRA_text129","science",2,"Brazil"
"1892","BRA_text131","reading_comprehension",1,"Brazil"
"1893","BRA_text131","science",1,"Brazil"
"1894","BRA_text132","active_listening",1,"Brazil"
"1895","BRA_text133","active_listening",1,"Brazil"
"1896","BRA_text133","science",2,"Brazil"
"1897","BRA_text133","speaking",2,"Brazil"
"1898","BRA_text133","active_learning",1,"Brazil"
"1899","BRA_text134","mathematics",1,"Brazil"
"1900","BRA_text134","science",2,"Brazil"
"1901","BRA_text134","speaking",1,"Brazil"
"1902","BRA_text135","reading_comprehension",2,"Brazil"
"1903","BRA_text135","science",4,"Brazil"
"1904","BRA_text135","speaking",1,"Brazil"
"1905","BRA_text136","speaking",1,"Brazil"
"1906","BRA_text137","reading_comprehension",1,"Brazil"
"1907","BRA_text137","science",9,"Brazil"
"1908","BRA_text137","speaking",1,"Brazil"
"1909","BRA_text138","science",4,"Brazil"
"1910","BRA_text138","speaking",1,"Brazil"
"1911","BRA_text139","active_listening",1,"Brazil"
"1912","BRA_text139","science",4,"Brazil"
"1913","BRA_text139","speaking",2,"Brazil"
"1914","BRA_text139","active_learning",2,"Brazil"
"1915","BRA_text140","reading_comprehension",2,"Brazil"
"1916","BRA_text140","science",4,"Brazil"
"1917","BRA_text140","speaking",1,"Brazil"
"1918","BRA_text141","active_listening",1,"Brazil"
"1919","BRA_text141","science",3,"Brazil"
"1920","BRA_text141","active_learning",1,"Brazil"
"1921","BRA_text142","reading_comprehension",1,"Brazil"
"1922","BRA_text142","science",2,"Brazil"
"1923","BRA_text142","speaking",2,"Brazil"
"1924","BRA_text142","active_learning",1,"Brazil"
"1925","BRA_text142","monitoring",1,"Brazil"
"1926","BRA_text143","mathematics",8,"Brazil"
"1927","BRA_text143","science",1,"Brazil"
"1928","BRA_text144","science",25,"Brazil"
"1929","BRA_text144","speaking",1,"Brazil"
"1930","BRA_text144","writing",2,"Brazil"
"1931","BRA_text145","reading_comprehension",1,"Brazil"
"1932","BRA_text145","science",1,"Brazil"
"1933","BRA_text146","science",10,"Brazil"
"1934","BRA_text146","speaking",1,"Brazil"
"1935","BRA_text147","science",1,"Brazil"
"1936","BRA_text147","speaking",1,"Brazil"
"1937","BRA_text147","monitoring",1,"Brazil"
"1938","BRA_text148","science",1,"Brazil"
"1939","BRA_text149","reading_comprehension",1,"Brazil"
"1940","BRA_text149","science",1,"Brazil"
"1941","BRA_text149","speaking",1,"Brazil"
"1942","BRA_text150","reading_comprehension",3,"Brazil"
"1943","BRA_text151","reading_comprehension",1,"Brazil"
"1944","BRA_text151","monitoring",1,"Brazil"
"1945","BRA_text152","reading_comprehension",2,"Brazil"
"1946","BRA_text152","science",2,"Brazil"
"1947","BRA_text153","reading_comprehension",4,"Brazil"
"1948","BRA_text153","speaking",1,"Brazil"
"1949","BRA_text154","science",1,"Brazil"
"1950","BRA_text154","monitoring",1,"Brazil"
"1951","BRA_text155","science",4,"Brazil"
"1952","BRA_text155","critical_thinking",1,"Brazil"
"1953","BRA_text156","science",6,"Brazil"
"1954","BRA_text157","science",1,"Brazil"
"1955","BRA_text157","speaking",1,"Brazil"
"1956","BRA_text157","monitoring",1,"Brazil"
"1957","BRA_text158","science",8,"Brazil"
"1958","BRA_text158","speaking",1,"Brazil"
"1959","BRA_text159","science",1,"Brazil"
"1960","BRA_text159","speaking",9,"Brazil"
"1961","BRA_text160","mathematics",13,"Brazil"
"1962","BRA_text160","science",24,"Brazil"
"1963","BRA_text160","speaking",1,"Brazil"
"1964","BRA_text160","monitoring",1,"Brazil"
"1965","BRA_text161","science",2,"Brazil"
"1966","BRA_text162","science",15,"Brazil"
"1967","BRA_text162","speaking",1,"Brazil"
"1968","BRA_text162","active_learning",1,"Brazil"
"1969","BRA_text163","science",14,"Brazil"
"1970","BRA_text163","speaking",1,"Brazil"
"1971","BRA_text164","science",10,"Brazil"
"1972","BRA_text164","speaking",2,"Brazil"
"1973","BRA_text164","learning_strategy",1,"Brazil"
"1974","BRA_text165","science",8,"Brazil"
"1975","BRA_text165","speaking",1,"Brazil"
"1976","BRA_text166","reading_comprehension",3,"Brazil"
"1977","BRA_text166","science",8,"Brazil"
"1978","BRA_text166","speaking",1,"Brazil"
"1979","BRA_text167","active_listening",1,"Brazil"
"1980","BRA_text167","science",8,"Brazil"
"1981","BRA_text167","speaking",1,"Brazil"
"1982","BRA_text167","monitoring",1,"Brazil"
"1983","BRA_text168","mathematics",13,"Brazil"
"1984","BRA_text168","science",24,"Brazil"
"1985","BRA_text168","speaking",1,"Brazil"
"1986","BRA_text168","monitoring",1,"Brazil"
"1987","BRA_text169","reading_comprehension",3,"Brazil"
"1988","BRA_text169","science",8,"Brazil"
"1989","BRA_text169","speaking",1,"Brazil"
"1990","BRA_text170","reading_comprehension",1,"Brazil"
"1991","BRA_text170","science",8,"Brazil"
"1992","BRA_text170","speaking",1,"Brazil"
"1993","BRA_text171","science",1,"Brazil"
"1994","BRA_text171","speaking",1,"Brazil"
"1995","BRA_text172","science",9,"Brazil"
"1996","BRA_text172","speaking",1,"Brazil"
"1997","BRA_text173","science",1,"Brazil"
"1998","BRA_text173","speaking",1,"Brazil"
"1999","BRA_text173","writing",1,"Brazil"
"2000","BRA_text174","science",8,"Brazil"
"2001","BRA_text174","speaking",1,"Brazil"
"2002","BRA_text175","reading_comprehension",1,"Brazil"
"2003","BRA_text175","monitoring",1,"Brazil"
"2004","BRA_text177","active_listening",1,"Brazil"
"2005","BRA_text177","learning_strategy",1,"Brazil"
"2006","BRA_text179","science",6,"Brazil"
"2007","BRA_text180","reading_comprehension",1,"Brazil"
"2008","BRA_text180","science",1,"Brazil"
"2009","BRA_text180","speaking",2,"Brazil"
"2010","BRA_text181","science",18,"Brazil"
"2011","BRA_text181","learning_strategy",3,"Brazil"
"2012","BRA_text181","monitoring",1,"Brazil"
"2013","BRA_text182","reading_comprehension",1,"Brazil"
"2014","BRA_text182","critical_thinking",1,"Brazil"
"2015","BRA_text183","reading_comprehension",1,"Brazil"
"2016","BRA_text183","science",6,"Brazil"
"2017","BRA_text183","speaking",6,"Brazil"
"2018","BRA_text183","learning_strategy",1,"Brazil"
"2019","BRA_text183","monitoring",1,"Brazil"
"2020","BRA_text184","science",11,"Brazil"
"2021","BRA_text185","science",2,"Brazil"
"2022","BRA_text185","monitoring",1,"Brazil"
"2023","BRA_text186","active_listening",1,"Brazil"
"2024","BRA_text186","reading_comprehension",1,"Brazil"
"2025","BRA_text186","science",6,"Brazil"
"2026","BRA_text186","speaking",1,"Brazil"
"2027","BRA_text187","reading_comprehension",1,"Brazil"
"2028","BRA_text187","science",4,"Brazil"
"2029","BRA_text187","speaking",1,"Brazil"
"2030","BRA_text187","active_learning",2,"Brazil"
"2031","BRA_text188","science",1,"Brazil"
"2032","BRA_text189","science",2,"Brazil"
"2033","BRA_text190","active_listening",1,"Brazil"
"2034","BRA_text190","reading_comprehension",2,"Brazil"
"2035","BRA_text190","science",4,"Brazil"
"2036","BRA_text190","active_learning",1,"Brazil"
"2037","BRA_text191","science",3,"Brazil"
"2038","BRA_text192","science",2,"Brazil"
"2039","BRA_text192","speaking",1,"Brazil"
"2040","BRA_text192","monitoring",1,"Brazil"
"2041","BRA_text193","active_learning",2,"Brazil"
"2042","BRA_text193","monitoring",2,"Brazil"
"2043","BRA_text194","speaking",1,"Brazil"
"2044","BRA_text195","science",2,"Brazil"
"2045","BRA_text197","reading_comprehension",1,"Brazil"
"2046","BRA_text197","science",11,"Brazil"
"2047","BRA_text197","speaking",1,"Brazil"
"2048","BRA_text198","mathematics",1,"Brazil"
"2049","BRA_text198","reading_comprehension",1,"Brazil"
"2050","BRA_text198","science",2,"Brazil"
"2051","BRA_text198","critical_thinking",1,"Brazil"
"2052","BRA_text199","reading_comprehension",1,"Brazil"
"2053","BRA_text199","science",2,"Brazil"
"2054","BRA_text200","active_listening",1,"Brazil"
"2055","BRA_text200","mathematics",13,"Brazil"
"2056","BRA_text200","reading_comprehension",1,"Brazil"
"2057","BRA_text200","science",22,"Brazil"
"2058","BRA_text200","learning_strategy",1,"Brazil"
"2059","BRA_text201","reading_comprehension",1,"Brazil"
"2060","BRA_text201","science",2,"Brazil"
"2061","BRA_text202","active_listening",1,"Brazil"
"2062","BRA_text202","reading_comprehension",1,"Brazil"
"2063","BRA_text202","science",5,"Brazil"
"2064","BRA_text203","active_listening",5,"Brazil"
"2065","BRA_text203","reading_comprehension",1,"Brazil"
"2066","BRA_text203","science",6,"Brazil"
"2067","BRA_text203","monitoring",1,"Brazil"
"2068","BRA_text204","reading_comprehension",1,"Brazil"
"2069","BRA_text204","science",1,"Brazil"
"2070","BRA_text204","active_learning",2,"Brazil"
"2071","BRA_text205","reading_comprehension",1,"Brazil"
"2072","BRA_text205","science",4,"Brazil"
"2073","BRA_text205","active_learning",2,"Brazil"
"2074","BRA_text206","active_listening",2,"Brazil"
"2075","BRA_text206","reading_comprehension",1,"Brazil"
"2076","BRA_text206","science",5,"Brazil"
"2077","BRA_text207","science",6,"Brazil"
"2078","BRA_text208","mathematics",4,"Brazil"
"2079","BRA_text208","reading_comprehension",1,"Brazil"
"2080","BRA_text209","active_listening",2,"Brazil"
"2081","BRA_text209","reading_comprehension",1,"Brazil"
"2082","BRA_text209","science",2,"Brazil"
"2083","BRA_text209","active_learning",1,"Brazil"
"2084","BRA_text209","learning_strategy",1,"Brazil"
"2085","BRA_text209","monitoring",1,"Brazil"
"2086","BRA_text210","active_listening",3,"Brazil"
"2087","BRA_text210","science",2,"Brazil"
"2088","BRA_text210","speaking",2,"Brazil"
"2089","BRA_text210","monitoring",1,"Brazil"
"2090","BRA_text211","science",5,"Brazil"
"2091","BRA_text212","science",1,"Brazil"
"2092","BRA_text213","active_listening",1,"Brazil"
"2093","BRA_text213","reading_comprehension",1,"Brazil"
"2094","BRA_text213","science",9,"Brazil"
"2095","BRA_text213","active_learning",2,"Brazil"
"2096","BRA_text213","critical_thinking",2,"Brazil"
"2097","BRA_text214","active_listening",1,"Brazil"
"2098","BRA_text214","science",2,"Brazil"
"2099","BRA_text214","critical_thinking",1,"Brazil"
"2100","BRA_text215","active_listening",2,"Brazil"
"2101","BRA_text215","reading_comprehension",1,"Brazil"
"2102","BRA_text215","science",9,"Brazil"
"2103","BRA_text215","speaking",4,"Brazil"
"2104","BRA_text215","active_learning",2,"Brazil"
"2105","BRA_text215","monitoring",1,"Brazil"
"2106","BRA_text216","reading_comprehension",1,"Brazil"
"2107","BRA_text216","science",1,"Brazil"
"2108","BRA_text216","critical_thinking",1,"Brazil"
"2109","BRA_text217","active_listening",1,"Brazil"
"2110","BRA_text217","mathematics",1,"Brazil"
"2111","BRA_text217","reading_comprehension",2,"Brazil"
"2112","BRA_text217","science",9,"Brazil"
"2113","BRA_text217","speaking",1,"Brazil"
"2114","BRA_text217","writing",1,"Brazil"
"2115","BRA_text217","monitoring",1,"Brazil"
"2116","BRA_text218","active_listening",1,"Brazil"
"2117","BRA_text218","mathematics",1,"Brazil"
"2118","BRA_text218","reading_comprehension",1,"Brazil"
"2119","BRA_text218","science",2,"Brazil"
"2120","BRA_text219","active_listening",6,"Brazil"
"2121","BRA_text219","reading_comprehension",1,"Brazil"
"2122","BRA_text219","science",2,"Brazil"
"2123","BRA_text220","reading_comprehension",1,"Brazil"
"2124","BRA_text221","science",5,"Brazil"
"2125","BRA_text222","science",5,"Brazil"
"2126","BRA_text222","monitoring",1,"Brazil"
"2127","BRA_text223","active_listening",1,"Brazil"
"2128","BRA_text225","mathematics",8,"Brazil"
"2129","BRA_text225","science",13,"Brazil"
"2130","BRA_text225","learning_strategy",2,"Brazil"
"2131","BRA_text226","mathematics",8,"Brazil"
"2132","BRA_text226","science",13,"Brazil"
"2133","BRA_text226","learning_strategy",2,"Brazil"
"2134","BRA_text227","reading_comprehension",2,"Brazil"
"2135","BRA_text227","science",6,"Brazil"
"2136","BRA_text227","speaking",1,"Brazil"
"2137","BRA_text227","active_learning",1,"Brazil"
"2138","BRA_text228","science",2,"Brazil"
"2139","BRA_text228","speaking",15,"Brazil"
"2140","BRA_text229","science",8,"Brazil"
"2141","BRA_text230","mathematics",8,"Brazil"
"2142","BRA_text230","science",13,"Brazil"
"2143","BRA_text230","learning_strategy",2,"Brazil"
"2144","BRA_text231","reading_comprehension",1,"Brazil"
"2145","BRA_text231","science",2,"Brazil"
"2146","BRA_text231","speaking",1,"Brazil"
"2147","BRA_text232","active_listening",1,"Brazil"
"2148","BRA_text232","science",5,"Brazil"
"2149","BRA_text232","writing",1,"Brazil"
"2150","BRA_text232","active_learning",2,"Brazil"
"2151","BRA_text233","science",1,"Brazil"
"2152","BRA_text234","active_listening",3,"Brazil"
"2153","BRA_text234","reading_comprehension",1,"Brazil"
"2154","BRA_text234","science",5,"Brazil"
"2155","BRA_text234","speaking",5,"Brazil"
"2156","BRA_text234","learning_strategy",1,"Brazil"
"2157","BRA_text235","speaking",2,"Brazil"
"2158","BRA_text236","science",1,"Brazil"
"2159","BRA_text236","speaking",25,"Brazil"
"2160","BRA_text237","active_listening",7,"Brazil"
"2161","BRA_text237","reading_comprehension",1,"Brazil"
"2162","BRA_text237","speaking",8,"Brazil"
"2163","BRA_text237","active_learning",3,"Brazil"
"2164","BRA_text237","critical_thinking",1,"Brazil"
"2165","BRA_text237","learning_strategy",6,"Brazil"
"2166","BRA_text237","monitoring",1,"Brazil"
"2167","BRA_text238","reading_comprehension",1,"Brazil"
"2168","BRA_text238","science",1,"Brazil"
"2169","BRA_text240","active_listening",1,"Brazil"
"2170","BRA_text240","reading_comprehension",2,"Brazil"
"2171","BRA_text240","speaking",2,"Brazil"
"2172","BRA_text240","critical_thinking",2,"Brazil"
"2173","BRA_text240","learning_strategy",3,"Brazil"
"2174","BRA_text241","mathematics",1,"Brazil"
"2175","BRA_text241","reading_comprehension",2,"Brazil"
"2176","BRA_text241","science",3,"Brazil"
"2177","BRA_text241","critical_thinking",1,"Brazil"
"2178","BRA_text241","learning_strategy",3,"Brazil"
"2179","BRA_text242","active_listening",3,"Brazil"
"2180","BRA_text242","science",1,"Brazil"
"2181","BRA_text242","learning_strategy",1,"Brazil"
"2182","BRA_text242","monitoring",1,"Brazil"
"2183","BRA_text243","active_listening",1,"Brazil"
"2184","BRA_text243","speaking",1,"Brazil"
"2185","BRA_text243","active_learning",2,"Brazil"
"2186","BRA_text244","science",1,"Brazil"
"2187","BRA_text244","learning_strategy",1,"Brazil"
"2188","BRA_text245","science",6,"Brazil"
"2189","BRA_text246","active_listening",1,"Brazil"
"2190","BRA_text246","science",3,"Brazil"
"2191","BRA_text246","speaking",4,"Brazil"
"2192","BRA_text247","reading_comprehension",5,"Brazil"
"2193","BRA_text247","science",1,"Brazil"
"2194","BRA_text248","science",11,"Brazil"
"2195","BRA_text248","active_learning",2,"Brazil"
"2196","BRA_text248","monitoring",1,"Brazil"
"2197","BRA_text249","active_listening",1,"Brazil"
"2198","BRA_text249","reading_comprehension",1,"Brazil"
"2199","BRA_text249","science",2,"Brazil"
"2200","BRA_text249","critical_thinking",1,"Brazil"
"2201","BRA_text250","reading_comprehension",14,"Brazil"
"2202","BRA_text250","science",6,"Brazil"
"2203","BRA_text250","active_learning",1,"Brazil"
"2204","BRA_text252","science",2,"Brazil"
"2205","BRA_text253","science",6,"Brazil"
"2206","BRA_text253","critical_thinking",1,"Brazil"
"2207","BRA_text255","reading_comprehension",1,"Brazil"
"2208","BRA_text255","science",3,"Brazil"
"2209","BRA_text256","reading_comprehension",1,"Brazil"
"2210","BRA_text256","science",3,"Brazil"
"2211","BRA_text256","critical_thinking",1,"Brazil"
"2212","BRA_text257","active_listening",1,"Brazil"
"2213","BRA_text257","science",2,"Brazil"
"2214","BRA_text257","critical_thinking",4,"Brazil"
"2215","BRA_text257","learning_strategy",5,"Brazil"
"2216","BRA_text258","reading_comprehension",1,"Brazil"
"2217","BRA_text258","science",1,"Brazil"
"2218","BRA_text259","learning_strategy",1,"Brazil"
"2219","BRA_text259","monitoring",2,"Brazil"
"2220","BRA_text260","reading_comprehension",1,"Brazil"
"2221","BRA_text260","science",5,"Brazil"
"2222","BRA_text261","reading_comprehension",1,"Brazil"
"2223","BRA_text261","science",1,"Brazil"
"2224","BRA_text261","critical_thinking",2,"Brazil"
"2225","BRA_text261","monitoring",1,"Brazil"
"2226","BRA_text262","reading_comprehension",5,"Brazil"
"2227","BRA_text262","learning_strategy",1,"Brazil"
"2228","BRA_text263","science",1,"Brazil"
"2229","BRA_text264","speaking",12,"Brazil"
"2230","BRA_text265","reading_comprehension",2,"Brazil"
"2231","BRA_text265","learning_strategy",1,"Brazil"
"2232","BRA_text267","science",1,"Brazil"
"2233","BRA_text267","active_learning",2,"Brazil"
"2234","BRA_text268","active_listening",1,"Brazil"
"2235","BRA_text268","science",10,"Brazil"
"2236","BRA_text268","speaking",3,"Brazil"
"2237","BRA_text268","active_learning",1,"Brazil"
"2238","BRA_text268","critical_thinking",1,"Brazil"
"2239","BRA_text269","science",1,"Brazil"
"2240","BRA_text269","active_learning",1,"Brazil"
"2241","BRA_text270","science",1,"Brazil"
"2242","BRA_text270","active_learning",1,"Brazil"
"2243","BRA_text271","science",1,"Brazil"
"2244","BRA_text274","science",5,"Brazil"
"2245","BRA_text274","learning_strategy",2,"Brazil"
"2246","BRA_text275","reading_comprehension",1,"Brazil"
"2247","BRA_text275","science",4,"Brazil"
"2248","BRA_text276","active_listening",1,"Brazil"
"2249","BRA_text276","science",2,"Brazil"
"2250","BRA_text277","science",8,"Brazil"
"2251","BRA_text278","active_listening",2,"Brazil"
"2252","BRA_text278","reading_comprehension",9,"Brazil"
"2253","BRA_text278","science",2,"Brazil"
"2254","BRA_text278","active_learning",1,"Brazil"
"2255","BRA_text278","learning_strategy",1,"Brazil"
"2256","BRA_text278","monitoring",1,"Brazil"
"2257","BRA_text279","science",7,"Brazil"
"2258","BRA_text280","active_listening",1,"Brazil"
"2259","BRA_text280","reading_comprehension",41,"Brazil"
"2260","BRA_text280","science",84,"Brazil"
"2261","BRA_text280","speaking",5,"Brazil"
"2262","BRA_text280","active_learning",1,"Brazil"
"2263","BRA_text280","learning_strategy",5,"Brazil"
"2264","BRA_text283","science",2,"Brazil"
"2265","BRA_text283","speaking",1,"Brazil"
"2266","BRA_text284","science",1,"Brazil"
"2267","BRA_text285","learning_strategy",1,"Brazil"
"2268","BRA_text285","monitoring",1,"Brazil"
"2269","BRA_text286","mathematics",12,"Brazil"
"2270","BRA_text286","science",4,"Brazil"
"2271","BRA_text286","monitoring",1,"Brazil"
"2272","BRA_text288","speaking",1,"Brazil"
"2273","BRA_text289","science",2,"Brazil"
"2274","BRA_text289","critical_thinking",1,"Brazil"
"2275","BRA_text290","science",1,"Brazil"
"2276","BRA_text290","active_learning",1,"Brazil"
"2277","BRA_text291","active_listening",1,"Brazil"
"2278","BRA_text291","science",2,"Brazil"
"2279","BRA_text292","science",1,"Brazil"
"2280","BRA_text292","active_learning",1,"Brazil"
"2281","BRA_text293","science",3,"Brazil"
"2282","BRA_text294","reading_comprehension",1,"Brazil"
"2283","BRA_text294","science",13,"Brazil"
"2284","BRA_text294","active_learning",1,"Brazil"
"2285","BRA_text294","critical_thinking",1,"Brazil"
"2286","BRA_text295","science",1,"Brazil"
"2287","BRA_text295","speaking",3,"Brazil"
"2288","BRA_text295","active_learning",1,"Brazil"
"2289","BRA_text296","science",11,"Brazil"
"2290","BRA_text297","science",11,"Brazil"
"2291","BRA_text298","science",2,"Brazil"
"2292","BRA_text298","learning_strategy",3,"Brazil"
"2293","BRA_text299","reading_comprehension",1,"Brazil"
"2294","BRA_text299","science",1,"Brazil"
"2295","BRA_text299","learning_strategy",2,"Brazil"
"2296","BRA_text300","reading_comprehension",1,"Brazil"
"2297","BRA_text300","science",2,"Brazil"
"2298","BRA_text300","active_learning",1,"Brazil"
"2299","BRA_text300","learning_strategy",3,"Brazil"
"2300","BRA_text301","reading_comprehension",1,"Brazil"
"2301","BRA_text301","speaking",1,"Brazil"
"2302","BRA_text301","active_learning",1,"Brazil"
"2303","BRA_text301","learning_strategy",3,"Brazil"
"2304","BRA_text302","reading_comprehension",1,"Brazil"
"2305","BRA_text302","science",8,"Brazil"
"2306","BRA_text302","learning_strategy",2,"Brazil"
"2307","BRA_text303","active_listening",1,"Brazil"
"2308","BRA_text303","reading_comprehension",2,"Brazil"
"2309","BRA_text303","science",1,"Brazil"
"2310","BRA_text303","learning_strategy",2,"Brazil"
"2311","BRA_text303","monitoring",1,"Brazil"
"2312","BRA_text304","reading_comprehension",1,"Brazil"
"2313","BRA_text304","learning_strategy",2,"Brazil"
"2314","BRA_text305","reading_comprehension",1,"Brazil"
"2315","BRA_text305","learning_strategy",2,"Brazil"
"2316","BRA_text306","reading_comprehension",2,"Brazil"
"2317","BRA_text306","science",1,"Brazil"
"2318","BRA_text306","learning_strategy",2,"Brazil"
"2319","BRA_text307","speaking",1,"Brazil"
"2320","BRA_text307","active_learning",1,"Brazil"
"2321","BRA_text307","monitoring",1,"Brazil"
"2322","BRA_text308","active_listening",1,"Brazil"
"2323","BRA_text308","speaking",1,"Brazil"
"2324","BRA_text309","active_listening",1,"Brazil"
"2325","BRA_text309","science",1,"Brazil"
"2326","BRA_text309","speaking",1,"Brazil"
"2327","BRA_text309","active_learning",1,"Brazil"
"2328","BRA_text309","learning_strategy",1,"Brazil"
"2329","BRA_text309","monitoring",1,"Brazil"
"2330","BRA_text310","active_listening",1,"Brazil"
"2331","BRA_text310","reading_comprehension",2,"Brazil"
"2332","BRA_text310","science",3,"Brazil"
"2333","BRA_text311","science",2,"Brazil"
"2334","BRA_text313","active_listening",1,"Brazil"
"2335","BRA_text313","science",1,"Brazil"
"2336","BRA_text313","active_learning",1,"Brazil"
"2337","BRA_text314","mathematics",20,"Brazil"
"2338","BRA_text314","science",24,"Brazil"
"2339","BRA_text314","speaking",2,"Brazil"
"2340","BRA_text315","active_listening",2,"Brazil"
"2341","BRA_text315","science",6,"Brazil"
"2342","BRA_text316","mathematics",2,"Brazil"
"2343","BRA_text316","reading_comprehension",24,"Brazil"
"2344","BRA_text316","science",9,"Brazil"
"2345","BRA_text316","speaking",1,"Brazil"
"2346","BRA_text316","monitoring",1,"Brazil"
"2347","BRA_text317","active_listening",9,"Brazil"
"2348","BRA_text317","reading_comprehension",22,"Brazil"
"2349","BRA_text317","science",7,"Brazil"
"2350","BRA_text317","speaking",1,"Brazil"
"2351","BRA_text317","critical_thinking",3,"Brazil"
"2352","BRA_text319","science",4,"Brazil"
"2353","BRA_text320","reading_comprehension",1,"Brazil"
"2354","BRA_text320","science",25,"Brazil"
"2355","BRA_text320","active_learning",1,"Brazil"
"2356","BRA_text321","active_listening",1,"Brazil"
"2357","BRA_text321","science",14,"Brazil"
"2358","BRA_text322","active_listening",1,"Brazil"
"2359","BRA_text322","science",14,"Brazil"
"2360","BRA_text324","science",7,"Brazil"
"2361","BRA_text324","critical_thinking",1,"Brazil"
"2362","BRA_text325","science",1,"Brazil"
"2363","BRA_text325","speaking",1,"Brazil"
"2364","BRA_text329","science",2,"Brazil"
"2365","BRA_text329","speaking",1,"Brazil"
"2366","BRA_text329","learning_strategy",2,"Brazil"
"2367","BRA_text331","active_listening",1,"Brazil"
"2368","BRA_text331","reading_comprehension",6,"Brazil"
"2369","BRA_text331","science",1,"Brazil"
"2370","BRA_text331","speaking",1,"Brazil"
"2371","BRA_text332","active_listening",2,"Brazil"
"2372","BRA_text332","reading_comprehension",8,"Brazil"
"2373","BRA_text332","science",3,"Brazil"
"2374","BRA_text333","active_listening",1,"Brazil"
"2375","BRA_text333","reading_comprehension",6,"Brazil"
"2376","BRA_text333","science",6,"Brazil"
"2377","BRA_text334","active_listening",1,"Brazil"
"2378","BRA_text334","reading_comprehension",6,"Brazil"
"2379","BRA_text334","science",3,"Brazil"
"2380","BRA_text335","reading_comprehension",2,"Brazil"
"2381","BRA_text335","science",8,"Brazil"
"2382","BRA_text336","reading_comprehension",1,"Brazil"
"2383","BRA_text336","science",1,"Brazil"
"2384","BRA_text337","reading_comprehension",1,"Brazil"
"2385","BRA_text337","science",3,"Brazil"
"2386","BRA_text337","active_learning",1,"Brazil"
"2387","BRA_text339","science",2,"Brazil"
"2388","BRA_text339","speaking",2,"Brazil"
"2389","BRA_text340","science",7,"Brazil"
"2390","BRA_text340","speaking",2,"Brazil"
"2391","BRA_text340","critical_thinking",1,"Brazil"
"2392","BRA_text341","active_listening",6,"Brazil"
"2393","BRA_text343","science",7,"Brazil"
"2394","BRA_text344","active_listening",2,"Brazil"
"2395","BRA_text344","science",12,"Brazil"
"2396","BRA_text344","speaking",6,"Brazil"
"2397","BRA_text344","active_learning",6,"Brazil"
"2398","BRA_text344","learning_strategy",1,"Brazil"
"2399","BRA_text345","active_listening",2,"Brazil"
"2400","BRA_text345","science",12,"Brazil"
"2401","BRA_text345","speaking",6,"Brazil"
"2402","BRA_text345","active_learning",6,"Brazil"
"2403","BRA_text345","learning_strategy",1,"Brazil"
"2404","BRA_text346","science",13,"Brazil"
"2405","BRA_text348","science",1,"Brazil"
"2406","BRA_text348","speaking",1,"Brazil"
"2407","BRA_text349","speaking",1,"Brazil"
"2408","BRA_text350","reading_comprehension",1,"Brazil"
"2409","BRA_text350","science",4,"Brazil"
"2410","BRA_text350","learning_strategy",1,"Brazil"
"2411","BRA_text351","reading_comprehension",1,"Brazil"
"2412","BRA_text351","science",2,"Brazil"
"2413","BRA_text351","speaking",1,"Brazil"
"2414","BRA_text352","active_listening",1,"Brazil"
"2415","BRA_text352","reading_comprehension",2,"Brazil"
"2416","BRA_text353","science",3,"Brazil"
"2417","BRA_text353","writing",1,"Brazil"
"2418","BRA_text354","active_listening",2,"Brazil"
"2419","BRA_text354","science",4,"Brazil"
"2420","BRA_text355","science",3,"Brazil"
"2421","BRA_text355","writing",1,"Brazil"
"2422","BRA_text356","science",1,"Brazil"
"2423","BRA_text357","science",2,"Brazil"
"2424","BRA_text357","speaking",1,"Brazil"
"2425","BRA_text359","speaking",4,"Brazil"
"2426","BRA_text360","reading_comprehension",2,"Brazil"
"2427","BRA_text361","reading_comprehension",1,"Brazil"
"2428","BRA_text361","science",1,"Brazil"
"2429","BRA_text362","reading_comprehension",1,"Brazil"
"2430","BRA_text362","monitoring",1,"Brazil"
"2431","BRA_text363","reading_comprehension",1,"Brazil"
"2432","BRA_text363","science",22,"Brazil"
"2433","BRA_text363","active_learning",2,"Brazil"
"2434","BRA_text363","learning_strategy",2,"Brazil"
"2435","BRA_text363","monitoring",1,"Brazil"
"2436","BRA_text364","reading_comprehension",1,"Brazil"
"2437","BRA_text364","science",2,"Brazil"
"2438","BRA_text364","speaking",2,"Brazil"
"2439","BRA_text365","reading_comprehension",1,"Brazil"
"2440","BRA_text365","science",5,"Brazil"
"2441","BRA_text365","writing",1,"Brazil"
"2442","BRA_text366","mathematics",1,"Brazil"
"2443","BRA_text367","reading_comprehension",1,"Brazil"
"2444","BRA_text368","reading_comprehension",2,"Brazil"
"2445","BRA_text368","science",1,"Brazil"
"2446","BRA_text369","reading_comprehension",1,"Brazil"
"2447","BRA_text370","reading_comprehension",1,"Brazil"
"2448","BRA_text371","reading_comprehension",1,"Brazil"
"2449","BRA_text371","science",5,"Brazil"
"2450","BRA_text371","learning_strategy",1,"Brazil"
"2451","BRA_text371","monitoring",1,"Brazil"
"2452","BRA_text372","reading_comprehension",1,"Brazil"
"2453","BRA_text372","science",1,"Brazil"
"2454","BRA_text373","reading_comprehension",1,"Brazil"
"2455","BRA_text373","science",2,"Brazil"
"2456","BRA_text374","reading_comprehension",2,"Brazil"
"2457","BRA_text374","science",3,"Brazil"
"2458","BRA_text375","reading_comprehension",1,"Brazil"
"2459","BRA_text375","critical_thinking",1,"Brazil"
"2460","BRA_text376","active_listening",4,"Brazil"
"2461","BRA_text376","reading_comprehension",1,"Brazil"
"2462","BRA_text376","speaking",1,"Brazil"
"2463","BRA_text377","science",1,"Brazil"
"2464","BRA_text377","speaking",2,"Brazil"
"2465","BRA_text378","reading_comprehension",1,"Brazil"
"2466","BRA_text378","science",1,"Brazil"
"2467","BRA_text379","reading_comprehension",1,"Brazil"
"2468","BRA_text379","science",3,"Brazil"
"2469","BRA_text380","reading_comprehension",1,"Brazil"
"2470","BRA_text380","science",1,"Brazil"
"2471","BRA_text381","reading_comprehension",1,"Brazil"
"2472","BRA_text381","science",2,"Brazil"
"2473","BRA_text381","monitoring",2,"Brazil"
"2474","BRA_text382","active_listening",1,"Brazil"
"2475","BRA_text382","reading_comprehension",1,"Brazil"
"2476","BRA_text382","science",6,"Brazil"
"2477","BRA_text382","speaking",8,"Brazil"
"2478","BRA_text382","learning_strategy",1,"Brazil"
"2479","BRA_text383","reading_comprehension",9,"Brazil"
"2480","BRA_text383","science",14,"Brazil"
"2481","BRA_text383","speaking",2,"Brazil"
"2482","BRA_text384","active_listening",1,"Brazil"
"2483","BRA_text384","science",1,"Brazil"
"2484","BRA_text384","speaking",2,"Brazil"
"2485","BRA_text385","science",2,"Brazil"
"2486","BRA_text385","speaking",2,"Brazil"
"2487","BRA_text386","science",2,"Brazil"
"2488","BRA_text386","speaking",6,"Brazil"
"2489","BRA_text387","active_listening",1,"Brazil"
"2490","BRA_text387","science",3,"Brazil"
"2491","BRA_text387","speaking",1,"Brazil"
"2492","BRA_text388","reading_comprehension",4,"Brazil"
"2493","BRA_text388","science",2,"Brazil"
"2494","BRA_text388","speaking",2,"Brazil"
"2495","BRA_text388","learning_strategy",2,"Brazil"
"2496","BRA_text389","reading_comprehension",4,"Brazil"
"2497","BRA_text389","science",5,"Brazil"
"2498","BRA_text389","speaking",2,"Brazil"
"2499","BRA_text389","writing",2,"Brazil"
"2500","BRA_text389","learning_strategy",2,"Brazil"
"2501","BRA_text390","active_listening",1,"Brazil"
"2502","BRA_text390","reading_comprehension",6,"Brazil"
"2503","BRA_text390","science",18,"Brazil"
"2504","BRA_text390","speaking",1,"Brazil"
"2505","BRA_text390","learning_strategy",2,"Brazil"
"2506","BRA_text390","monitoring",1,"Brazil"
"2507","BRA_text391","active_listening",1,"Brazil"
"2508","BRA_text391","science",2,"Brazil"
"2509","BRA_text391","speaking",1,"Brazil"
"2510","BRA_text392","science",1,"Brazil"
"2511","BRA_text393","science",2,"Brazil"
"2512","BRA_text394","science",1,"Brazil"
"2513","BRA_text395","active_listening",1,"Brazil"
"2514","BRA_text395","science",6,"Brazil"
"2515","BRA_text395","writing",1,"Brazil"
"2516","BRA_text396","active_listening",1,"Brazil"
"2517","BRA_text396","reading_comprehension",1,"Brazil"
"2518","BRA_text396","science",1,"Brazil"
"2519","BRA_text397","reading_comprehension",1,"Brazil"
"2520","BRA_text397","science",1,"Brazil"
"2521","BRA_text397","monitoring",1,"Brazil"
"2522","BRA_text398","active_listening",1,"Brazil"
"2523","BRA_text398","science",3,"Brazil"
"2524","BRA_text399","reading_comprehension",1,"Brazil"
"2525","BRA_text399","science",14,"Brazil"
"2526","BRA_text399","speaking",7,"Brazil"
"2527","BRA_text399","active_learning",2,"Brazil"
"2528","BRA_text399","learning_strategy",5,"Brazil"
"2529","BRA_text400","active_listening",2,"Brazil"
"2530","BRA_text400","reading_comprehension",7,"Brazil"
"2531","BRA_text400","science",23,"Brazil"
"2532","BRA_text400","learning_strategy",1,"Brazil"
"2533","BRA_text401","mathematics",1,"Brazil"
"2534","BRA_text401","science",6,"Brazil"
"2535","BRA_text402","active_listening",1,"Brazil"
"2536","BRA_text402","science",5,"Brazil"
"2537","BRA_text403","science",9,"Brazil"
"2538","BRA_text404","science",6,"Brazil"
"2539","BRA_text404","speaking",2,"Brazil"
"2540","BRA_text404","active_learning",1,"Brazil"
"2541","BRA_text404","learning_strategy",2,"Brazil"
"2542","BRA_text405","science",1,"Brazil"
"2543","BRA_text405","speaking",4,"Brazil"
"2544","BRA_text405","active_learning",1,"Brazil"
"2545","BRA_text405","learning_strategy",2,"Brazil"
"2546","BRA_text406","reading_comprehension",2,"Brazil"
"2547","BRA_text406","science",2,"Brazil"
"2548","BRA_text406","speaking",1,"Brazil"
"2549","BRA_text406","active_learning",1,"Brazil"
"2550","BRA_text406","learning_strategy",2,"Brazil"
"2551","BRA_text407","science",1,"Brazil"
"2552","BRA_text407","speaking",1,"Brazil"
"2553","BRA_text407","active_learning",1,"Brazil"
"2554","BRA_text407","learning_strategy",2,"Brazil"
"2555","BRA_text408","science",1,"Brazil"
"2556","BRA_text409","science",1,"Brazil"
"2557","BRA_text410","mathematics",11,"Brazil"
"2558","BRA_text410","science",11,"Brazil"
"2559","BRA_text410","speaking",1,"Brazil"
"2560","BRA_text410","learning_strategy",2,"Brazil"
"2561","BRA_text411","active_listening",2,"Brazil"
"2562","BRA_text411","reading_comprehension",4,"Brazil"
"2563","BRA_text411","speaking",1,"Brazil"
"2564","BRA_text411","learning_strategy",2,"Brazil"
"2565","BRA_text411","monitoring",1,"Brazil"
"2566","BRA_text412","active_listening",2,"Brazil"
"2567","BRA_text412","reading_comprehension",4,"Brazil"
"2568","BRA_text412","science",2,"Brazil"
"2569","BRA_text412","speaking",1,"Brazil"
"2570","BRA_text413","active_listening",2,"Brazil"
"2571","BRA_text413","reading_comprehension",2,"Brazil"
"2572","BRA_text413","science",15,"Brazil"
"2573","BRA_text413","speaking",3,"Brazil"
"2574","BRA_text414","active_listening",3,"Brazil"
"2575","BRA_text414","reading_comprehension",4,"Brazil"
"2576","BRA_text414","science",5,"Brazil"
"2577","BRA_text414","speaking",1,"Brazil"
"2578","BRA_text414","active_learning",1,"Brazil"
"2579","BRA_text415","active_listening",2,"Brazil"
"2580","BRA_text415","reading_comprehension",4,"Brazil"
"2581","BRA_text415","science",1,"Brazil"
"2582","BRA_text415","speaking",3,"Brazil"
"2583","BRA_text416","active_listening",2,"Brazil"
"2584","BRA_text416","reading_comprehension",4,"Brazil"
"2585","BRA_text416","science",1,"Brazil"
"2586","BRA_text416","speaking",1,"Brazil"
"2587","BRA_text417","active_listening",2,"Brazil"
"2588","BRA_text417","reading_comprehension",4,"Brazil"
"2589","BRA_text417","science",3,"Brazil"
"2590","BRA_text417","speaking",4,"Brazil"
"2591","BRA_text417","learning_strategy",1,"Brazil"
"2592","BRA_text418","active_listening",2,"Brazil"
"2593","BRA_text418","reading_comprehension",4,"Brazil"
"2594","BRA_text418","science",2,"Brazil"
"2595","BRA_text418","speaking",1,"Brazil"
"2596","BRA_text419","active_listening",2,"Brazil"
"2597","BRA_text419","reading_comprehension",4,"Brazil"
"2598","BRA_text419","science",8,"Brazil"
"2599","BRA_text419","speaking",1,"Brazil"
"2600","BRA_text420","active_listening",2,"Brazil"
"2601","BRA_text420","reading_comprehension",4,"Brazil"
"2602","BRA_text420","science",1,"Brazil"
"2603","BRA_text420","speaking",1,"Brazil"
"2604","BRA_text421","active_listening",1,"Brazil"
"2605","BRA_text421","reading_comprehension",3,"Brazil"
"2606","BRA_text421","science",5,"Brazil"
"2607","BRA_text421","speaking",2,"Brazil"
"2608","BRA_text422","active_listening",2,"Brazil"
"2609","BRA_text422","reading_comprehension",4,"Brazil"
"2610","BRA_text422","speaking",1,"Brazil"
"2611","BRA_text423","active_listening",2,"Brazil"
"2612","BRA_text423","reading_comprehension",4,"Brazil"
"2613","BRA_text423","science",1,"Brazil"
"2614","BRA_text423","speaking",1,"Brazil"
"2615","BRA_text423","critical_thinking",1,"Brazil"
"2616","BRA_text424","active_listening",2,"Brazil"
"2617","BRA_text424","reading_comprehension",4,"Brazil"
"2618","BRA_text424","science",8,"Brazil"
"2619","BRA_text424","speaking",2,"Brazil"
"2620","BRA_text425","active_listening",2,"Brazil"
"2621","BRA_text425","reading_comprehension",4,"Brazil"
"2622","BRA_text425","speaking",1,"Brazil"
"2623","BRA_text426","active_listening",2,"Brazil"
"2624","BRA_text426","reading_comprehension",4,"Brazil"
"2625","BRA_text426","science",4,"Brazil"
"2626","BRA_text426","speaking",2,"Brazil"
"2627","BRA_text426","monitoring",1,"Brazil"
"2628","BRA_text427","active_listening",2,"Brazil"
"2629","BRA_text427","reading_comprehension",3,"Brazil"
"2630","BRA_text427","science",2,"Brazil"
"2631","BRA_text427","speaking",3,"Brazil"
"2632","BRA_text427","learning_strategy",1,"Brazil"
"2633","BRA_text428","active_listening",2,"Brazil"
"2634","BRA_text428","reading_comprehension",4,"Brazil"
"2635","BRA_text428","science",1,"Brazil"
"2636","BRA_text428","speaking",1,"Brazil"
"2637","BRA_text429","active_listening",2,"Brazil"
"2638","BRA_text429","reading_comprehension",4,"Brazil"
"2639","BRA_text429","science",10,"Brazil"
"2640","BRA_text429","speaking",1,"Brazil"
"2641","BRA_text430","active_listening",2,"Brazil"
"2642","BRA_text430","reading_comprehension",4,"Brazil"
"2643","BRA_text430","science",4,"Brazil"
"2644","BRA_text430","speaking",19,"Brazil"
"2645","BRA_text431","active_listening",2,"Brazil"
"2646","BRA_text431","mathematics",10,"Brazil"
"2647","BRA_text431","reading_comprehension",4,"Brazil"
"2648","BRA_text431","speaking",1,"Brazil"
"2649","BRA_text431","learning_strategy",1,"Brazil"
"2650","BRA_text432","active_listening",3,"Brazil"
"2651","BRA_text432","reading_comprehension",4,"Brazil"
"2652","BRA_text432","speaking",1,"Brazil"
"2653","BRA_text432","critical_thinking",1,"Brazil"
"2654","BRA_text433","active_listening",2,"Brazil"
"2655","BRA_text433","reading_comprehension",6,"Brazil"
"2656","BRA_text433","science",2,"Brazil"
"2657","BRA_text433","speaking",2,"Brazil"
"2658","BRA_text434","active_listening",2,"Brazil"
"2659","BRA_text434","reading_comprehension",4,"Brazil"
"2660","BRA_text434","science",4,"Brazil"
"2661","BRA_text434","speaking",1,"Brazil"
"2662","BRA_text434","active_learning",1,"Brazil"
"2663","BRA_text434","learning_strategy",2,"Brazil"
"2664","BRA_text435","active_listening",1,"Brazil"
"2665","BRA_text435","reading_comprehension",3,"Brazil"
"2666","BRA_text435","speaking",1,"Brazil"
"2667","BRA_text435","learning_strategy",1,"Brazil"
"2668","BRA_text436","active_listening",2,"Brazil"
"2669","BRA_text436","reading_comprehension",4,"Brazil"
"2670","BRA_text436","science",2,"Brazil"
"2671","BRA_text436","speaking",2,"Brazil"
"2672","BRA_text437","active_listening",2,"Brazil"
"2673","BRA_text437","reading_comprehension",4,"Brazil"
"2674","BRA_text437","science",2,"Brazil"
"2675","BRA_text437","speaking",10,"Brazil"
"2676","BRA_text438","active_listening",1,"Brazil"
"2677","BRA_text438","reading_comprehension",5,"Brazil"
"2678","BRA_text438","science",4,"Brazil"
"2679","BRA_text438","writing",1,"Brazil"
"2680","BRA_text438","learning_strategy",2,"Brazil"
"2681","BRA_text438","monitoring",1,"Brazil"
"2682","BRA_text439","science",1,"Brazil"
"2683","BRA_text440","mathematics",7,"Brazil"
"2684","BRA_text440","science",7,"Brazil"
"2685","BRA_text440","active_learning",1,"Brazil"
"2686","BRA_text441","science",17,"Brazil"
"2687","BRA_text441","speaking",5,"Brazil"
"2688","BRA_text441","active_learning",1,"Brazil"
"2689","BRA_text441","monitoring",2,"Brazil"
"2690","BRA_text442","active_listening",1,"Brazil"
"2691","BRA_text442","science",10,"Brazil"
"2692","BRA_text442","active_learning",1,"Brazil"
"2693","BRA_text442","learning_strategy",2,"Brazil"
"2694","BRA_text443","reading_comprehension",1,"Brazil"
"2695","BRA_text443","science",3,"Brazil"
"2696","BRA_text443","active_learning",1,"Brazil"
"2697","BRA_text443","critical_thinking",1,"Brazil"
"2698","BRA_text443","learning_strategy",1,"Brazil"
"2699","BRA_text443","monitoring",2,"Brazil"
"2700","BRA_text444","active_listening",2,"Brazil"
"2701","BRA_text444","science",4,"Brazil"
"2702","BRA_text444","monitoring",2,"Brazil"
"2703","BRA_text445","mathematics",3,"Brazil"
"2704","BRA_text445","science",8,"Brazil"
"2705","BRA_text445","active_learning",1,"Brazil"
"2706","BRA_text446","active_listening",1,"Brazil"
"2707","BRA_text446","science",4,"Brazil"
"2708","BRA_text446","active_learning",1,"Brazil"
"2709","BRA_text446","monitoring",1,"Brazil"
"2710","BRA_text447","science",5,"Brazil"
"2711","BRA_text447","speaking",1,"Brazil"
"2712","BRA_text447","learning_strategy",10,"Brazil"
"2713","BRA_text448","active_listening",1,"Brazil"
"2714","BRA_text448","science",5,"Brazil"
"2715","BRA_text448","speaking",1,"Brazil"
"2716","BRA_text448","active_learning",1,"Brazil"
"2717","BRA_text448","learning_strategy",14,"Brazil"
"2718","BRA_text448","monitoring",1,"Brazil"
"2719","BRA_text449","reading_comprehension",3,"Brazil"
"2720","BRA_text449","science",5,"Brazil"
"2721","BRA_text449","speaking",3,"Brazil"
"2722","BRA_text449","writing",5,"Brazil"
"2723","BRA_text449","critical_thinking",1,"Brazil"
"2724","BRA_text449","monitoring",1,"Brazil"
"2725","BRA_text450","science",1,"Brazil"
"2726","BRA_text450","active_learning",1,"Brazil"
"2727","BRA_text450","monitoring",1,"Brazil"
"2728","BRA_text451","science",3,"Brazil"
"2729","BRA_text451","active_learning",1,"Brazil"
"2730","BRA_text451","learning_strategy",1,"Brazil"
"2731","BRA_text452","reading_comprehension",3,"Brazil"
"2732","BRA_text452","science",6,"Brazil"
"2733","BRA_text452","speaking",1,"Brazil"
"2734","BRA_text452","active_learning",1,"Brazil"
"2735","BRA_text453","science",1,"Brazil"
"2736","BRA_text455","science",5,"Brazil"
"2737","BRA_text456","reading_comprehension",2,"Brazil"
"2738","BRA_text456","science",12,"Brazil"
"2739","BRA_text456","monitoring",1,"Brazil"
"2740","BRA_text458","active_listening",1,"Brazil"
"2741","BRA_text458","science",1,"Brazil"
"2742","BRA_text458","speaking",2,"Brazil"
"2743","BRA_text458","writing",1,"Brazil"
"2744","BRA_text460","active_listening",1,"Brazil"
"2745","BRA_text460","reading_comprehension",1,"Brazil"
"2746","BRA_text460","science",1,"Brazil"
"2747","BRA_text460","active_learning",1,"Brazil"
"2748","BRA_text460","critical_thinking",1,"Brazil"
"2749","BRA_text461","science",11,"Brazil"
"2750","BRA_text461","learning_strategy",1,"Brazil"
"2751","BRA_text462","science",2,"Brazil"
"2752","BRA_text462","speaking",1,"Brazil"
"2753","BRA_text462","learning_strategy",1,"Brazil"
"2754","BRA_text462","monitoring",2,"Brazil"
"2755","BRA_text463","active_listening",1,"Brazil"
"2756","BRA_text463","reading_comprehension",1,"Brazil"
"2757","BRA_text463","science",3,"Brazil"
"2758","BRA_text464","active_listening",2,"Brazil"
"2759","BRA_text464","science",3,"Brazil"
"2760","BRA_text464","speaking",1,"Brazil"
"2761","BRA_text464","critical_thinking",1,"Brazil"
"2762","BRA_text465","active_listening",4,"Brazil"
"2763","BRA_text465","mathematics",48,"Brazil"
"2764","BRA_text465","reading_comprehension",1,"Brazil"
"2765","BRA_text465","science",28,"Brazil"
"2766","BRA_text465","learning_strategy",1,"Brazil"
"2767","BRA_text465","monitoring",1,"Brazil"
"2768","BRA_text467","mathematics",19,"Brazil"
"2769","BRA_text467","reading_comprehension",1,"Brazil"
"2770","BRA_text468","reading_comprehension",1,"Brazil"
"2771","BRA_text468","science",4,"Brazil"
"2772","BRA_text469","mathematics",9,"Brazil"
"2773","BRA_text469","science",3,"Brazil"
"2774","BRA_text470","mathematics",17,"Brazil"
"2775","BRA_text470","reading_comprehension",7,"Brazil"
"2776","BRA_text470","science",41,"Brazil"
"2777","BRA_text470","writing",14,"Brazil"
"2778","BRA_text470","critical_thinking",1,"Brazil"
"2779","BRA_text470","learning_strategy",1,"Brazil"
"2780","BRA_text471","reading_comprehension",1,"Brazil"
"2781","BRA_text471","science",18,"Brazil"
"2782","BRA_text471","critical_thinking",1,"Brazil"
"2783","BRA_text472","science",15,"Brazil"
"2784","BRA_text473","reading_comprehension",1,"Brazil"
"2785","BRA_text473","science",2,"Brazil"
"2786","BRA_text474","science",6,"Brazil"
"2787","BRA_text475","speaking",1,"Brazil"
"2788","BRA_text475","active_learning",1,"Brazil"
"2789","BRA_text475","learning_strategy",2,"Brazil"
"2790","BRA_text476","active_listening",1,"Brazil"
"2791","BRA_text476","science",5,"Brazil"
"2792","BRA_text476","speaking",5,"Brazil"
"2793","BRA_text477","mathematics",1,"Brazil"
"2794","BRA_text477","science",13,"Brazil"
"2795","BRA_text477","active_learning",1,"Brazil"
"2796","BRA_text477","critical_thinking",1,"Brazil"
"2797","BRA_text478","active_listening",1,"Brazil"
"2798","BRA_text478","science",21,"Brazil"
"2799","BRA_text478","speaking",3,"Brazil"
"2800","BRA_text478","writing",1,"Brazil"
"2801","BRA_text478","critical_thinking",1,"Brazil"
"2802","BRA_text479","mathematics",1,"Brazil"
"2803","BRA_text479","science",6,"Brazil"
"2804","BRA_text479","writing",1,"Brazil"
"2805","BRA_text479","monitoring",1,"Brazil"
"2806","BRA_text480","active_listening",3,"Brazil"
"2807","BRA_text480","reading_comprehension",7,"Brazil"
"2808","BRA_text480","science",2,"Brazil"
"2809","BRA_text480","speaking",1,"Brazil"
"2810","BRA_text480","monitoring",3,"Brazil"
"2811","BRA_text481","science",1,"Brazil"
"2812","BRA_text481","learning_strategy",1,"Brazil"
"2813","BRA_text482","active_listening",1,"Brazil"
"2814","BRA_text482","speaking",3,"Brazil"
"2815","BRA_text482","active_learning",1,"Brazil"
"2816","BRA_text482","critical_thinking",1,"Brazil"
"2817","BRA_text483","science",2,"Brazil"
"2818","BRA_text484","learning_strategy",1,"Brazil"
"2819","BRA_text485","science",9,"Brazil"
"2820","BRA_text486","science",4,"Brazil"
"2821","BRA_text486","speaking",9,"Brazil"
"2822","BRA_text486","critical_thinking",1,"Brazil"
"2823","BRA_text487","science",1,"Brazil"
"2824","BRA_text487","monitoring",1,"Brazil"
"2825","BRA_text489","mathematics",7,"Brazil"
"2826","BRA_text489","science",10,"Brazil"
"2827","BRA_text490","mathematics",6,"Brazil"
"2828","BRA_text490","science",13,"Brazil"
"2829","BRA_text490","learning_strategy",1,"Brazil"
"2830","BRA_text491","mathematics",8,"Brazil"
"2831","BRA_text491","science",4,"Brazil"
"2832","BRA_text492","science",3,"Brazil"
"2833","BRA_text493","science",11,"Brazil"
"2834","BRA_text494","science",11,"Brazil"
"2835","BRA_text495","science",4,"Brazil"
"2836","BRA_text496","science",2,"Brazil"
"2837","BRA_text497","science",2,"Brazil"
"2838","BRA_text498","active_listening",1,"Brazil"
"2839","BRA_text498","science",13,"Brazil"
"2840","BRA_text499","science",2,"Brazil"
"2841","BRA_text500","science",2,"Brazil"
"2842","BRA_text501","science",4,"Brazil"
"2843","BRA_text502","science",11,"Brazil"
"2844","BRA_text503","science",4,"Brazil"
"2845","BRA_text503","monitoring",1,"Brazil"
"2846","BRA_text504","science",3,"Brazil"
"2847","BRA_text504","monitoring",1,"Brazil"
"2848","BRA_text506","reading_comprehension",1,"Brazil"
"2849","BRA_text506","science",2,"Brazil"
"2850","BRA_text506","active_learning",1,"Brazil"
"2851","BRA_text507","mathematics",5,"Brazil"
"2852","BRA_text507","reading_comprehension",1,"Brazil"
"2853","BRA_text507","science",20,"Brazil"
"2854","BRA_text507","speaking",1,"Brazil"
"2855","BRA_text507","active_learning",1,"Brazil"
"2856","BRA_text507","learning_strategy",6,"Brazil"
"2857","BRA_text508","science",9,"Brazil"
"2858","BRA_text509","science",5,"Brazil"
"2859","BRA_text509","critical_thinking",1,"Brazil"
"2860","BRA_text510","science",2,"Brazil"
"2861","BRA_text510","monitoring",1,"Brazil"
"2862","BRA_text511","science",5,"Brazil"
"2863","BRA_text512","science",2,"Brazil"
"2864","BRA_text513","science",1,"Brazil"
"2865","BRA_text514","science",1,"Brazil"
"2866","BRA_text514","critical_thinking",1,"Brazil"
"2867","BRA_text515","science",5,"Brazil"
"2868","BRA_text516","mathematics",14,"Brazil"
"2869","BRA_text516","science",2,"Brazil"
"2870","BRA_text517","science",1,"Brazil"
"2871","BRA_text518","mathematics",1,"Brazil"
"2872","BRA_text518","learning_strategy",1,"Brazil"
"2873","BRA_text519","active_listening",1,"Brazil"
"2874","BRA_text519","mathematics",1,"Brazil"
"2875","BRA_text519","reading_comprehension",2,"Brazil"
"2876","BRA_text519","science",2,"Brazil"
"2877","BRA_text520","active_listening",1,"Brazil"
"2878","BRA_text520","mathematics",1,"Brazil"
"2879","BRA_text520","reading_comprehension",2,"Brazil"
"2880","BRA_text520","science",2,"Brazil"
"2881","BRA_text521","speaking",1,"Brazil"
"2882","BRA_text522","reading_comprehension",1,"Brazil"
"2883","BRA_text522","science",1,"Brazil"
"2884","BRA_text522","speaking",1,"Brazil"
"2885","BRA_text523","science",1,"Brazil"
"2886","BRA_text524","reading_comprehension",1,"Brazil"
"2887","BRA_text524","science",1,"Brazil"
"2888","BRA_text525","science",1,"Brazil"
"2889","BRA_text525","learning_strategy",5,"Brazil"
"2890","BRA_text526","reading_comprehension",2,"Brazil"
"2891","BRA_text526","science",4,"Brazil"
"2892","BRA_text527","reading_comprehension",2,"Brazil"
"2893","BRA_text527","science",1,"Brazil"
"2894","BRA_text527","critical_thinking",1,"Brazil"
"2895","BRA_text528","reading_comprehension",2,"Brazil"
"2896","BRA_text528","science",2,"Brazil"
"2897","BRA_text528","critical_thinking",3,"Brazil"
"2898","BRA_text528","monitoring",3,"Brazil"
"2899","BRA_text529","active_listening",2,"Brazil"
"2900","BRA_text529","science",8,"Brazil"
"2901","BRA_text529","monitoring",1,"Brazil"
"2902","BRA_text530","science",1,"Brazil"
"2903","BRA_text531","active_listening",2,"Brazil"
"2904","BRA_text531","science",4,"Brazil"
"2905","BRA_text531","active_learning",2,"Brazil"
"2906","BRA_text531","critical_thinking",1,"Brazil"
"2907","BRA_text532","active_listening",2,"Brazil"
"2908","BRA_text532","science",4,"Brazil"
"2909","BRA_text532","active_learning",2,"Brazil"
"2910","BRA_text532","critical_thinking",1,"Brazil"
"2911","BRA_text533","science",4,"Brazil"
"2912","BRA_text533","active_learning",2,"Brazil"
"2913","BRA_text533","critical_thinking",2,"Brazil"
"2914","BRA_text533","learning_strategy",2,"Brazil"
"2915","BRA_text534","active_listening",1,"Brazil"
"2916","BRA_text534","science",4,"Brazil"
"2917","BRA_text534","speaking",2,"Brazil"
"2918","BRA_text534","active_learning",2,"Brazil"
"2919","BRA_text534","critical_thinking",1,"Brazil"
"2920","BRA_text534","monitoring",5,"Brazil"
"2921","BRA_text535","active_listening",4,"Brazil"
"2922","BRA_text535","mathematics",1,"Brazil"
"2923","BRA_text535","reading_comprehension",1,"Brazil"
"2924","BRA_text535","science",6,"Brazil"
"2925","BRA_text535","active_learning",1,"Brazil"
"2926","BRA_text535","learning_strategy",6,"Brazil"
"2927","BRA_text536","reading_comprehension",2,"Brazil"
"2928","BRA_text536","speaking",1,"Brazil"
"2929","BRA_text536","monitoring",1,"Brazil"
"2930","BRA_text537","mathematics",11,"Brazil"
"2931","BRA_text537","science",4,"Brazil"
"2932","BRA_text537","active_learning",1,"Brazil"
"2933","BRA_text538","mathematics",11,"Brazil"
"2934","BRA_text538","science",4,"Brazil"
"2935","BRA_text538","active_learning",1,"Brazil"
"2936","BRA_text539","active_listening",1,"Brazil"
"2937","BRA_text539","speaking",2,"Brazil"
"2938","BRA_text540","active_listening",1,"Brazil"
"2939","BRA_text540","science",1,"Brazil"
"2940","BRA_text540","speaking",2,"Brazil"
"2941","BRA_text541","active_listening",1,"Brazil"
"2942","BRA_text541","speaking",2,"Brazil"
"2943","BRA_text542","active_listening",1,"Brazil"
"2944","BRA_text542","science",1,"Brazil"
"2945","BRA_text542","speaking",2,"Brazil"
"2946","BRA_text543","active_listening",1,"Brazil"
"2947","BRA_text543","science",3,"Brazil"
"2948","BRA_text543","speaking",2,"Brazil"
"2949","BRA_text544","active_listening",1,"Brazil"
"2950","BRA_text544","science",5,"Brazil"
"2951","BRA_text544","speaking",2,"Brazil"
"2952","BRA_text545","active_listening",1,"Brazil"
"2953","BRA_text545","science",3,"Brazil"
"2954","BRA_text545","speaking",2,"Brazil"
"2955","BRA_text546","reading_comprehension",1,"Brazil"
"2956","BRA_text546","science",14,"Brazil"
"2957","BRA_text546","monitoring",1,"Brazil"
"2958","BRA_text547","science",5,"Brazil"
"2959","BRA_text547","speaking",1,"Brazil"
"2960","BRA_text548","reading_comprehension",1,"Brazil"
"2961","BRA_text548","science",3,"Brazil"
"2962","BRA_text548","speaking",1,"Brazil"
"2963","BRA_text548","active_learning",2,"Brazil"
"2964","BRA_text548","critical_thinking",1,"Brazil"
"2965","BRA_text549","reading_comprehension",1,"Brazil"
"2966","BRA_text550","active_listening",1,"Brazil"
"2967","BRA_text550","science",2,"Brazil"
"2968","BRA_text550","active_learning",1,"Brazil"
"2969","BRA_text550","critical_thinking",3,"Brazil"
"2970","BRA_text550","monitoring",1,"Brazil"
"2971","BRA_text551","science",4,"Brazil"
"2972","BRA_text551","speaking",1,"Brazil"
"2973","BRA_text552","active_listening",2,"Brazil"
"2974","BRA_text552","speaking",6,"Brazil"
"2975","BRA_text553","science",5,"Brazil"
"2976","BRA_text554","reading_comprehension",2,"Brazil"
"2977","BRA_text554","monitoring",2,"Brazil"
"2978","BRA_text555","science",1,"Brazil"
"2979","BRA_text555","critical_thinking",1,"Brazil"
"2980","BRA_text556","science",1,"Brazil"
"2981","BRA_text556","speaking",5,"Brazil"
"2982","BRA_text557","science",14,"Brazil"
"2983","BRA_text557","speaking",1,"Brazil"
"2984","BRA_text557","learning_strategy",2,"Brazil"
"2985","BRA_text558","reading_comprehension",1,"Brazil"
"2986","BRA_text558","science",1,"Brazil"
"2987","BRA_text559","active_listening",1,"Brazil"
"2988","BRA_text559","science",6,"Brazil"
"2989","BRA_text559","speaking",1,"Brazil"
"2990","BRA_text559","active_learning",1,"Brazil"
"2991","BRA_text559","monitoring",1,"Brazil"
"2992","BRA_text560","active_listening",7,"Brazil"
"2993","BRA_text560","mathematics",1,"Brazil"
"2994","BRA_text560","reading_comprehension",4,"Brazil"
"2995","BRA_text560","science",19,"Brazil"
"2996","BRA_text560","active_learning",2,"Brazil"
"2997","BRA_text560","critical_thinking",12,"Brazil"
"2998","BRA_text560","learning_strategy",1,"Brazil"
"2999","BRA_text560","monitoring",1,"Brazil"
"3000","BRA_text561","science",4,"Brazil"
"3001","BRA_text562","science",6,"Brazil"
"3002","BRA_text562","speaking",1,"Brazil"
"3003","BRA_text562","critical_thinking",1,"Brazil"
"3004","BRA_text563","science",2,"Brazil"
"3005","BRA_text563","speaking",1,"Brazil"
"3006","BRA_text563","monitoring",1,"Brazil"
"3007","BRA_text564","active_listening",5,"Brazil"
"3008","BRA_text564","reading_comprehension",2,"Brazil"
"3009","BRA_text564","speaking",4,"Brazil"
"3010","BRA_text565","active_learning",1,"Brazil"
"3011","BRA_text566","active_listening",2,"Brazil"
"3012","BRA_text566","reading_comprehension",9,"Brazil"
"3013","BRA_text566","science",2,"Brazil"
"3014","BRA_text566","active_learning",1,"Brazil"
"3015","BRA_text566","learning_strategy",1,"Brazil"
"3016","BRA_text566","monitoring",1,"Brazil"
"3017","BRA_text567","reading_comprehension",1,"Brazil"
"3018","BRA_text567","science",6,"Brazil"
"3019","BRA_text567","speaking",1,"Brazil"
"3020","BRA_text567","monitoring",1,"Brazil"
"3021","BRA_text568","science",2,"Brazil"
"3022","BRA_text569","mathematics",2,"Brazil"
"3023","BRA_text569","science",4,"Brazil"
"3024","BRA_text570","active_listening",1,"Brazil"
"3025","BRA_text570","science",3,"Brazil"
"3026","BRA_text570","active_learning",1,"Brazil"
"3027","BRA_text570","monitoring",1,"Brazil"
"3028","BRA_text572","reading_comprehension",2,"Brazil"
"3029","BRA_text572","science",12,"Brazil"
"3030","BRA_text572","speaking",1,"Brazil"
"3031","BRA_text573","active_listening",1,"Brazil"
"3032","BRA_text573","speaking",2,"Brazil"
"3033","BRA_text573","learning_strategy",3,"Brazil"
"3034","BRA_text574","reading_comprehension",4,"Brazil"
"3035","BRA_text574","science",4,"Brazil"
"3036","BRA_text574","active_learning",2,"Brazil"
"3037","BRA_text574","critical_thinking",1,"Brazil"
"3038","BRA_text574","monitoring",1,"Brazil"
"3039","BRA_text575","reading_comprehension",1,"Brazil"
"3040","BRA_text575","science",4,"Brazil"
"3041","BRA_text576","active_listening",1,"Brazil"
"3042","BRA_text576","reading_comprehension",4,"Brazil"
"3043","BRA_text576","science",3,"Brazil"
"3044","BRA_text576","speaking",2,"Brazil"
"3045","BRA_text576","active_learning",1,"Brazil"
"3046","BRA_text577","active_listening",1,"Brazil"
"3047","BRA_text577","reading_comprehension",2,"Brazil"
"3048","BRA_text577","science",18,"Brazil"
"3049","BRA_text577","monitoring",1,"Brazil"
"3050","BRA_text578","active_listening",1,"Brazil"
"3051","BRA_text578","reading_comprehension",1,"Brazil"
"3052","BRA_text578","science",1,"Brazil"
"3053","BRA_text578","active_learning",1,"Brazil"
"3054","BRA_text580","active_listening",2,"Brazil"
"3055","BRA_text580","science",7,"Brazil"
"3056","BRA_text581","active_listening",2,"Brazil"
"3057","BRA_text581","science",7,"Brazil"
"3058","BRA_text582","active_listening",2,"Brazil"
"3059","BRA_text582","reading_comprehension",1,"Brazil"
"3060","BRA_text582","science",3,"Brazil"
"3061","BRA_text582","active_learning",3,"Brazil"
"3062","BRA_text582","learning_strategy",2,"Brazil"
"3063","BRA_text583","science",6,"Brazil"
"3064","BRA_text583","speaking",2,"Brazil"
"3065","BRA_text584","reading_comprehension",1,"Brazil"
"3066","BRA_text584","speaking",2,"Brazil"
"3067","BRA_text585","science",5,"Brazil"
"3068","BRA_text585","speaking",2,"Brazil"
"3069","BRA_text586","science",1,"Brazil"
"3070","BRA_text586","speaking",2,"Brazil"
"3071","BRA_text586","learning_strategy",2,"Brazil"
"3072","BRA_text587","reading_comprehension",2,"Brazil"
"3073","BRA_text587","science",3,"Brazil"
"3074","BRA_text589","active_listening",2,"Brazil"
"3075","BRA_text590","science",7,"Brazil"
"3076","BRA_text591","reading_comprehension",1,"Brazil"
"3077","BRA_text591","science",11,"Brazil"
"3078","BRA_text591","learning_strategy",5,"Brazil"
"3079","BRA_text592","science",6,"Brazil"
"3080","BRA_text592","active_learning",2,"Brazil"
"3081","BRA_text595","reading_comprehension",1,"Brazil"
"3082","BRA_text595","science",11,"Brazil"
"3083","BRA_text595","learning_strategy",5,"Brazil"
"3084","BRA_text596","reading_comprehension",2,"Brazil"
"3085","BRA_text596","speaking",4,"Brazil"
"3086","BRA_text597","reading_comprehension",2,"Brazil"
"3087","BRA_text597","speaking",1,"Brazil"
"3088","BRA_text598","reading_comprehension",1,"Brazil"
"3089","BRA_text598","speaking",1,"Brazil"
"3090","BRA_text598","monitoring",1,"Brazil"
"3091","BRA_text599","reading_comprehension",1,"Brazil"
"3092","BRA_text599","speaking",1,"Brazil"
"3093","BRA_text600","reading_comprehension",1,"Brazil"
"3094","BRA_text600","science",2,"Brazil"
"3095","BRA_text600","speaking",1,"Brazil"
"3096","BRA_text601","reading_comprehension",2,"Brazil"
"3097","BRA_text601","science",2,"Brazil"
"3098","BRA_text601","speaking",1,"Brazil"
"3099","BRA_text602","reading_comprehension",2,"Brazil"
"3100","BRA_text602","science",1,"Brazil"
"3101","BRA_text602","speaking",1,"Brazil"
"3102","BRA_text603","active_listening",3,"Brazil"
"3103","BRA_text603","reading_comprehension",1,"Brazil"
"3104","BRA_text603","science",9,"Brazil"
"3105","BRA_text603","speaking",1,"Brazil"
"3106","BRA_text604","reading_comprehension",1,"Brazil"
"3107","BRA_text604","science",2,"Brazil"
"3108","BRA_text604","speaking",1,"Brazil"
"3109","BRA_text605","reading_comprehension",2,"Brazil"
"3110","BRA_text605","science",2,"Brazil"
"3111","BRA_text606","reading_comprehension",2,"Brazil"
"3112","BRA_text606","science",2,"Brazil"
"3113","BRA_text607","reading_comprehension",4,"Brazil"
"3114","BRA_text607","science",1,"Brazil"
"3115","BRA_text607","speaking",1,"Brazil"
"3116","BRA_text608","reading_comprehension",2,"Brazil"
"3117","BRA_text608","science",2,"Brazil"
"3118","BRA_text608","speaking",3,"Brazil"
"3119","BRA_text609","active_listening",1,"Brazil"
"3120","BRA_text609","reading_comprehension",3,"Brazil"
"3121","BRA_text609","science",1,"Brazil"
"3122","BRA_text609","speaking",2,"Brazil"
"3123","BRA_text610","reading_comprehension",3,"Brazil"
"3124","BRA_text610","science",2,"Brazil"
"3125","BRA_text610","speaking",1,"Brazil"
"3126","BRA_text610","monitoring",1,"Brazil"
"3127","BRA_text611","reading_comprehension",2,"Brazil"
"3128","BRA_text611","science",6,"Brazil"
"3129","BRA_text611","speaking",1,"Brazil"
"3130","BRA_text612","mathematics",15,"Brazil"
"3131","BRA_text612","reading_comprehension",3,"Brazil"
"3132","BRA_text612","science",16,"Brazil"
"3133","BRA_text612","speaking",1,"Brazil"
"3134","BRA_text612","learning_strategy",1,"Brazil"
"3135","BRA_text613","reading_comprehension",2,"Brazil"
"3136","BRA_text613","science",1,"Brazil"
"3137","BRA_text613","speaking",1,"Brazil"
"3138","BRA_text613","writing",1,"Brazil"
"3139","BRA_text614","reading_comprehension",3,"Brazil"
"3140","BRA_text614","science",1,"Brazil"
"3141","BRA_text614","speaking",1,"Brazil"
"3142","BRA_text615","reading_comprehension",3,"Brazil"
"3143","BRA_text615","science",1,"Brazil"
"3144","BRA_text615","speaking",1,"Brazil"
"3145","BRA_text616","reading_comprehension",2,"Brazil"
"3146","BRA_text616","speaking",2,"Brazil"
"3147","BRA_text617","reading_comprehension",2,"Brazil"
"3148","BRA_text617","speaking",2,"Brazil"
"3149","BRA_text618","reading_comprehension",2,"Brazil"
"3150","BRA_text618","science",1,"Brazil"
"3151","BRA_text618","speaking",1,"Brazil"
"3152","BRA_text619","reading_comprehension",3,"Brazil"
"3153","BRA_text619","speaking",13,"Brazil"
"3154","BRA_text620","reading_comprehension",2,"Brazil"
"3155","BRA_text620","speaking",1,"Brazil"
"3156","BRA_text621","mathematics",15,"Brazil"
"3157","BRA_text621","reading_comprehension",3,"Brazil"
"3158","BRA_text621","science",16,"Brazil"
"3159","BRA_text621","speaking",1,"Brazil"
"3160","BRA_text621","learning_strategy",1,"Brazil"
"3161","BRA_text622","reading_comprehension",2,"Brazil"
"3162","BRA_text622","science",19,"Brazil"
"3163","BRA_text622","speaking",1,"Brazil"
"3164","BRA_text623","reading_comprehension",2,"Brazil"
"3165","BRA_text623","science",10,"Brazil"
"3166","BRA_text623","speaking",1,"Brazil"
"3167","BRA_text624","reading_comprehension",3,"Brazil"
"3168","BRA_text624","science",4,"Brazil"
"3169","BRA_text624","speaking",1,"Brazil"
"3170","BRA_text625","science",4,"Brazil"
"3171","BRA_text625","speaking",1,"Brazil"
"3172","BRA_text626","reading_comprehension",2,"Brazil"
"3173","BRA_text626","science",1,"Brazil"
"3174","BRA_text626","speaking",11,"Brazil"
"3175","BRA_text627","reading_comprehension",3,"Brazil"
"3176","BRA_text627","science",2,"Brazil"
"3177","BRA_text627","speaking",1,"Brazil"
"3178","BRA_text628","reading_comprehension",2,"Brazil"
"3179","BRA_text628","science",2,"Brazil"
"3180","BRA_text628","speaking",1,"Brazil"
"3181","BRA_text629","reading_comprehension",2,"Brazil"
"3182","BRA_text629","speaking",2,"Brazil"
"3183","BRA_text630","reading_comprehension",2,"Brazil"
"3184","BRA_text630","science",8,"Brazil"
"3185","BRA_text630","speaking",1,"Brazil"
"3186","BRA_text631","mathematics",27,"Brazil"
"3187","BRA_text631","reading_comprehension",2,"Brazil"
"3188","BRA_text631","speaking",1,"Brazil"
"3189","BRA_text635","science",1,"Brazil"
"3190","BRA_text636","active_listening",2,"Brazil"
"3191","BRA_text636","science",23,"Brazil"
"3192","BRA_text636","active_learning",1,"Brazil"
"3193","BRA_text637","active_listening",1,"Brazil"
"3194","BRA_text637","science",2,"Brazil"
"3195","BRA_text638","active_listening",1,"Brazil"
"3196","BRA_text638","science",2,"Brazil"
"3197","BRA_text639","active_listening",1,"Brazil"
"3198","BRA_text639","reading_comprehension",1,"Brazil"
"3199","BRA_text639","science",10,"Brazil"
"3200","BRA_text639","speaking",2,"Brazil"
"3201","BRA_text639","active_learning",1,"Brazil"
"3202","BRA_text639","monitoring",1,"Brazil"
"3203","BRA_text640","active_listening",2,"Brazil"
"3204","BRA_text640","science",2,"Brazil"
"3205","BRA_text641","active_listening",1,"Brazil"
"3206","BRA_text641","science",1,"Brazil"
"3207","BRA_text641","learning_strategy",1,"Brazil"
"3208","BRA_text642","active_listening",1,"Brazil"
"3209","BRA_text642","science",3,"Brazil"
"3210","BRA_text643","active_listening",1,"Brazil"
"3211","BRA_text643","science",3,"Brazil"
"3212","BRA_text644","science",7,"Brazil"
"3213","BRA_text644","speaking",1,"Brazil"
"3214","BRA_text645","reading_comprehension",1,"Brazil"
"3215","BRA_text645","science",8,"Brazil"
"3216","BRA_text646","active_listening",2,"Brazil"
"3217","BRA_text646","reading_comprehension",1,"Brazil"
"3218","BRA_text646","science",13,"Brazil"
"3219","BRA_text646","speaking",3,"Brazil"
"3220","BRA_text646","monitoring",1,"Brazil"
"3221","BRA_text647","active_listening",2,"Brazil"
"3222","BRA_text647","reading_comprehension",1,"Brazil"
"3223","BRA_text647","science",12,"Brazil"
"3224","BRA_text647","speaking",2,"Brazil"
"3225","BRA_text647","monitoring",1,"Brazil"
"3226","BRA_text648","active_listening",1,"Brazil"
"3227","BRA_text648","science",9,"Brazil"
"3228","BRA_text649","reading_comprehension",1,"Brazil"
"3229","BRA_text650","science",1,"Brazil"
"3230","BRA_text651","active_listening",2,"Brazil"
"3231","BRA_text651","science",4,"Brazil"
"3232","BRA_text652","active_listening",1,"Brazil"
"3233","BRA_text652","science",1,"Brazil"
"3234","BRA_text653","reading_comprehension",2,"Brazil"
"3235","BRA_text653","science",6,"Brazil"
"3236","BRA_text653","speaking",1,"Brazil"
"3237","BRA_text654","science",3,"Brazil"
"3238","BRA_text654","speaking",1,"Brazil"
"3239","BRA_text655","active_listening",1,"Brazil"
"3240","BRA_text655","science",2,"Brazil"
"3241","BRA_text656","active_listening",1,"Brazil"
"3242","BRA_text656","science",3,"Brazil"
"3243","BRA_text657","active_listening",3,"Brazil"
"3244","BRA_text657","reading_comprehension",1,"Brazil"
"3245","BRA_text657","science",5,"Brazil"
"3246","BRA_text657","speaking",1,"Brazil"
"3247","BRA_text657","active_learning",1,"Brazil"
"3248","BRA_text657","critical_thinking",1,"Brazil"
"3249","BRA_text658","active_listening",1,"Brazil"
"3250","BRA_text658","science",6,"Brazil"
"3251","BRA_text658","active_learning",1,"Brazil"
"3252","BRA_text659","reading_comprehension",1,"Brazil"
"3253","BRA_text659","science",1,"Brazil"
"3254","BRA_text659","active_learning",1,"Brazil"
"3255","BRA_text660","science",7,"Brazil"
"3256","BRA_text661","reading_comprehension",1,"Brazil"
"3257","BRA_text662","science",2,"Brazil"
"3258","BRA_text663","mathematics",12,"Brazil"
"3259","BRA_text663","science",1,"Brazil"
"3260","BRA_text664","reading_comprehension",2,"Brazil"
"3261","BRA_text665","science",4,"Brazil"
"3262","BRA_text666","science",6,"Brazil"
"3263","BRA_text668","mathematics",1,"Brazil"
"3264","BRA_text668","reading_comprehension",1,"Brazil"
"3265","BRA_text668","science",10,"Brazil"
"3266","BRA_text668","speaking",1,"Brazil"
"3267","BRA_text670","science",9,"Brazil"
"3268","BRA_text670","speaking",7,"Brazil"
"3269","BRA_text671","science",7,"Brazil"
"3270","BRA_text671","speaking",7,"Brazil"
"3271","BRA_text672","mathematics",10,"Brazil"
"3272","BRA_text673","science",5,"Brazil"
"3273","BRA_text673","speaking",7,"Brazil"
"3274","BRA_text674","science",6,"Brazil"
"3275","BRA_text674","speaking",7,"Brazil"
"3276","BRA_text675","monitoring",1,"Brazil"
"3277","BRA_text676","science",4,"Brazil"
"3278","BRA_text676","speaking",7,"Brazil"
"3279","BRA_text677","science",5,"Brazil"
"3280","BRA_text677","speaking",7,"Brazil"
"3281","BRA_text678","science",1,"Brazil"
"3282","BRA_text678","speaking",1,"Brazil"
"3283","BRA_text679","science",7,"Brazil"
"3284","BRA_text679","speaking",7,"Brazil"
"3285","BRA_text680","science",2,"Brazil"
"3286","BRA_text682","science",13,"Brazil"
"3287","BRA_text682","speaking",1,"Brazil"
"3288","BRA_text682","monitoring",1,"Brazil"
"3289","BRA_text683","science",7,"Brazil"
"3290","BRA_text684","science",4,"Brazil"
"3291","BRA_text685","reading_comprehension",1,"Brazil"
"3292","BRA_text685","science",4,"Brazil"
"3293","BRA_text686","active_listening",1,"Brazil"
"3294","BRA_text686","active_learning",1,"Brazil"
"3295","BRA_text687","science",3,"Brazil"
"3296","BRA_text688","reading_comprehension",1,"Brazil"
"3297","BRA_text689","science",1,"Brazil"
"3298","BRA_text689","active_learning",1,"Brazil"
"3299","BRA_text690","science",1,"Brazil"
"3300","BRA_text691","science",4,"Brazil"
"3301","BRA_text691","speaking",4,"Brazil"
"3302","BRA_text692","mathematics",6,"Brazil"
"3303","BRA_text692","reading_comprehension",1,"Brazil"
"3304","BRA_text692","science",6,"Brazil"
"3305","BRA_text693","active_listening",1,"Brazil"
"3306","BRA_text693","reading_comprehension",1,"Brazil"
"3307","BRA_text693","science",4,"Brazil"
"3308","BRA_text694","reading_comprehension",1,"Brazil"
"3309","BRA_text694","science",9,"Brazil"
"3310","BRA_text694","speaking",5,"Brazil"
"3311","BRA_text695","active_listening",1,"Brazil"
"3312","BRA_text695","science",4,"Brazil"
"3313","BRA_text695","monitoring",1,"Brazil"
"3314","BRA_text696","science",1,"Brazil"
"3315","BRA_text697","science",1,"Brazil"
"3316","BRA_text698","active_listening",2,"Brazil"
"3317","BRA_text698","mathematics",2,"Brazil"
"3318","BRA_text698","reading_comprehension",3,"Brazil"
"3319","BRA_text698","science",9,"Brazil"
"3320","BRA_text698","speaking",1,"Brazil"
"3321","BRA_text699","active_listening",1,"Brazil"
"3322","BRA_text699","science",4,"Brazil"
"3323","BRA_text699","monitoring",1,"Brazil"
"3324","BRA_text700","science",1,"Brazil"
"3325","BRA_text700","monitoring",1,"Brazil"
"3326","BRA_text701","science",1,"Brazil"
"3327","BRA_text702","reading_comprehension",2,"Brazil"
"3328","BRA_text702","science",1,"Brazil"
"3329","BRA_text702","speaking",1,"Brazil"
"3330","BRA_text703","science",2,"Brazil"
"3331","BRA_text703","speaking",7,"Brazil"
"3332","BRA_text705","mathematics",7,"Brazil"
"3333","BRA_text706","mathematics",14,"Brazil"
"3334","BRA_text707","science",3,"Brazil"
"3335","BRA_text708","science",1,"Brazil"
"3336","BRA_text710","science",1,"Brazil"
"3337","BRA_text711","science",1,"Brazil"
"3338","BRA_text712","science",1,"Brazil"
"3339","BRA_text715","reading_comprehension",1,"Brazil"
"3340","BRA_text715","science",8,"Brazil"
"3341","BRA_text715","critical_thinking",1,"Brazil"
"3342","BRA_text716","reading_comprehension",2,"Brazil"
"3343","BRA_text716","science",1,"Brazil"
"3344","BRA_text717","speaking",1,"Brazil"
"3345","BRA_text717","learning_strategy",1,"Brazil"
"3346","BRA_text718","active_listening",1,"Brazil"
"3347","BRA_text718","science",4,"Brazil"
"3348","BRA_text718","speaking",1,"Brazil"
"3349","BRA_text719","reading_comprehension",1,"Brazil"
"3350","BRA_text719","science",1,"Brazil"
"3351","BRA_text720","reading_comprehension",2,"Brazil"
"3352","BRA_text720","science",1,"Brazil"
"3353","BRA_text721","speaking",1,"Brazil"
"3354","BRA_text721","learning_strategy",1,"Brazil"
"3355","BRA_text722","mathematics",1,"Brazil"
"3356","BRA_text722","science",8,"Brazil"
"3357","BRA_text723","reading_comprehension",2,"Brazil"
"3358","BRA_text723","science",1,"Brazil"
"3359","BRA_text724","active_listening",3,"Brazil"
"3360","BRA_text724","reading_comprehension",5,"Brazil"
"3361","BRA_text724","science",3,"Brazil"
"3362","BRA_text724","active_learning",1,"Brazil"
"3363","BRA_text725","science",1,"Brazil"
"3364","BRA_text725","active_learning",1,"Brazil"
"3365","BRA_text726","science",5,"Brazil"
"3366","BRA_text726","monitoring",1,"Brazil"
"3367","BRA_text727","science",1,"Brazil"
"3368","BRA_text727","active_learning",1,"Brazil"
"3369","BRA_text728","active_listening",1,"Brazil"
"3370","BRA_text728","science",24,"Brazil"
"3371","BRA_text728","speaking",3,"Brazil"
"3372","BRA_text728","critical_thinking",1,"Brazil"
"3373","BRA_text728","learning_strategy",1,"Brazil"
"3374","BRA_text728","monitoring",1,"Brazil"
"3375","BRA_text729","active_listening",9,"Brazil"
"3376","BRA_text729","reading_comprehension",15,"Brazil"
"3377","BRA_text729","science",32,"Brazil"
"3378","BRA_text729","speaking",1,"Brazil"
"3379","BRA_text729","active_learning",6,"Brazil"
"3380","BRA_text729","critical_thinking",5,"Brazil"
"3381","BRA_text729","learning_strategy",5,"Brazil"
"3382","BRA_text729","monitoring",5,"Brazil"
"3383","BRA_text730","active_listening",9,"Brazil"
"3384","BRA_text730","reading_comprehension",22,"Brazil"
"3385","BRA_text730","science",7,"Brazil"
"3386","BRA_text730","speaking",1,"Brazil"
"3387","BRA_text730","critical_thinking",3,"Brazil"
"3388","BRA_text731","reading_comprehension",1,"Brazil"
"3389","BRA_text731","science",8,"Brazil"
"3390","BRA_text731","speaking",1,"Brazil"
"3391","BRA_text731","active_learning",1,"Brazil"
"3392","BRA_text732","reading_comprehension",1,"Brazil"
"3393","BRA_text732","science",6,"Brazil"
"3394","BRA_text732","critical_thinking",1,"Brazil"
"3395","BRA_text732","monitoring",1,"Brazil"
"3396","BRA_text733","mathematics",1,"Brazil"
"3397","BRA_text733","science",5,"Brazil"
"3398","BRA_text734","active_listening",1,"Brazil"
"3399","BRA_text734","science",5,"Brazil"
"3400","BRA_text734","speaking",2,"Brazil"
"3401","BRA_text734","learning_strategy",1,"Brazil"
"3402","BRA_text734","monitoring",1,"Brazil"
"3403","BRA_text735","science",2,"Brazil"
"3404","BRA_text738","mathematics",8,"Brazil"
"3405","BRA_text738","reading_comprehension",1,"Brazil"
"3406","BRA_text738","science",11,"Brazil"
"3407","BRA_text738","learning_strategy",1,"Brazil"
"3408","BRA_text739","science",2,"Brazil"
"3409","BRA_text739","critical_thinking",1,"Brazil"
"3410","BRA_text740","science",2,"Brazil"
"3411","BRA_text740","speaking",1,"Brazil"
"3412","BRA_text740","active_learning",2,"Brazil"
"3413","BRA_text742","active_listening",3,"Brazil"
"3414","BRA_text742","science",4,"Brazil"
"3415","BRA_text742","active_learning",1,"Brazil"
"3416","BRA_text742","learning_strategy",4,"Brazil"
"3417","BRA_text743","active_listening",2,"Brazil"
"3418","BRA_text743","science",7,"Brazil"
"3419","BRA_text743","speaking",1,"Brazil"
"3420","BRA_text743","learning_strategy",1,"Brazil"
"3421","BRA_text744","active_listening",2,"Brazil"
"3422","BRA_text744","reading_comprehension",1,"Brazil"
"3423","BRA_text744","speaking",2,"Brazil"
"3424","BRA_text745","reading_comprehension",1,"Brazil"
"3425","BRA_text745","science",15,"Brazil"
"3426","BRA_text745","speaking",1,"Brazil"
"3427","BRA_text746","reading_comprehension",1,"Brazil"
"3428","BRA_text746","science",13,"Brazil"
"3429","BRA_text746","speaking",1,"Brazil"
"3430","BRA_text747","science",7,"Brazil"
"3431","BRA_text748","active_listening",6,"Brazil"
"3432","BRA_text748","reading_comprehension",1,"Brazil"
"3433","BRA_text748","science",7,"Brazil"
"3434","BRA_text748","active_learning",5,"Brazil"
"3435","BRA_text748","monitoring",3,"Brazil"
"3436","BRA_text749","science",7,"Brazil"
"3437","BRA_text749","monitoring",1,"Brazil"
"3438","BRA_text751","speaking",1,"Brazil"
"3439","BRA_text752","science",4,"Brazil"
"3440","BRA_text753","science",1,"Brazil"
"3441","BRA_text754","reading_comprehension",2,"Brazil"
"3442","BRA_text754","science",3,"Brazil"
"3443","BRA_text755","speaking",1,"Brazil"
"3444","BRA_text756","science",7,"Brazil"
"3445","BRA_text756","monitoring",1,"Brazil"
"3446","BRA_text757","science",11,"Brazil"
"3447","BRA_text760","science",8,"Brazil"
"3448","BRA_text761","science",8,"Brazil"
"3449","BRA_text762","reading_comprehension",2,"Brazil"
"3450","BRA_text762","science",1,"Brazil"
"3451","BRA_text763","active_listening",1,"Brazil"
"3452","BRA_text763","mathematics",1,"Brazil"
"3453","BRA_text763","science",3,"Brazil"
"3454","BRA_text764","critical_thinking",1,"Brazil"
"3455","BRA_text764","learning_strategy",1,"Brazil"
"3456","BRA_text765","active_listening",1,"Brazil"
"3457","BRA_text765","science",8,"Brazil"
"3458","BRA_text765","monitoring",1,"Brazil"
"3459","BRA_text766","science",1,"Brazil"
"3460","BRA_text766","monitoring",1,"Brazil"
"3461","BRA_text767","science",13,"Brazil"
"3462","BRA_text768","active_listening",5,"Brazil"
"3463","BRA_text768","mathematics",1,"Brazil"
"3464","BRA_text768","reading_comprehension",9,"Brazil"
"3465","BRA_text768","science",27,"Brazil"
"3466","BRA_text768","active_learning",1,"Brazil"
"3467","BRA_text768","learning_strategy",18,"Brazil"
"3468","BRA_text769","active_listening",2,"Brazil"
"3469","BRA_text769","mathematics",1,"Brazil"
"3470","BRA_text769","reading_comprehension",1,"Brazil"
"3471","BRA_text769","science",11,"Brazil"
"3472","BRA_text769","speaking",2,"Brazil"
"3473","BRA_text769","learning_strategy",2,"Brazil"
"3474","BRA_text770","active_listening",2,"Brazil"
"3475","BRA_text770","science",6,"Brazil"
"3476","BRA_text770","speaking",4,"Brazil"
"3477","BRA_text771","mathematics",1,"Brazil"
"3478","BRA_text771","science",13,"Brazil"
"3479","BRA_text771","monitoring",1,"Brazil"
"3480","BRA_text772","mathematics",14,"Brazil"
"3481","BRA_text773","active_listening",1,"Brazil"
"3482","BRA_text773","reading_comprehension",1,"Brazil"
"3483","BRA_text773","science",1,"Brazil"
"3484","BRA_text773","active_learning",1,"Brazil"
"3485","BRA_text774","science",2,"Brazil"
"3486","BRA_text775","science",2,"Brazil"
"3487","BRA_text776","reading_comprehension",4,"Brazil"
"3488","BRA_text776","science",19,"Brazil"
"3489","BRA_text776","speaking",2,"Brazil"
"3490","BRA_text776","writing",4,"Brazil"
"3491","BRA_text776","critical_thinking",1,"Brazil"
"3492","BRA_text776","learning_strategy",5,"Brazil"
"3493","BRA_text777","science",1,"Brazil"
"3494","BRA_text778","science",1,"Brazil"
"3495","BRA_text779","science",2,"Brazil"
"3496","BRA_text780","reading_comprehension",1,"Brazil"
"3497","BRA_text780","science",12,"Brazil"
"3498","BRA_text781","reading_comprehension",1,"Brazil"
"3499","BRA_text781","science",12,"Brazil"
"3500","BRA_text782","science",1,"Brazil"
"3501","BRA_text782","learning_strategy",1,"Brazil"
"3502","BRA_text783","mathematics",2,"Brazil"
"3503","BRA_text783","science",2,"Brazil"
"3504","BRA_text783","active_learning",1,"Brazil"
"3505","BRA_text783","learning_strategy",1,"Brazil"
"3506","BRA_text783","monitoring",1,"Brazil"
"3507","BRA_text785","mathematics",15,"Brazil"
"3508","BRA_text785","reading_comprehension",1,"Brazil"
"3509","BRA_text785","science",2,"Brazil"
"3510","BRA_text785","critical_thinking",1,"Brazil"
"3511","BRA_text786","science",3,"Brazil"
"3512","BRA_text787","science",2,"Brazil"
"3513","BRA_text788","science",3,"Brazil"
"3514","BRA_text789","science",1,"Brazil"
"3515","BRA_text790","active_listening",11,"Brazil"
"3516","BRA_text790","mathematics",13,"Brazil"
"3517","BRA_text790","reading_comprehension",8,"Brazil"
"3518","BRA_text790","science",56,"Brazil"
"3519","BRA_text790","speaking",1,"Brazil"
"3520","BRA_text790","active_learning",8,"Brazil"
"3521","BRA_text790","critical_thinking",8,"Brazil"
"3522","BRA_text790","learning_strategy",11,"Brazil"
"3523","BRA_text790","monitoring",2,"Brazil"
"3524","BRA_text791","science",2,"Brazil"
"3525","BRA_text792","science",2,"Brazil"
"3526","BRA_text792","learning_strategy",3,"Brazil"
"3527","BRA_text793","science",1,"Brazil"
"3528","BRA_text794","science",8,"Brazil"
"3529","BRA_text795","science",1,"Brazil"
"3530","BRA_text796","mathematics",1,"Brazil"
"3531","BRA_text796","science",4,"Brazil"
"3532","BRA_text797","active_listening",1,"Brazil"
"3533","BRA_text797","active_learning",1,"Brazil"
"3534","BRA_text798","science",2,"Brazil"
"3535","BRA_text799","science",6,"Brazil"
"3536","BRA_text801","science",2,"Brazil"
"3537","BRA_text802","active_listening",2,"Brazil"
"3538","BRA_text802","reading_comprehension",2,"Brazil"
"3539","BRA_text802","science",1,"Brazil"
"3540","BRA_text803","science",2,"Brazil"
"3541","BRA_text803","speaking",1,"Brazil"
"3542","BRA_text804","science",1,"Brazil"
"3543","BRA_text805","science",3,"Brazil"
"3544","BRA_text806","active_listening",1,"Brazil"
"3545","BRA_text806","active_learning",1,"Brazil"
"3546","BRA_text807","science",1,"Brazil"
"3547","BRA_text809","reading_comprehension",2,"Brazil"
"3548","BRA_text809","science",1,"Brazil"
"3549","BRA_text809","speaking",1,"Brazil"
"3550","BRA_text809","writing",1,"Brazil"
"3551","BRA_text810","active_listening",1,"Brazil"
"3552","BRA_text810","reading_comprehension",1,"Brazil"
"3553","BRA_text810","science",2,"Brazil"
"3554","BRA_text810","monitoring",4,"Brazil"
"3555","BRA_text811","reading_comprehension",1,"Brazil"
"3556","BRA_text811","science",6,"Brazil"
"3557","BRA_text811","speaking",1,"Brazil"
"3558","BRA_text811","active_learning",1,"Brazil"
"3559","BRA_text811","learning_strategy",3,"Brazil"
"3560","BRA_text812","reading_comprehension",1,"Brazil"
"3561","BRA_text812","science",1,"Brazil"
"3562","BRA_text812","active_learning",1,"Brazil"
"3563","BRA_text813","reading_comprehension",2,"Brazil"
"3564","BRA_text813","science",1,"Brazil"
"3565","BRA_text813","speaking",1,"Brazil"
"3566","BRA_text813","learning_strategy",1,"Brazil"
"3567","BRA_text815","reading_comprehension",3,"Brazil"
"3568","BRA_text815","science",2,"Brazil"
"3569","BRA_text815","speaking",1,"Brazil"
"3570","BRA_text815","monitoring",1,"Brazil"
"3571","BRA_text816","reading_comprehension",2,"Brazil"
"3572","BRA_text816","science",2,"Brazil"
"3573","BRA_text816","speaking",1,"Brazil"
"3574","BRA_text816","critical_thinking",1,"Brazil"
"3575","BRA_text816","monitoring",2,"Brazil"
"3576","BRA_text817","reading_comprehension",1,"Brazil"
"3577","BRA_text817","science",1,"Brazil"
"3578","BRA_text818","science",2,"Brazil"
"3579","BRA_text819","science",7,"Brazil"
"3580","BRA_text819","monitoring",1,"Brazil"
"3581","BRA_text820","science",1,"Brazil"
"3582","BRA_text821","active_listening",1,"Brazil"
"3583","BRA_text822","active_listening",1,"Brazil"
"3584","BRA_text822","science",2,"Brazil"
"3585","BRA_text822","learning_strategy",1,"Brazil"
"3586","BRA_text822","monitoring",1,"Brazil"
"3587","BRA_text823","science",1,"Brazil"
"3588","BRA_text824","science",1,"Brazil"
"3589","BRA_text825","science",6,"Brazil"
"3590","BRA_text825","speaking",1,"Brazil"
"3591","BRA_text828","science",2,"Brazil"
"3592","BRA_text828","speaking",1,"Brazil"
"3593","BRA_text829","reading_comprehension",1,"Brazil"
"3594","BRA_text829","speaking",1,"Brazil"
"3595","BRA_text830","reading_comprehension",1,"Brazil"
"3596","BRA_text830","speaking",1,"Brazil"
"3597","BRA_text832","mathematics",9,"Brazil"
"3598","BRA_text832","reading_comprehension",5,"Brazil"
"3599","BRA_text832","writing",2,"Brazil"
"3600","BRA_text832","monitoring",6,"Brazil"
"3601","BRA_text833","reading_comprehension",2,"Brazil"
"3602","BRA_text833","science",13,"Brazil"
"3603","BRA_text833","speaking",17,"Brazil"
"3604","BRA_text833","active_learning",4,"Brazil"
"3605","BRA_text833","learning_strategy",1,"Brazil"
"3606","BRA_text833","monitoring",2,"Brazil"
"3607","BRA_text834","mathematics",4,"Brazil"
"3608","BRA_text834","science",9,"Brazil"
"3609","BRA_text834","active_learning",2,"Brazil"
"3610","BRA_text834","monitoring",1,"Brazil"
"3611","BRA_text835","mathematics",2,"Brazil"
"3612","BRA_text835","reading_comprehension",2,"Brazil"
"3613","BRA_text835","science",10,"Brazil"
"3614","BRA_text835","speaking",2,"Brazil"
"3615","BRA_text835","active_learning",1,"Brazil"
"3616","BRA_text836","reading_comprehension",2,"Brazil"
"3617","BRA_text836","science",4,"Brazil"
"3618","BRA_text836","learning_strategy",1,"Brazil"
"3619","BRA_text837","mathematics",5,"Brazil"
"3620","BRA_text837","reading_comprehension",4,"Brazil"
"3621","BRA_text837","learning_strategy",1,"Brazil"
"3622","BRA_text838","reading_comprehension",3,"Brazil"
"3623","BRA_text838","science",6,"Brazil"
"3624","BRA_text838","speaking",11,"Brazil"
"3625","BRA_text839","reading_comprehension",5,"Brazil"
"3626","BRA_text839","science",5,"Brazil"
"3627","BRA_text839","speaking",64,"Brazil"
"3628","BRA_text839","critical_thinking",1,"Brazil"
"3629","BRA_text840","reading_comprehension",3,"Brazil"
"3630","BRA_text840","science",15,"Brazil"
"3631","BRA_text841","active_listening",3,"Brazil"
"3632","BRA_text841","reading_comprehension",1,"Brazil"
"3633","BRA_text841","science",7,"Brazil"
"3634","BRA_text841","active_learning",2,"Brazil"
"3635","BRA_text841","critical_thinking",1,"Brazil"
"3636","BRA_text842","reading_comprehension",3,"Brazil"
"3637","BRA_text842","monitoring",1,"Brazil"
"3638","BRA_text843","reading_comprehension",5,"Brazil"
"3639","BRA_text843","science",10,"Brazil"
"3640","BRA_text843","speaking",5,"Brazil"
"3641","BRA_text843","learning_strategy",4,"Brazil"
"3642","BRA_text843","monitoring",12,"Brazil"
"3643","BRA_text844","science",3,"Brazil"
"3644","BRA_text845","mathematics",32,"Brazil"
"3645","BRA_text845","reading_comprehension",9,"Brazil"
"3646","BRA_text845","science",4,"Brazil"
"3647","BRA_text845","writing",2,"Brazil"
"3648","BRA_text846","mathematics",5,"Brazil"
"3649","BRA_text846","reading_comprehension",4,"Brazil"
"3650","BRA_text846","learning_strategy",1,"Brazil"
"3651","BRA_text847","active_listening",1,"Brazil"
"3652","BRA_text847","mathematics",2,"Brazil"
"3653","BRA_text847","reading_comprehension",3,"Brazil"
"3654","BRA_text847","science",14,"Brazil"
"3655","BRA_text847","active_learning",2,"Brazil"
"3656","BRA_text848","active_listening",1,"Brazil"
"3657","BRA_text848","reading_comprehension",2,"Brazil"
"3658","BRA_text848","science",17,"Brazil"
"3659","BRA_text848","critical_thinking",1,"Brazil"
"3660","BRA_text848","monitoring",3,"Brazil"
"3661","BRA_text849","mathematics",2,"Brazil"
"3662","BRA_text849","reading_comprehension",3,"Brazil"
"3663","BRA_text849","science",8,"Brazil"
"3664","BRA_text850","science",1,"Brazil"
"3665","BRA_text851","science",2,"Brazil"
"3666","BRA_text852","reading_comprehension",4,"Brazil"
"3667","BRA_text852","science",1,"Brazil"
"3668","BRA_text853","reading_comprehension",19,"Brazil"
"3669","BRA_text854","reading_comprehension",4,"Brazil"
"3670","BRA_text854","science",1,"Brazil"
"3671","BRA_text855","reading_comprehension",1,"Brazil"
"3672","BRA_text856","science",2,"Brazil"
"3673","BRA_text857","science",2,"Brazil"
"3674","BRA_text857","learning_strategy",1,"Brazil"
"3675","BRA_text858","science",2,"Brazil"
"3676","BRA_text858","learning_strategy",1,"Brazil"
"3677","BRA_text859","science",1,"Brazil"
"3678","BRA_text860","active_listening",1,"Brazil"
"3679","BRA_text860","science",1,"Brazil"
"3680","BRA_text860","learning_strategy",2,"Brazil"
"3681","BRA_text861","active_listening",1,"Brazil"
"3682","BRA_text862","science",9,"Brazil"
"3683","BRA_text862","active_learning",3,"Brazil"
"3684","BRA_text862","critical_thinking",1,"Brazil"
"3685","BRA_text862","monitoring",2,"Brazil"
"3686","BRA_text863","active_listening",2,"Brazil"
"3687","BRA_text863","science",6,"Brazil"
"3688","BRA_text863","speaking",1,"Brazil"
"3689","BRA_text863","monitoring",1,"Brazil"
"3690","BRA_text864","science",1,"Brazil"
"3691","BRA_text865","science",2,"Brazil"
"3692","BRA_text866","active_listening",1,"Brazil"
"3693","BRA_text866","science",2,"Brazil"
"3694","BRA_text866","speaking",1,"Brazil"
"3695","BRA_text867","science",4,"Brazil"
"3696","BRA_text867","speaking",2,"Brazil"
"3697","BRA_text868","science",6,"Brazil"
"3698","BRA_text868","speaking",2,"Brazil"
"3699","BRA_text869","active_listening",1,"Brazil"
"3700","BRA_text869","science",4,"Brazil"
"3701","BRA_text870","active_listening",2,"Brazil"
"3702","BRA_text870","science",4,"Brazil"
"3703","BRA_text870","active_learning",2,"Brazil"
"3704","BRA_text871","reading_comprehension",3,"Brazil"
"3705","BRA_text871","speaking",1,"Brazil"
"3706","BRA_text872","active_listening",2,"Brazil"
"3707","BRA_text872","science",1,"Brazil"
"3708","BRA_text873","active_listening",2,"Brazil"
"3709","BRA_text873","science",9,"Brazil"
"3710","BRA_text874","active_listening",2,"Brazil"
"3711","BRA_text874","reading_comprehension",3,"Brazil"
"3712","BRA_text874","science",22,"Brazil"
"3713","BRA_text874","active_learning",1,"Brazil"
"3714","BRA_text874","learning_strategy",1,"Brazil"
"3715","BRA_text874","monitoring",1,"Brazil"
"3716","BRA_text875","reading_comprehension",1,"Brazil"
"3717","BRA_text875","science",10,"Brazil"
"3718","BRA_text875","learning_strategy",1,"Brazil"
"3719","BRA_text876","active_listening",2,"Brazil"
"3720","BRA_text876","reading_comprehension",3,"Brazil"
"3721","BRA_text876","science",22,"Brazil"
"3722","BRA_text876","active_learning",1,"Brazil"
"3723","BRA_text876","learning_strategy",1,"Brazil"
"3724","BRA_text876","monitoring",1,"Brazil"
"3725","BRA_text877","active_listening",2,"Brazil"
"3726","BRA_text877","science",1,"Brazil"
"3727","BRA_text878","active_listening",2,"Brazil"
"3728","BRA_text878","science",1,"Brazil"
"3729","BRA_text879","science",21,"Brazil"
"3730","BRA_text879","speaking",3,"Brazil"
"3731","BRA_text879","active_learning",2,"Brazil"
"3732","BRA_text879","learning_strategy",1,"Brazil"
"3733","BRA_text880","active_listening",1,"Brazil"
"3734","BRA_text880","science",1,"Brazil"
"3735","BRA_text881","active_listening",1,"Brazil"
"3736","BRA_text881","reading_comprehension",2,"Brazil"
"3737","BRA_text881","science",3,"Brazil"
"3738","BRA_text881","speaking",1,"Brazil"
"3739","BRA_text882","active_listening",1,"Brazil"
"3740","BRA_text882","reading_comprehension",2,"Brazil"
"3741","BRA_text882","science",11,"Brazil"
"3742","BRA_text882","speaking",1,"Brazil"
"3743","BRA_text883","active_listening",1,"Brazil"
"3744","BRA_text883","reading_comprehension",2,"Brazil"
"3745","BRA_text883","science",5,"Brazil"
"3746","BRA_text883","speaking",1,"Brazil"
"3747","BRA_text884","active_listening",1,"Brazil"
"3748","BRA_text884","reading_comprehension",2,"Brazil"
"3749","BRA_text884","science",3,"Brazil"
"3750","BRA_text884","speaking",1,"Brazil"
"3751","BRA_text885","active_listening",1,"Brazil"
"3752","BRA_text885","reading_comprehension",2,"Brazil"
"3753","BRA_text885","science",17,"Brazil"
"3754","BRA_text885","critical_thinking",1,"Brazil"
"3755","BRA_text885","monitoring",3,"Brazil"
"3756","BRA_text886","science",1,"Brazil"
"3757","BRA_text887","science",4,"Brazil"
"3758","BRA_text888","active_listening",1,"Brazil"
"3759","BRA_text888","science",8,"Brazil"
"3760","BRA_text888","learning_strategy",1,"Brazil"
"3761","BRA_text888","monitoring",1,"Brazil"
"3762","BRA_text889","active_listening",1,"Brazil"
"3763","BRA_text889","reading_comprehension",2,"Brazil"
"3764","BRA_text889","science",3,"Brazil"
"3765","BRA_text889","speaking",1,"Brazil"
"3766","BRA_text890","science",5,"Brazil"
"3767","BRA_text891","active_listening",1,"Brazil"
"3768","BRA_text891","reading_comprehension",2,"Brazil"
"3769","BRA_text891","science",6,"Brazil"
"3770","BRA_text891","speaking",1,"Brazil"
"3771","BRA_text892","science",5,"Brazil"
"3772","BRA_text893","science",6,"Brazil"
"3773","BRA_text893","speaking",3,"Brazil"
"3774","BRA_text893","monitoring",1,"Brazil"
"3775","BRA_text894","science",6,"Brazil"
"3776","BRA_text896","reading_comprehension",3,"Brazil"
"3777","BRA_text896","speaking",1,"Brazil"
"3778","BRA_text898","science",20,"Brazil"
"3779","BRA_text899","reading_comprehension",1,"Brazil"
"3780","BRA_text900","active_listening",3,"Brazil"
"3781","BRA_text900","reading_comprehension",2,"Brazil"
"3782","BRA_text900","science",2,"Brazil"
"3783","BRA_text900","speaking",1,"Brazil"
"3784","BRA_text900","critical_thinking",1,"Brazil"
"3785","BRA_text900","learning_strategy",1,"Brazil"
"3786","BRA_text900","monitoring",1,"Brazil"
"3787","BRA_text901","science",1,"Brazil"
"3788","BRA_text901","learning_strategy",1,"Brazil"
"3789","BRA_text905","science",4,"Brazil"
"3790","BRA_text906","science",6,"Brazil"
"3791","BRA_text907","reading_comprehension",1,"Brazil"
"3792","BRA_text907","science",4,"Brazil"
"3793","BRA_text907","learning_strategy",3,"Brazil"
"3794","BRA_text908","reading_comprehension",1,"Brazil"
"3795","BRA_text908","science",4,"Brazil"
"3796","BRA_text908","learning_strategy",3,"Brazil"
"3797","BRA_text909","reading_comprehension",1,"Brazil"
"3798","BRA_text910","reading_comprehension",1,"Brazil"
"3799","BRA_text911","science",10,"Brazil"
"3800","BRA_text912","science",2,"Brazil"
"3801","BRA_text913","mathematics",1,"Brazil"
"3802","BRA_text913","science",8,"Brazil"
"3803","BRA_text913","speaking",1,"Brazil"
"3804","BRA_text914","science",12,"Brazil"
"3805","BRA_text916","reading_comprehension",1,"Brazil"
"3806","BRA_text916","science",13,"Brazil"
"3807","BRA_text916","active_learning",2,"Brazil"
"3808","BRA_text916","learning_strategy",4,"Brazil"
"3809","BRA_text917","science",3,"Brazil"
"3810","BRA_text918","science",4,"Brazil"
"3811","BRA_text919","science",5,"Brazil"
"3812","BRA_text920","science",3,"Brazil"
"3813","BRA_text921","reading_comprehension",1,"Brazil"
"3814","BRA_text921","active_learning",1,"Brazil"
"3815","BRA_text922","reading_comprehension",1,"Brazil"
"3816","BRA_text922","speaking",2,"Brazil"
"3817","CHL_text1","science",14,"Chile"
"3818","CHL_text1","writing",2,"Chile"
"3819","CHL_text1","active_learning",1,"Chile"
"3820","CHL_text1","critical_thinking",1,"Chile"
"3821","CHL_text2","active_listening",1,"Chile"
"3822","CHL_text2","reading_comprehension",1,"Chile"
"3823","CHL_text2","science",7,"Chile"
"3824","CHL_text2","critical_thinking",4,"Chile"
"3825","CHL_text2","learning_strategy",4,"Chile"
"3826","CHL_text2","monitoring",2,"Chile"
"3827","CHL_text3","active_listening",1,"Chile"
"3828","CHL_text3","science",24,"Chile"
"3829","CHL_text3","speaking",1,"Chile"
"3830","CHL_text3","learning_strategy",1,"Chile"
"3831","CHL_text4","active_listening",2,"Chile"
"3832","CHL_text4","reading_comprehension",1,"Chile"
"3833","CHL_text4","science",10,"Chile"
"3834","CHL_text4","active_learning",2,"Chile"
"3835","CHL_text5","science",27,"Chile"
"3836","CHL_text5","learning_strategy",1,"Chile"
"3837","CHL_text6","active_listening",2,"Chile"
"3838","CHL_text6","reading_comprehension",1,"Chile"
"3839","CHL_text6","science",12,"Chile"
"3840","CHL_text6","active_learning",2,"Chile"
"3841","CHL_text7","science",9,"Chile"
"3842","CHL_text7","speaking",1,"Chile"
"3843","CHL_text7","active_learning",1,"Chile"
"3844","CHL_text8","science",27,"Chile"
"3845","CHL_text8","monitoring",1,"Chile"
"3846","CHL_text9","science",8,"Chile"
"3847","CHL_text9","speaking",1,"Chile"
"3848","CHL_text10","science",17,"Chile"
"3849","CHL_text10","speaking",1,"Chile"
"3850","CHL_text10","critical_thinking",1,"Chile"
"3851","CHL_text11","active_listening",1,"Chile"
"3852","CHL_text11","reading_comprehension",2,"Chile"
"3853","CHL_text11","science",52,"Chile"
"3854","CHL_text11","speaking",3,"Chile"
"3855","CHL_text11","critical_thinking",1,"Chile"
"3856","CHL_text11","learning_strategy",2,"Chile"
"3857","CHL_text11","monitoring",3,"Chile"
"3858","CHL_text12","active_listening",1,"Chile"
"3859","CHL_text12","reading_comprehension",21,"Chile"
"3860","CHL_text12","science",22,"Chile"
"3861","CHL_text12","speaking",10,"Chile"
"3862","CHL_text12","critical_thinking",2,"Chile"
"3863","CHL_text12","learning_strategy",15,"Chile"
"3864","CHL_text12","monitoring",4,"Chile"
"3865","CHL_text13","science",1,"Chile"
"3866","CHL_text14","science",5,"Chile"
"3867","CHL_text14","speaking",1,"Chile"
"3868","CHL_text14","learning_strategy",31,"Chile"
"3869","CHL_text15","reading_comprehension",1,"Chile"
"3870","CHL_text15","science",13,"Chile"
"3871","CHL_text15","learning_strategy",2,"Chile"
"3872","CHL_text16","reading_comprehension",1,"Chile"
"3873","CHL_text16","science",13,"Chile"
"3874","CHL_text16","learning_strategy",2,"Chile"
"3875","CHL_text17","reading_comprehension",2,"Chile"
"3876","CHL_text17","science",16,"Chile"
"3877","CHL_text17","speaking",1,"Chile"
"3878","CHL_text17","learning_strategy",1,"Chile"
"3879","CHL_text18","reading_comprehension",2,"Chile"
"3880","CHL_text18","learning_strategy",1,"Chile"
"3881","CHL_text22","active_listening",3,"Chile"
"3882","CHL_text22","reading_comprehension",3,"Chile"
"3883","CHL_text22","science",82,"Chile"
"3884","CHL_text22","speaking",1,"Chile"
"3885","CHL_text22","writing",1,"Chile"
"3886","CHL_text22","active_learning",1,"Chile"
"3887","CHL_text22","monitoring",2,"Chile"
"3888","CHL_text23","science",6,"Chile"
"3889","CHL_text23","monitoring",4,"Chile"
"3890","CHL_text24","active_listening",3,"Chile"
"3891","CHL_text24","reading_comprehension",1,"Chile"
"3892","CHL_text24","science",51,"Chile"
"3893","CHL_text24","writing",1,"Chile"
"3894","CHL_text24","learning_strategy",3,"Chile"
"3895","CHL_text24","monitoring",2,"Chile"
"3896","CHL_text25","active_listening",1,"Chile"
"3897","CHL_text25","science",10,"Chile"
"3898","CHL_text25","critical_thinking",1,"Chile"
"3899","CHL_text25","monitoring",1,"Chile"
"3900","CHL_text26","active_listening",3,"Chile"
"3901","CHL_text26","reading_comprehension",5,"Chile"
"3902","CHL_text26","science",11,"Chile"
"3903","CHL_text26","speaking",1,"Chile"
"3904","CHL_text26","writing",1,"Chile"
"3905","CHL_text27","active_listening",7,"Chile"
"3906","CHL_text27","reading_comprehension",2,"Chile"
"3907","CHL_text27","science",6,"Chile"
"3908","CHL_text27","speaking",30,"Chile"
"3909","CHL_text27","writing",3,"Chile"
"3910","CHL_text27","active_learning",1,"Chile"
"3911","CHL_text27","monitoring",1,"Chile"
"3912","CHL_text28","reading_comprehension",1,"Chile"
"3913","CHL_text28","science",4,"Chile"
"3914","CHL_text28","monitoring",1,"Chile"
"3915","CHL_text29","reading_comprehension",5,"Chile"
"3916","CHL_text29","science",1,"Chile"
"3917","CHL_text29","speaking",2,"Chile"
"3918","CHL_text29","writing",5,"Chile"
"3919","CHL_text29","active_learning",1,"Chile"
"3920","CHL_text29","learning_strategy",10,"Chile"
"3921","CHL_text30","science",15,"Chile"
"3922","CHL_text30","active_learning",1,"Chile"
"3923","CHL_text30","learning_strategy",1,"Chile"
"3924","CHL_text31","active_listening",2,"Chile"
"3925","CHL_text31","reading_comprehension",6,"Chile"
"3926","CHL_text31","science",23,"Chile"
"3927","CHL_text31","speaking",1,"Chile"
"3928","CHL_text31","writing",1,"Chile"
"3929","CHL_text31","learning_strategy",1,"Chile"
"3930","CHL_text31","monitoring",2,"Chile"
"3931","CHL_text32","active_listening",1,"Chile"
"3932","CHL_text32","reading_comprehension",7,"Chile"
"3933","CHL_text32","science",34,"Chile"
"3934","CHL_text32","speaking",1,"Chile"
"3935","CHL_text32","learning_strategy",1,"Chile"
"3936","CHL_text33","active_listening",1,"Chile"
"3937","CHL_text33","reading_comprehension",2,"Chile"
"3938","CHL_text33","science",6,"Chile"
"3939","CHL_text33","writing",1,"Chile"
"3940","CHL_text33","active_learning",2,"Chile"
"3941","CHL_text33","learning_strategy",1,"Chile"
"3942","CHL_text34","active_listening",1,"Chile"
"3943","CHL_text34","reading_comprehension",8,"Chile"
"3944","CHL_text34","science",10,"Chile"
"3945","CHL_text34","learning_strategy",1,"Chile"
"3946","CHL_text35","reading_comprehension",1,"Chile"
"3947","CHL_text35","science",3,"Chile"
"3948","CHL_text35","learning_strategy",3,"Chile"
"3949","CHL_text36","science",23,"Chile"
"3950","CHL_text37","science",3,"Chile"
"3951","CHL_text37","learning_strategy",1,"Chile"
"3952","CHL_text38","active_listening",1,"Chile"
"3953","CHL_text38","science",8,"Chile"
"3954","CHL_text38","learning_strategy",1,"Chile"
"3955","CHL_text39","reading_comprehension",1,"Chile"
"3956","CHL_text39","science",8,"Chile"
"3957","CHL_text39","critical_thinking",1,"Chile"
"3958","CHL_text40","active_listening",2,"Chile"
"3959","CHL_text40","reading_comprehension",5,"Chile"
"3960","CHL_text40","science",21,"Chile"
"3961","CHL_text40","writing",1,"Chile"
"3962","CHL_text40","active_learning",1,"Chile"
"3963","CHL_text41","active_listening",1,"Chile"
"3964","CHL_text41","science",60,"Chile"
"3965","CHL_text41","critical_thinking",2,"Chile"
"3966","CHL_text41","learning_strategy",18,"Chile"
"3967","CHL_text42","active_listening",1,"Chile"
"3968","CHL_text42","science",17,"Chile"
"3969","CHL_text42","writing",1,"Chile"
"3970","CHL_text42","learning_strategy",1,"Chile"
"3971","CHL_text43","active_listening",10,"Chile"
"3972","CHL_text43","reading_comprehension",2,"Chile"
"3973","CHL_text43","science",12,"Chile"
"3974","CHL_text43","speaking",90,"Chile"
"3975","CHL_text43","critical_thinking",2,"Chile"
"3976","CHL_text43","learning_strategy",5,"Chile"
"3977","CHL_text43","monitoring",2,"Chile"
"3978","CHL_text44","active_listening",3,"Chile"
"3979","CHL_text44","reading_comprehension",1,"Chile"
"3980","CHL_text44","science",20,"Chile"
"3981","CHL_text44","speaking",55,"Chile"
"3982","CHL_text44","critical_thinking",1,"Chile"
"3983","CHL_text44","learning_strategy",11,"Chile"
"3984","CHL_text44","monitoring",3,"Chile"
"3985","CHL_text45","active_listening",1,"Chile"
"3986","CHL_text45","reading_comprehension",1,"Chile"
"3987","CHL_text45","science",7,"Chile"
"3988","CHL_text45","speaking",1,"Chile"
"3989","CHL_text45","critical_thinking",1,"Chile"
"3990","CHL_text46","reading_comprehension",5,"Chile"
"3991","CHL_text46","science",8,"Chile"
"3992","CHL_text46","speaking",2,"Chile"
"3993","CHL_text47","active_listening",1,"Chile"
"3994","CHL_text47","science",6,"Chile"
"3995","CHL_text47","speaking",1,"Chile"
"3996","CHL_text47","active_learning",1,"Chile"
"3997","CHL_text47","learning_strategy",1,"Chile"
"3998","CHL_text48","active_listening",1,"Chile"
"3999","CHL_text48","reading_comprehension",1,"Chile"
"4000","CHL_text48","science",3,"Chile"
"4001","CHL_text48","speaking",1,"Chile"
"4002","CHL_text48","active_learning",1,"Chile"
"4003","CHL_text48","learning_strategy",4,"Chile"
"4004","CHL_text49","science",5,"Chile"
"4005","CHL_text49","speaking",1,"Chile"
"4006","CHL_text49","active_learning",1,"Chile"
"4007","CHL_text49","learning_strategy",14,"Chile"
"4008","CHL_text50","mathematics",6,"Chile"
"4009","CHL_text50","science",3,"Chile"
"4010","CHL_text50","critical_thinking",1,"Chile"
"4011","CHL_text50","learning_strategy",4,"Chile"
"4012","CHL_text51","science",11,"Chile"
"4013","CHL_text51","speaking",1,"Chile"
"4014","CHL_text51","learning_strategy",6,"Chile"
"4015","CHL_text51","monitoring",1,"Chile"
"4016","CHL_text52","science",4,"Chile"
"4017","CHL_text52","learning_strategy",6,"Chile"
"4018","CHL_text52","monitoring",1,"Chile"
"4019","CHL_text53","active_listening",2,"Chile"
"4020","CHL_text53","reading_comprehension",2,"Chile"
"4021","CHL_text53","science",27,"Chile"
"4022","CHL_text53","active_learning",1,"Chile"
"4023","CHL_text54","learning_strategy",9,"Chile"
"4024","CHL_text54","monitoring",1,"Chile"
"4025","CHL_text55","science",1,"Chile"
"4026","CHL_text55","speaking",1,"Chile"
"4027","CHL_text55","learning_strategy",1,"Chile"
"4028","CHL_text56","science",3,"Chile"
"4029","CHL_text56","speaking",1,"Chile"
"4030","CHL_text56","active_learning",1,"Chile"
"4031","CHL_text56","monitoring",1,"Chile"
"4032","CHL_text57","mathematics",2,"Chile"
"4033","CHL_text57","science",4,"Chile"
"4034","CHL_text58","active_listening",1,"Chile"
"4035","CHL_text58","reading_comprehension",4,"Chile"
"4036","CHL_text58","science",8,"Chile"
"4037","CHL_text58","speaking",1,"Chile"
"4038","CHL_text58","writing",1,"Chile"
"4039","CHL_text59","science",3,"Chile"
"4040","CHL_text59","speaking",1,"Chile"
"4041","CHL_text59","writing",1,"Chile"
"4042","CHL_text59","critical_thinking",1,"Chile"
"4043","CHL_text60","active_listening",1,"Chile"
"4044","CHL_text60","reading_comprehension",2,"Chile"
"4045","CHL_text60","science",34,"Chile"
"4046","CHL_text61","active_listening",1,"Chile"
"4047","CHL_text61","reading_comprehension",1,"Chile"
"4048","CHL_text61","science",30,"Chile"
"4049","CHL_text61","active_learning",2,"Chile"
"4050","CHL_text61","learning_strategy",1,"Chile"
"4051","CHL_text62","active_listening",3,"Chile"
"4052","CHL_text62","reading_comprehension",5,"Chile"
"4053","CHL_text62","science",89,"Chile"
"4054","CHL_text62","speaking",1,"Chile"
"4055","CHL_text62","writing",2,"Chile"
"4056","CHL_text62","active_learning",3,"Chile"
"4057","CHL_text62","monitoring",2,"Chile"
"4058","CHL_text63","active_listening",2,"Chile"
"4059","CHL_text63","reading_comprehension",1,"Chile"
"4060","CHL_text63","science",66,"Chile"
"4061","CHL_text63","speaking",2,"Chile"
"4062","CHL_text63","writing",1,"Chile"
"4063","CHL_text63","active_learning",1,"Chile"
"4064","CHL_text63","critical_thinking",1,"Chile"
"4065","CHL_text63","learning_strategy",2,"Chile"
"4066","CHL_text64","active_listening",2,"Chile"
"4067","CHL_text64","reading_comprehension",2,"Chile"
"4068","CHL_text64","science",68,"Chile"
"4069","CHL_text64","speaking",3,"Chile"
"4070","CHL_text64","active_learning",1,"Chile"
"4071","CHL_text64","learning_strategy",1,"Chile"
"4072","CHL_text65","active_listening",1,"Chile"
"4073","CHL_text65","reading_comprehension",3,"Chile"
"4074","CHL_text65","science",59,"Chile"
"4075","CHL_text65","speaking",51,"Chile"
"4076","CHL_text65","active_learning",1,"Chile"
"4077","CHL_text65","critical_thinking",1,"Chile"
"4078","CHL_text65","learning_strategy",2,"Chile"
"4079","CHL_text65","monitoring",1,"Chile"
"4080","CHL_text66","mathematics",3,"Chile"
"4081","CHL_text66","science",11,"Chile"
"4082","CHL_text67","active_listening",1,"Chile"
"4083","CHL_text67","reading_comprehension",1,"Chile"
"4084","CHL_text67","science",23,"Chile"
"4085","CHL_text67","speaking",2,"Chile"
"4086","CHL_text67","active_learning",2,"Chile"
"4087","CHL_text68","reading_comprehension",2,"Chile"
"4088","CHL_text68","science",29,"Chile"
"4089","CHL_text68","speaking",1,"Chile"
"4090","CHL_text68","writing",2,"Chile"
"4091","CHL_text68","active_learning",1,"Chile"
"4092","CHL_text68","critical_thinking",1,"Chile"
"4093","CHL_text68","learning_strategy",1,"Chile"
"4094","CHL_text69","science",1,"Chile"
"4095","CHL_text69","learning_strategy",3,"Chile"
"4096","CHL_text69","monitoring",2,"Chile"
"4097","CHL_text70","science",1,"Chile"
"4098","CHL_text70","learning_strategy",3,"Chile"
"4099","CHL_text70","monitoring",1,"Chile"
"4100","CHL_text71","science",2,"Chile"
"4101","CHL_text71","speaking",13,"Chile"
"4102","CHL_text71","learning_strategy",4,"Chile"
"4103","CHL_text71","monitoring",2,"Chile"
"4104","CHL_text72","active_listening",1,"Chile"
"4105","CHL_text72","science",2,"Chile"
"4106","CHL_text72","learning_strategy",3,"Chile"
"4107","CHL_text72","monitoring",1,"Chile"
"4108","CHL_text73","active_listening",1,"Chile"
"4109","CHL_text73","science",10,"Chile"
"4110","CHL_text74","science",1,"Chile"
"4111","CHL_text74","speaking",1,"Chile"
"4112","CHL_text75","active_listening",2,"Chile"
"4113","CHL_text75","science",2,"Chile"
"4114","CHL_text75","active_learning",2,"Chile"
"4115","CHL_text77","science",28,"Chile"
"4116","CHL_text77","active_learning",1,"Chile"
"4117","CHL_text77","learning_strategy",5,"Chile"
"4118","CHL_text78","active_listening",1,"Chile"
"4119","CHL_text78","reading_comprehension",2,"Chile"
"4120","CHL_text78","science",13,"Chile"
"4121","CHL_text78","monitoring",1,"Chile"
"4122","CHL_text79","reading_comprehension",1,"Chile"
"4123","CHL_text79","science",20,"Chile"
"4124","CHL_text80","active_listening",1,"Chile"
"4125","CHL_text80","reading_comprehension",2,"Chile"
"4126","CHL_text80","science",17,"Chile"
"4127","CHL_text81","mathematics",1,"Chile"
"4128","CHL_text81","science",9,"Chile"
"4129","CHL_text82","reading_comprehension",1,"Chile"
"4130","CHL_text82","science",17,"Chile"
"4131","CHL_text82","speaking",2,"Chile"
"4132","CHL_text83","science",8,"Chile"
"4133","CHL_text84","science",5,"Chile"
"4134","CHL_text85","science",8,"Chile"
"4135","CHL_text86","active_listening",1,"Chile"
"4136","CHL_text86","mathematics",1,"Chile"
"4137","CHL_text86","reading_comprehension",1,"Chile"
"4138","CHL_text86","science",15,"Chile"
"4139","CHL_text86","critical_thinking",1,"Chile"
"4140","CHL_text86","learning_strategy",1,"Chile"
"4141","CHL_text87","science",13,"Chile"
"4142","CHL_text88","science",11,"Chile"
"4143","CHL_text89","reading_comprehension",1,"Chile"
"4144","CHL_text89","science",2,"Chile"
"4145","CHL_text89","speaking",2,"Chile"
"4146","CHL_text89","writing",1,"Chile"
"4147","CHL_text89","monitoring",1,"Chile"
"4148","CHL_text90","active_listening",2,"Chile"
"4149","CHL_text90","reading_comprehension",1,"Chile"
"4150","CHL_text90","science",4,"Chile"
"4151","CHL_text90","speaking",22,"Chile"
"4152","CHL_text91","active_listening",2,"Chile"
"4153","CHL_text91","reading_comprehension",1,"Chile"
"4154","CHL_text91","science",10,"Chile"
"4155","CHL_text91","speaking",23,"Chile"
"4156","CHL_text91","writing",1,"Chile"
"4157","CHL_text91","monitoring",1,"Chile"
"4158","CHL_text92","active_listening",1,"Chile"
"4159","CHL_text92","reading_comprehension",2,"Chile"
"4160","CHL_text92","science",10,"Chile"
"4161","CHL_text92","critical_thinking",2,"Chile"
"4162","CHL_text92","monitoring",1,"Chile"
"4163","CHL_text93","active_listening",2,"Chile"
"4164","CHL_text93","reading_comprehension",3,"Chile"
"4165","CHL_text93","science",19,"Chile"
"4166","CHL_text93","speaking",1,"Chile"
"4167","CHL_text93","active_learning",3,"Chile"
"4168","CHL_text93","critical_thinking",1,"Chile"
"4169","CHL_text93","learning_strategy",1,"Chile"
"4170","CHL_text94","active_listening",2,"Chile"
"4171","CHL_text94","reading_comprehension",1,"Chile"
"4172","CHL_text94","science",4,"Chile"
"4173","CHL_text94","speaking",1,"Chile"
"4174","CHL_text94","active_learning",1,"Chile"
"4175","CHL_text94","learning_strategy",1,"Chile"
"4176","CHL_text94","monitoring",1,"Chile"
"4177","CHL_text95","active_listening",2,"Chile"
"4178","CHL_text95","science",15,"Chile"
"4179","CHL_text95","speaking",7,"Chile"
"4180","CHL_text95","critical_thinking",1,"Chile"
"4181","CHL_text95","learning_strategy",8,"Chile"
"4182","CHL_text95","monitoring",3,"Chile"
"4183","CHL_text96","reading_comprehension",1,"Chile"
"4184","CHL_text96","science",7,"Chile"
"4185","CHL_text96","learning_strategy",2,"Chile"
"4186","CHL_text97","active_listening",1,"Chile"
"4187","CHL_text97","science",10,"Chile"
"4188","CHL_text97","critical_thinking",1,"Chile"
"4189","CHL_text97","learning_strategy",2,"Chile"
"4190","CHL_text98","active_listening",1,"Chile"
"4191","CHL_text98","science",10,"Chile"
"4192","CHL_text98","critical_thinking",1,"Chile"
"4193","CHL_text98","learning_strategy",2,"Chile"
"4194","CHL_text99","reading_comprehension",1,"Chile"
"4195","CHL_text99","science",15,"Chile"
"4196","CHL_text100","reading_comprehension",2,"Chile"
"4197","CHL_text100","science",46,"Chile"
"4198","CHL_text101","mathematics",1,"Chile"
"4199","CHL_text101","science",10,"Chile"
"4200","CHL_text102","active_listening",1,"Chile"
"4201","CHL_text102","reading_comprehension",1,"Chile"
"4202","CHL_text102","science",7,"Chile"
"4203","CHL_text102","speaking",3,"Chile"
"4204","CHL_text102","writing",1,"Chile"
"4205","CHL_text102","learning_strategy",5,"Chile"
"4206","CHL_text103","reading_comprehension",2,"Chile"
"4207","CHL_text103","science",24,"Chile"
"4208","CHL_text103","speaking",1,"Chile"
"4209","CHL_text103","writing",1,"Chile"
"4210","CHL_text103","active_learning",1,"Chile"
"4211","CHL_text104","science",40,"Chile"
"4212","CHL_text105","active_listening",1,"Chile"
"4213","CHL_text105","science",5,"Chile"
"4214","CHL_text105","speaking",1,"Chile"
"4215","CHL_text106","science",20,"Chile"
"4216","CHL_text107","mathematics",10,"Chile"
"4217","CHL_text107","science",26,"Chile"
"4218","CHL_text107","speaking",1,"Chile"
"4219","CHL_text108","science",6,"Chile"
"4220","CHL_text109","active_listening",1,"Chile"
"4221","CHL_text109","reading_comprehension",1,"Chile"
"4222","CHL_text109","science",9,"Chile"
"4223","CHL_text110","science",14,"Chile"
"4224","CHL_text110","speaking",2,"Chile"
"4225","CHL_text111","science",3,"Chile"
"4226","CHL_text111","writing",1,"Chile"
"4227","CHL_text112","science",19,"Chile"
"4228","CHL_text112","critical_thinking",2,"Chile"
"4229","CHL_text113","science",16,"Chile"
"4230","CHL_text113","learning_strategy",1,"Chile"
"4231","CHL_text114","science",20,"Chile"
"4232","CHL_text114","critical_thinking",1,"Chile"
"4233","CHL_text115","active_listening",1,"Chile"
"4234","CHL_text115","science",10,"Chile"
"4235","CHL_text116","active_listening",1,"Chile"
"4236","CHL_text116","science",22,"Chile"
"4237","CHL_text117","reading_comprehension",4,"Chile"
"4238","CHL_text117","science",4,"Chile"
"4239","CHL_text117","speaking",1,"Chile"
"4240","CHL_text117","writing",2,"Chile"
"4241","CHL_text117","active_learning",1,"Chile"
"4242","CHL_text117","learning_strategy",10,"Chile"
"4243","CHL_text117","monitoring",1,"Chile"
"4244","CHL_text118","active_listening",2,"Chile"
"4245","CHL_text118","science",7,"Chile"
"4246","CHL_text118","speaking",1,"Chile"
"4247","CHL_text118","critical_thinking",1,"Chile"
"4248","CHL_text118","monitoring",1,"Chile"
"4249","CHL_text119","science",10,"Chile"
"4250","CHL_text120","reading_comprehension",1,"Chile"
"4251","CHL_text120","science",5,"Chile"
"4252","CHL_text121","reading_comprehension",1,"Chile"
"4253","CHL_text121","science",3,"Chile"
"4254","CHL_text121","speaking",1,"Chile"
"4255","CHL_text122","active_listening",1,"Chile"
"4256","CHL_text122","science",38,"Chile"
"4257","CHL_text122","speaking",1,"Chile"
"4258","CHL_text122","critical_thinking",2,"Chile"
"4259","CHL_text123","science",4,"Chile"
"4260","CHL_text123","speaking",1,"Chile"
"4261","CHL_text123","critical_thinking",1,"Chile"
"4262","CHL_text124","active_listening",4,"Chile"
"4263","CHL_text124","mathematics",1,"Chile"
"4264","CHL_text124","reading_comprehension",4,"Chile"
"4265","CHL_text124","science",24,"Chile"
"4266","CHL_text124","speaking",2,"Chile"
"4267","CHL_text124","writing",1,"Chile"
"4268","CHL_text124","active_learning",2,"Chile"
"4269","CHL_text124","learning_strategy",1,"Chile"
"4270","CHL_text125","reading_comprehension",4,"Chile"
"4271","CHL_text125","science",22,"Chile"
"4272","CHL_text125","writing",2,"Chile"
"4273","CHL_text125","learning_strategy",3,"Chile"
"4274","CHL_text126","active_listening",3,"Chile"
"4275","CHL_text126","reading_comprehension",3,"Chile"
"4276","CHL_text126","science",41,"Chile"
"4277","CHL_text126","writing",1,"Chile"
"4278","CHL_text126","critical_thinking",1,"Chile"
"4279","CHL_text126","learning_strategy",1,"Chile"
"4280","CHL_text127","active_listening",2,"Chile"
"4281","CHL_text127","reading_comprehension",5,"Chile"
"4282","CHL_text127","science",28,"Chile"
"4283","CHL_text127","speaking",2,"Chile"
"4284","CHL_text127","active_learning",1,"Chile"
"4285","CHL_text128","science",4,"Chile"
"4286","CHL_text128","speaking",1,"Chile"
"4287","CHL_text128","monitoring",2,"Chile"
"4288","CHL_text129","active_listening",1,"Chile"
"4289","CHL_text129","science",9,"Chile"
"4290","CHL_text129","speaking",2,"Chile"
"4291","CHL_text130","science",19,"Chile"
"4292","CHL_text130","writing",1,"Chile"
"4293","CHL_text131","active_listening",1,"Chile"
"4294","CHL_text131","mathematics",1,"Chile"
"4295","CHL_text131","science",24,"Chile"
"4296","CHL_text131","speaking",2,"Chile"
"4297","CHL_text131","writing",2,"Chile"
"4298","CHL_text132","science",9,"Chile"
"4299","CHL_text133","reading_comprehension",1,"Chile"
"4300","CHL_text133","science",13,"Chile"
"4301","CHL_text133","speaking",2,"Chile"
"4302","CHL_text133","writing",2,"Chile"
"4303","CHL_text133","learning_strategy",1,"Chile"
"4304","CHL_text134","active_listening",2,"Chile"
"4305","CHL_text134","reading_comprehension",3,"Chile"
"4306","CHL_text134","science",61,"Chile"
"4307","CHL_text134","speaking",3,"Chile"
"4308","CHL_text134","monitoring",1,"Chile"
"4309","CHL_text135","reading_comprehension",3,"Chile"
"4310","CHL_text135","science",1,"Chile"
"4311","CHL_text136","mathematics",4,"Chile"
"4312","CHL_text136","reading_comprehension",2,"Chile"
"4313","CHL_text136","science",14,"Chile"
"4314","CHL_text136","learning_strategy",1,"Chile"
"4315","CHL_text137","reading_comprehension",1,"Chile"
"4316","CHL_text137","science",8,"Chile"
"4317","CHL_text138","science",2,"Chile"
"4318","CHL_text138","speaking",16,"Chile"
"4319","CHL_text138","learning_strategy",1,"Chile"
"4320","CHL_text139","reading_comprehension",1,"Chile"
"4321","CHL_text139","science",14,"Chile"
"4322","CHL_text140","mathematics",5,"Chile"
"4323","CHL_text140","science",12,"Chile"
"4324","CHL_text140","speaking",1,"Chile"
"4325","CHL_text141","active_listening",2,"Chile"
"4326","CHL_text141","science",33,"Chile"
"4327","CHL_text141","learning_strategy",2,"Chile"
"4328","CHL_text141","monitoring",2,"Chile"
"4329","CHL_text142","science",4,"Chile"
"4330","CHL_text143","active_listening",1,"Chile"
"4331","CHL_text143","science",16,"Chile"
"4332","CHL_text143","speaking",1,"Chile"
"4333","CHL_text143","active_learning",1,"Chile"
"4334","CHL_text143","monitoring",1,"Chile"
"4335","CHL_text144","reading_comprehension",2,"Chile"
"4336","CHL_text144","science",32,"Chile"
"4337","CHL_text144","speaking",1,"Chile"
"4338","CHL_text144","monitoring",2,"Chile"
"4339","CHL_text145","mathematics",1,"Chile"
"4340","CHL_text145","reading_comprehension",1,"Chile"
"4341","CHL_text145","science",19,"Chile"
"4342","CHL_text146","reading_comprehension",1,"Chile"
"4343","CHL_text146","science",29,"Chile"
"4344","CHL_text147","active_listening",1,"Chile"
"4345","CHL_text147","reading_comprehension",2,"Chile"
"4346","CHL_text147","science",1,"Chile"
"4347","CHL_text147","learning_strategy",1,"Chile"
"4348","CHL_text148","science",4,"Chile"
"4349","CHL_text149","reading_comprehension",1,"Chile"
"4350","CHL_text149","science",11,"Chile"
"4351","CHL_text149","learning_strategy",1,"Chile"
"4352","CHL_text150","active_listening",2,"Chile"
"4353","CHL_text150","reading_comprehension",2,"Chile"
"4354","CHL_text150","science",55,"Chile"
"4355","CHL_text150","speaking",3,"Chile"
"4356","CHL_text150","active_learning",1,"Chile"
"4357","CHL_text151","science",6,"Chile"
"4358","CHL_text152","active_listening",10,"Chile"
"4359","CHL_text152","reading_comprehension",2,"Chile"
"4360","CHL_text152","science",17,"Chile"
"4361","CHL_text152","speaking",1,"Chile"
"4362","CHL_text152","writing",1,"Chile"
"4363","CHL_text152","active_learning",1,"Chile"
"4364","CHL_text152","learning_strategy",2,"Chile"
"4365","CHL_text152","monitoring",4,"Chile"
"4366","CHL_text153","science",4,"Chile"
"4367","CHL_text154","reading_comprehension",5,"Chile"
"4368","CHL_text154","science",22,"Chile"
"4369","CHL_text154","speaking",13,"Chile"
"4370","CHL_text154","critical_thinking",2,"Chile"
"4371","CHL_text155","active_listening",1,"Chile"
"4372","CHL_text155","science",1,"Chile"
"4373","CHL_text155","speaking",2,"Chile"
"4374","CHL_text156","active_listening",2,"Chile"
"4375","CHL_text156","reading_comprehension",2,"Chile"
"4376","CHL_text156","science",93,"Chile"
"4377","CHL_text156","speaking",4,"Chile"
"4378","CHL_text156","active_learning",1,"Chile"
"4379","CHL_text156","critical_thinking",6,"Chile"
"4380","CHL_text156","learning_strategy",42,"Chile"
"4381","CHL_text156","monitoring",3,"Chile"
"4382","CHL_text157","active_listening",1,"Chile"
"4383","CHL_text158","active_listening",3,"Chile"
"4384","CHL_text158","reading_comprehension",6,"Chile"
"4385","CHL_text158","science",45,"Chile"
"4386","CHL_text158","writing",1,"Chile"
"4387","CHL_text158","active_learning",1,"Chile"
"4388","CHL_text158","learning_strategy",2,"Chile"
"4389","CHL_text158","monitoring",1,"Chile"
"4390","CHL_text159","reading_comprehension",3,"Chile"
"4391","CHL_text159","science",2,"Chile"
"4392","CHL_text160","science",28,"Chile"
"4393","CHL_text160","learning_strategy",1,"Chile"
"4394","CHL_text160","monitoring",3,"Chile"
"4395","CHL_text161","active_listening",1,"Chile"
"4396","CHL_text161","reading_comprehension",2,"Chile"
"4397","CHL_text161","writing",1,"Chile"
"4398","CHL_text161","learning_strategy",1,"Chile"
"4399","CHL_text161","monitoring",1,"Chile"
"4400","CHL_text162","active_listening",1,"Chile"
"4401","CHL_text162","science",2,"Chile"
"4402","CHL_text162","learning_strategy",9,"Chile"
"4403","CHL_text163","active_listening",2,"Chile"
"4404","CHL_text163","reading_comprehension",3,"Chile"
"4405","CHL_text163","science",19,"Chile"
"4406","CHL_text163","speaking",2,"Chile"
"4407","CHL_text163","active_learning",1,"Chile"
"4408","CHL_text163","monitoring",1,"Chile"
"4409","CHL_text164","active_listening",1,"Chile"
"4410","CHL_text164","reading_comprehension",2,"Chile"
"4411","CHL_text164","science",4,"Chile"
"4412","CHL_text164","speaking",1,"Chile"
"4413","CHL_text164","critical_thinking",1,"Chile"
"4414","CHL_text165","science",3,"Chile"
"4415","CHL_text165","learning_strategy",1,"Chile"
"4416","CHL_text167","science",1,"Chile"
"4417","CHL_text167","learning_strategy",2,"Chile"
"4418","CHL_text167","monitoring",1,"Chile"
"4419","CHL_text168","active_listening",1,"Chile"
"4420","CHL_text168","reading_comprehension",2,"Chile"
"4421","CHL_text168","science",11,"Chile"
"4422","CHL_text168","writing",1,"Chile"
"4423","CHL_text168","learning_strategy",1,"Chile"
"4424","CHL_text168","monitoring",1,"Chile"
"4425","CHL_text169","active_listening",1,"Chile"
"4426","CHL_text169","reading_comprehension",1,"Chile"
"4427","CHL_text169","science",11,"Chile"
"4428","CHL_text169","monitoring",1,"Chile"
"4429","CHL_text170","reading_comprehension",1,"Chile"
"4430","CHL_text170","science",2,"Chile"
"4431","CHL_text170","monitoring",4,"Chile"
"4432","CHL_text171","science",7,"Chile"
"4433","CHL_text171","learning_strategy",3,"Chile"
"4434","CHL_text172","active_listening",1,"Chile"
"4435","CHL_text172","reading_comprehension",1,"Chile"
"4436","CHL_text172","learning_strategy",7,"Chile"
"4437","CHL_text173","reading_comprehension",2,"Chile"
"4438","CHL_text173","science",8,"Chile"
"4439","CHL_text173","learning_strategy",2,"Chile"
"4440","CHL_text174","science",12,"Chile"
"4441","CHL_text174","speaking",1,"Chile"
"4442","CHL_text174","monitoring",1,"Chile"
"4443","CHL_text175","mathematics",6,"Chile"
"4444","CHL_text175","science",10,"Chile"
"4445","CHL_text176","active_listening",3,"Chile"
"4446","CHL_text176","science",22,"Chile"
"4447","CHL_text176","active_learning",3,"Chile"
"4448","CHL_text176","critical_thinking",2,"Chile"
"4449","CHL_text177","science",2,"Chile"
"4450","CHL_text177","speaking",1,"Chile"
"4451","CHL_text178","mathematics",3,"Chile"
"4452","CHL_text178","science",19,"Chile"
"4453","CHL_text178","learning_strategy",1,"Chile"
"4454","CHL_text179","science",4,"Chile"
"4455","CHL_text179","speaking",17,"Chile"
"4456","CHL_text179","monitoring",2,"Chile"
"4457","CHL_text180","active_listening",3,"Chile"
"4458","CHL_text180","reading_comprehension",1,"Chile"
"4459","CHL_text180","science",7,"Chile"
"4460","CHL_text180","writing",1,"Chile"
"4461","CHL_text180","active_learning",1,"Chile"
"4462","CHL_text180","critical_thinking",3,"Chile"
"4463","CHL_text180","learning_strategy",3,"Chile"
"4464","CHL_text180","monitoring",1,"Chile"
"4465","CHL_text181","active_listening",3,"Chile"
"4466","CHL_text181","reading_comprehension",1,"Chile"
"4467","CHL_text181","science",7,"Chile"
"4468","CHL_text181","writing",1,"Chile"
"4469","CHL_text181","active_learning",1,"Chile"
"4470","CHL_text181","critical_thinking",3,"Chile"
"4471","CHL_text181","learning_strategy",3,"Chile"
"4472","CHL_text181","monitoring",1,"Chile"
"4473","CHL_text182","active_listening",2,"Chile"
"4474","CHL_text182","mathematics",1,"Chile"
"4475","CHL_text182","reading_comprehension",2,"Chile"
"4476","CHL_text182","science",7,"Chile"
"4477","CHL_text182","speaking",2,"Chile"
"4478","CHL_text182","active_learning",4,"Chile"
"4479","CHL_text182","learning_strategy",12,"Chile"
"4480","CHL_text182","monitoring",1,"Chile"
"4481","CHL_text183","active_listening",1,"Chile"
"4482","CHL_text183","reading_comprehension",1,"Chile"
"4483","CHL_text183","science",26,"Chile"
"4484","CHL_text183","monitoring",1,"Chile"
"4485","CHL_text184","reading_comprehension",2,"Chile"
"4486","CHL_text184","science",22,"Chile"
"4487","CHL_text184","speaking",2,"Chile"
"4488","CHL_text184","writing",1,"Chile"
"4489","CHL_text184","critical_thinking",7,"Chile"
"4490","CHL_text184","learning_strategy",1,"Chile"
"4491","CHL_text184","monitoring",4,"Chile"
"4492","CHL_text185","science",4,"Chile"
"4493","CHL_text185","learning_strategy",1,"Chile"
"4494","CHL_text186","science",5,"Chile"
"4495","CHL_text186","speaking",1,"Chile"
"4496","CHL_text186","active_learning",1,"Chile"
"4497","CHL_text187","science",12,"Chile"
"4498","CHL_text187","speaking",1,"Chile"
"4499","CHL_text188","active_listening",2,"Chile"
"4500","CHL_text188","science",29,"Chile"
"4501","CHL_text188","speaking",2,"Chile"
"4502","CHL_text188","active_learning",4,"Chile"
"4503","CHL_text188","learning_strategy",6,"Chile"
"4504","CHL_text188","monitoring",2,"Chile"
"4505","CHL_text189","active_listening",3,"Chile"
"4506","CHL_text189","science",29,"Chile"
"4507","CHL_text189","speaking",1,"Chile"
"4508","CHL_text189","writing",1,"Chile"
"4509","CHL_text189","learning_strategy",1,"Chile"
"4510","CHL_text190","science",4,"Chile"
"4511","CHL_text190","speaking",61,"Chile"
"4512","CHL_text190","critical_thinking",1,"Chile"
"4513","CHL_text190","learning_strategy",1,"Chile"
"4514","CHL_text191","critical_thinking",3,"Chile"
"4515","CHL_text191","learning_strategy",4,"Chile"
"4516","CHL_text192","active_listening",4,"Chile"
"4517","CHL_text192","reading_comprehension",1,"Chile"
"4518","CHL_text192","science",3,"Chile"
"4519","CHL_text192","speaking",1,"Chile"
"4520","CHL_text192","learning_strategy",4,"Chile"
"4521","CHL_text193","active_listening",3,"Chile"
"4522","CHL_text193","mathematics",1,"Chile"
"4523","CHL_text193","reading_comprehension",1,"Chile"
"4524","CHL_text193","science",19,"Chile"
"4525","CHL_text193","speaking",2,"Chile"
"4526","CHL_text193","active_learning",2,"Chile"
"4527","CHL_text193","critical_thinking",2,"Chile"
"4528","CHL_text194","reading_comprehension",1,"Chile"
"4529","CHL_text194","science",9,"Chile"
"4530","CHL_text194","learning_strategy",1,"Chile"
"4531","CHL_text195","learning_strategy",8,"Chile"
"4532","CHL_text195","monitoring",3,"Chile"
"4533","CHL_text196","active_listening",1,"Chile"
"4534","CHL_text196","reading_comprehension",1,"Chile"
"4535","CHL_text196","writing",1,"Chile"
"4536","CHL_text196","learning_strategy",1,"Chile"
"4537","CHL_text197","active_listening",3,"Chile"
"4538","CHL_text197","reading_comprehension",1,"Chile"
"4539","CHL_text197","science",61,"Chile"
"4540","CHL_text197","speaking",3,"Chile"
"4541","CHL_text197","active_learning",2,"Chile"
"4542","CHL_text197","critical_thinking",2,"Chile"
"4543","CHL_text198","active_listening",1,"Chile"
"4544","CHL_text198","reading_comprehension",1,"Chile"
"4545","CHL_text198","science",42,"Chile"
"4546","CHL_text198","speaking",1,"Chile"
"4547","CHL_text198","active_learning",1,"Chile"
"4548","CHL_text198","critical_thinking",1,"Chile"
"4549","CHL_text199","active_listening",3,"Chile"
"4550","CHL_text199","reading_comprehension",1,"Chile"
"4551","CHL_text199","science",9,"Chile"
"4552","CHL_text199","active_learning",2,"Chile"
"4553","CHL_text199","critical_thinking",1,"Chile"
"4554","CHL_text200","reading_comprehension",1,"Chile"
"4555","CHL_text200","learning_strategy",10,"Chile"
"4556","CHL_text200","monitoring",1,"Chile"
"4557","CHL_text201","science",2,"Chile"
"4558","CHL_text202","reading_comprehension",1,"Chile"
"4559","CHL_text202","science",1,"Chile"
"4560","CHL_text202","learning_strategy",2,"Chile"
"4561","CHL_text203","reading_comprehension",1,"Chile"
"4562","CHL_text203","learning_strategy",1,"Chile"
"4563","CHL_text204","reading_comprehension",1,"Chile"
"4564","CHL_text204","learning_strategy",3,"Chile"
"4565","CHL_text205","science",28,"Chile"
"4566","CHL_text206","active_listening",1,"Chile"
"4567","CHL_text206","science",1,"Chile"
"4568","CHL_text206","monitoring",1,"Chile"
"4569","CHL_text207","active_listening",1,"Chile"
"4570","CHL_text207","science",9,"Chile"
"4571","CHL_text208","active_listening",1,"Chile"
"4572","CHL_text208","mathematics",7,"Chile"
"4573","CHL_text208","reading_comprehension",1,"Chile"
"4574","CHL_text208","science",30,"Chile"
"4575","CHL_text208","speaking",1,"Chile"
"4576","CHL_text208","active_learning",1,"Chile"
"4577","CHL_text208","critical_thinking",1,"Chile"
"4578","CHL_text208","learning_strategy",1,"Chile"
"4579","CHL_text208","monitoring",1,"Chile"
"4580","COL_text1","science",1,"Colombia"
"4581","COL_text1","speaking",1,"Colombia"
"4582","COL_text1","monitoring",2,"Colombia"
"4583","COL_text2","active_listening",1,"Colombia"
"4584","COL_text2","science",1,"Colombia"
"4585","COL_text2","active_learning",2,"Colombia"
"4586","COL_text2","learning_strategy",4,"Colombia"
"4587","COL_text3","active_listening",1,"Colombia"
"4588","COL_text3","science",27,"Colombia"
"4589","COL_text3","speaking",1,"Colombia"
"4590","COL_text4","reading_comprehension",5,"Colombia"
"4591","COL_text4","science",4,"Colombia"
"4592","COL_text4","critical_thinking",1,"Colombia"
"4593","COL_text5","reading_comprehension",6,"Colombia"
"4594","COL_text5","science",1,"Colombia"
"4595","COL_text5","critical_thinking",1,"Colombia"
"4596","COL_text5","monitoring",2,"Colombia"
"4597","COL_text6","reading_comprehension",6,"Colombia"
"4598","COL_text6","science",35,"Colombia"
"4599","COL_text7","active_listening",1,"Colombia"
"4600","COL_text7","reading_comprehension",6,"Colombia"
"4601","COL_text7","science",10,"Colombia"
"4602","COL_text7","speaking",9,"Colombia"
"4603","COL_text7","monitoring",3,"Colombia"
"4604","COL_text8","reading_comprehension",5,"Colombia"
"4605","COL_text8","science",1,"Colombia"
"4606","COL_text9","active_listening",1,"Colombia"
"4607","COL_text9","reading_comprehension",1,"Colombia"
"4608","COL_text9","science",28,"Colombia"
"4609","COL_text9","critical_thinking",3,"Colombia"
"4610","COL_text9","learning_strategy",3,"Colombia"
"4611","COL_text9","monitoring",3,"Colombia"
"4612","COL_text10","active_listening",2,"Colombia"
"4613","COL_text10","science",18,"Colombia"
"4614","COL_text10","critical_thinking",1,"Colombia"
"4615","COL_text11","active_listening",1,"Colombia"
"4616","COL_text11","science",9,"Colombia"
"4617","COL_text11","critical_thinking",1,"Colombia"
"4618","COL_text12","active_listening",1,"Colombia"
"4619","COL_text12","science",21,"Colombia"
"4620","COL_text12","speaking",1,"Colombia"
"4621","COL_text12","critical_thinking",1,"Colombia"
"4622","COL_text12","learning_strategy",4,"Colombia"
"4623","COL_text13","active_listening",1,"Colombia"
"4624","COL_text13","science",24,"Colombia"
"4625","COL_text13","speaking",1,"Colombia"
"4626","COL_text13","monitoring",1,"Colombia"
"4627","COL_text14","science",2,"Colombia"
"4628","COL_text15","science",3,"Colombia"
"4629","COL_text16","active_listening",1,"Colombia"
"4630","COL_text17","reading_comprehension",1,"Colombia"
"4631","COL_text17","science",1,"Colombia"
"4632","COL_text17","speaking",1,"Colombia"
"4633","COL_text17","learning_strategy",7,"Colombia"
"4634","COL_text18","reading_comprehension",1,"Colombia"
"4635","COL_text18","speaking",2,"Colombia"
"4636","COL_text18","critical_thinking",1,"Colombia"
"4637","COL_text18","learning_strategy",4,"Colombia"
"4638","COL_text19","reading_comprehension",1,"Colombia"
"4639","COL_text19","science",3,"Colombia"
"4640","COL_text19","speaking",1,"Colombia"
"4641","COL_text19","learning_strategy",4,"Colombia"
"4642","COL_text20","mathematics",1,"Colombia"
"4643","COL_text20","reading_comprehension",1,"Colombia"
"4644","COL_text20","speaking",1,"Colombia"
"4645","COL_text20","learning_strategy",7,"Colombia"
"4646","COL_text20","monitoring",1,"Colombia"
"4647","COL_text21","reading_comprehension",2,"Colombia"
"4648","COL_text21","science",6,"Colombia"
"4649","COL_text21","speaking",2,"Colombia"
"4650","COL_text21","critical_thinking",1,"Colombia"
"4651","COL_text21","learning_strategy",15,"Colombia"
"4652","COL_text22","science",1,"Colombia"
"4653","COL_text23","active_listening",1,"Colombia"
"4654","COL_text23","reading_comprehension",2,"Colombia"
"4655","COL_text23","science",47,"Colombia"
"4656","COL_text23","writing",2,"Colombia"
"4657","COL_text23","critical_thinking",1,"Colombia"
"4658","COL_text23","learning_strategy",1,"Colombia"
"4659","COL_text24","active_listening",1,"Colombia"
"4660","COL_text24","science",20,"Colombia"
"4661","COL_text24","speaking",2,"Colombia"
"4662","COL_text25","speaking",1,"Colombia"
"4663","COL_text25","monitoring",1,"Colombia"
"4664","COL_text26","science",19,"Colombia"
"4665","COL_text26","speaking",1,"Colombia"
"4666","COL_text27","active_listening",2,"Colombia"
"4667","COL_text27","science",9,"Colombia"
"4668","COL_text27","speaking",1,"Colombia"
"4669","COL_text27","critical_thinking",1,"Colombia"
"4670","COL_text27","learning_strategy",4,"Colombia"
"4671","COL_text28","science",8,"Colombia"
"4672","COL_text28","learning_strategy",2,"Colombia"
"4673","COL_text29","science",19,"Colombia"
"4674","COL_text29","critical_thinking",2,"Colombia"
"4675","COL_text30","active_listening",1,"Colombia"
"4676","COL_text30","science",32,"Colombia"
"4677","COL_text30","active_learning",1,"Colombia"
"4678","COL_text30","monitoring",1,"Colombia"
"4679","COL_text31","active_listening",2,"Colombia"
"4680","COL_text31","reading_comprehension",2,"Colombia"
"4681","COL_text31","science",12,"Colombia"
"4682","COL_text31","speaking",4,"Colombia"
"4683","COL_text31","active_learning",1,"Colombia"
"4684","COL_text31","critical_thinking",1,"Colombia"
"4685","COL_text31","learning_strategy",6,"Colombia"
"4686","COL_text31","monitoring",1,"Colombia"
"4687","COL_text32","active_listening",1,"Colombia"
"4688","COL_text32","science",2,"Colombia"
"4689","COL_text32","active_learning",1,"Colombia"
"4690","COL_text32","learning_strategy",1,"Colombia"
"4691","COL_text32","monitoring",3,"Colombia"
"4692","COL_text33","science",17,"Colombia"
"4693","COL_text33","speaking",1,"Colombia"
"4694","COL_text33","learning_strategy",1,"Colombia"
"4695","COL_text34","active_listening",1,"Colombia"
"4696","COL_text34","science",24,"Colombia"
"4697","COL_text34","critical_thinking",1,"Colombia"
"4698","COL_text34","learning_strategy",1,"Colombia"
"4699","COL_text35","science",21,"Colombia"
"4700","COL_text36","science",2,"Colombia"
"4701","COL_text37","science",61,"Colombia"
"4702","COL_text37","speaking",4,"Colombia"
"4703","COL_text37","active_learning",1,"Colombia"
"4704","COL_text37","critical_thinking",3,"Colombia"
"4705","COL_text37","learning_strategy",1,"Colombia"
"4706","COL_text37","monitoring",1,"Colombia"
"4707","COL_text38","active_listening",1,"Colombia"
"4708","COL_text38","science",1,"Colombia"
"4709","COL_text39","reading_comprehension",2,"Colombia"
"4710","COL_text39","science",12,"Colombia"
"4711","COL_text39","speaking",1,"Colombia"
"4712","COL_text40","science",28,"Colombia"
"4713","COL_text40","writing",1,"Colombia"
"4714","COL_text42","active_listening",1,"Colombia"
"4715","COL_text42","science",12,"Colombia"
"4716","COL_text42","speaking",1,"Colombia"
"4717","COL_text42","active_learning",1,"Colombia"
"4718","COL_text42","critical_thinking",1,"Colombia"
"4719","COL_text42","learning_strategy",1,"Colombia"
"4720","COL_text43","science",18,"Colombia"
"4721","COL_text43","speaking",1,"Colombia"
"4722","COL_text44","science",1,"Colombia"
"4723","COL_text44","active_learning",1,"Colombia"
"4724","COL_text45","science",3,"Colombia"
"4725","COL_text45","speaking",1,"Colombia"
"4726","COL_text45","critical_thinking",1,"Colombia"
"4727","COL_text46","active_listening",2,"Colombia"
"4728","COL_text46","science",8,"Colombia"
"4729","COL_text46","speaking",1,"Colombia"
"4730","COL_text46","monitoring",1,"Colombia"
"4731","COL_text47","science",3,"Colombia"
"4732","COL_text47","monitoring",1,"Colombia"
"4733","COL_text48","active_listening",1,"Colombia"
"4734","COL_text48","science",7,"Colombia"
"4735","COL_text49","science",12,"Colombia"
"4736","COL_text50","science",15,"Colombia"
"4737","COL_text51","science",4,"Colombia"
"4738","COL_text51","critical_thinking",1,"Colombia"
"4739","COL_text52","active_listening",1,"Colombia"
"4740","COL_text52","science",23,"Colombia"
"4741","COL_text53","science",8,"Colombia"
"4742","COL_text53","active_learning",1,"Colombia"
"4743","COL_text53","learning_strategy",1,"Colombia"
"4744","COL_text53","monitoring",1,"Colombia"
"4745","COL_text54","speaking",2,"Colombia"
"4746","COL_text54","critical_thinking",1,"Colombia"
"4747","COL_text54","learning_strategy",1,"Colombia"
"4748","COL_text55","science",2,"Colombia"
"4749","COL_text55","learning_strategy",1,"Colombia"
"4750","COL_text56","active_listening",1,"Colombia"
"4751","COL_text56","science",6,"Colombia"
"4752","COL_text56","critical_thinking",1,"Colombia"
"4753","COL_text56","learning_strategy",1,"Colombia"
"4754","COL_text57","active_listening",1,"Colombia"
"4755","COL_text57","science",30,"Colombia"
"4756","COL_text57","critical_thinking",1,"Colombia"
"4757","COL_text57","learning_strategy",1,"Colombia"
"4758","COL_text57","monitoring",1,"Colombia"
"4759","COL_text58","science",1,"Colombia"
"4760","COL_text59","science",2,"Colombia"
"4761","COL_text59","learning_strategy",1,"Colombia"
"4762","COL_text60","active_listening",2,"Colombia"
"4763","COL_text60","reading_comprehension",1,"Colombia"
"4764","COL_text60","science",20,"Colombia"
"4765","COL_text60","speaking",1,"Colombia"
"4766","COL_text61","active_listening",2,"Colombia"
"4767","COL_text61","science",1,"Colombia"
"4768","COL_text61","speaking",2,"Colombia"
"4769","COL_text61","active_learning",1,"Colombia"
"4770","COL_text61","critical_thinking",1,"Colombia"
"4771","COL_text61","learning_strategy",4,"Colombia"
"4772","COL_text62","active_listening",3,"Colombia"
"4773","COL_text62","science",1,"Colombia"
"4774","COL_text62","active_learning",1,"Colombia"
"4775","COL_text62","learning_strategy",1,"Colombia"
"4776","COL_text64","active_listening",2,"Colombia"
"4777","COL_text64","science",19,"Colombia"
"4778","COL_text64","speaking",2,"Colombia"
"4779","COL_text64","critical_thinking",1,"Colombia"
"4780","COL_text64","learning_strategy",4,"Colombia"
"4781","COL_text65","science",2,"Colombia"
"4782","COL_text65","speaking",1,"Colombia"
"4783","COL_text65","writing",1,"Colombia"
"4784","COL_text66","active_listening",2,"Colombia"
"4785","COL_text66","science",7,"Colombia"
"4786","COL_text66","speaking",1,"Colombia"
"4787","COL_text66","critical_thinking",2,"Colombia"
"4788","COL_text66","learning_strategy",1,"Colombia"
"4789","COL_text66","monitoring",1,"Colombia"
"4790","COL_text67","mathematics",1,"Colombia"
"4791","COL_text67","science",9,"Colombia"
"4792","COL_text67","speaking",1,"Colombia"
"4793","COL_text68","science",2,"Colombia"
"4794","COL_text68","critical_thinking",1,"Colombia"
"4795","COL_text68","learning_strategy",4,"Colombia"
"4796","COL_text69","science",18,"Colombia"
"4797","COL_text69","critical_thinking",2,"Colombia"
"4798","COL_text69","monitoring",2,"Colombia"
"4799","COL_text70","science",2,"Colombia"
"4800","COL_text70","active_learning",1,"Colombia"
"4801","COL_text70","critical_thinking",1,"Colombia"
"4802","COL_text70","learning_strategy",3,"Colombia"
"4803","COL_text71","science",6,"Colombia"
"4804","COL_text71","learning_strategy",3,"Colombia"
"4805","COL_text71","monitoring",1,"Colombia"
"4806","COL_text72","science",14,"Colombia"
"4807","COL_text73","science",3,"Colombia"
"4808","COL_text73","speaking",1,"Colombia"
"4809","COL_text73","critical_thinking",1,"Colombia"
"4810","COL_text73","monitoring",1,"Colombia"
"4811","COL_text74","active_listening",1,"Colombia"
"4812","COL_text74","science",7,"Colombia"
"4813","COL_text74","learning_strategy",1,"Colombia"
"4814","COL_text75","science",2,"Colombia"
"4815","COL_text75","speaking",1,"Colombia"
"4816","COL_text76","critical_thinking",2,"Colombia"
"4817","COL_text76","monitoring",2,"Colombia"
"4818","COL_text77","reading_comprehension",1,"Colombia"
"4819","COL_text77","learning_strategy",2,"Colombia"
"4820","COL_text77","monitoring",3,"Colombia"
"4821","COL_text78","active_listening",1,"Colombia"
"4822","COL_text78","science",8,"Colombia"
"4823","COL_text78","speaking",1,"Colombia"
"4824","COL_text78","learning_strategy",5,"Colombia"
"4825","COL_text78","monitoring",2,"Colombia"
"4826","COL_text80","science",2,"Colombia"
"4827","COL_text80","learning_strategy",2,"Colombia"
"4828","COL_text80","monitoring",3,"Colombia"
"4829","COL_text81","science",1,"Colombia"
"4830","COL_text82","science",10,"Colombia"
"4831","COL_text82","speaking",1,"Colombia"
"4832","COL_text82","critical_thinking",1,"Colombia"
"4833","COL_text82","monitoring",2,"Colombia"
"4834","COL_text83","science",9,"Colombia"
"4835","COL_text83","active_learning",2,"Colombia"
"4836","COL_text83","learning_strategy",2,"Colombia"
"4837","COL_text83","monitoring",1,"Colombia"
"4838","COL_text84","science",5,"Colombia"
"4839","COL_text84","speaking",1,"Colombia"
"4840","COL_text84","learning_strategy",3,"Colombia"
"4841","COL_text85","active_listening",1,"Colombia"
"4842","COL_text86","science",2,"Colombia"
"4843","COL_text86","speaking",2,"Colombia"
"4844","COL_text86","critical_thinking",9,"Colombia"
"4845","COL_text86","learning_strategy",1,"Colombia"
"4846","COL_text87","science",2,"Colombia"
"4847","COL_text87","speaking",3,"Colombia"
"4848","COL_text87","writing",2,"Colombia"
"4849","COL_text87","critical_thinking",1,"Colombia"
"4850","COL_text87","learning_strategy",1,"Colombia"
"4851","COL_text88","speaking",2,"Colombia"
"4852","COL_text89","active_listening",1,"Colombia"
"4853","COL_text89","science",2,"Colombia"
"4854","COL_text89","learning_strategy",2,"Colombia"
"4855","COL_text90","science",1,"Colombia"
"4856","COL_text90","active_learning",1,"Colombia"
"4857","COL_text90","monitoring",1,"Colombia"
"4858","COL_text91","active_listening",1,"Colombia"
"4859","COL_text91","mathematics",13,"Colombia"
"4860","COL_text91","science",6,"Colombia"
"4861","COL_text91","speaking",2,"Colombia"
"4862","COL_text91","critical_thinking",1,"Colombia"
"4863","COL_text91","learning_strategy",4,"Colombia"
"4864","COL_text92","science",3,"Colombia"
"4865","COL_text92","active_learning",1,"Colombia"
"4866","COL_text92","monitoring",1,"Colombia"
"4867","COL_text94","reading_comprehension",1,"Colombia"
"4868","COL_text94","science",4,"Colombia"
"4869","COL_text94","speaking",4,"Colombia"
"4870","COL_text94","learning_strategy",3,"Colombia"
"4871","COL_text94","monitoring",1,"Colombia"
"4872","COL_text95","mathematics",12,"Colombia"
"4873","COL_text95","science",7,"Colombia"
"4874","COL_text95","speaking",1,"Colombia"
"4875","COL_text95","critical_thinking",1,"Colombia"
"4876","COL_text95","learning_strategy",3,"Colombia"
"4877","COL_text95","monitoring",2,"Colombia"
"4878","COL_text96","science",3,"Colombia"
"4879","COL_text96","monitoring",1,"Colombia"
"4880","COL_text97","science",3,"Colombia"
"4881","COL_text98","active_listening",1,"Colombia"
"4882","COL_text98","science",6,"Colombia"
"4883","COL_text98","speaking",1,"Colombia"
"4884","COL_text98","monitoring",2,"Colombia"
"4885","COL_text99","science",15,"Colombia"
"4886","COL_text99","active_learning",1,"Colombia"
"4887","COL_text99","critical_thinking",1,"Colombia"
"4888","COL_text99","learning_strategy",2,"Colombia"
"4889","COL_text99","monitoring",2,"Colombia"
"4890","COL_text100","active_listening",1,"Colombia"
"4891","COL_text100","science",20,"Colombia"
"4892","COL_text100","speaking",1,"Colombia"
"4893","COL_text101","science",1,"Colombia"
"4894","COL_text102","active_listening",1,"Colombia"
"4895","COL_text102","science",4,"Colombia"
"4896","COL_text102","active_learning",1,"Colombia"
"4897","COL_text102","learning_strategy",1,"Colombia"
"4898","COL_text103","science",2,"Colombia"
"4899","COL_text103","speaking",2,"Colombia"
"4900","COL_text103","writing",2,"Colombia"
"4901","COL_text103","learning_strategy",8,"Colombia"
"4902","COL_text103","monitoring",2,"Colombia"
"4903","COL_text104","active_listening",3,"Colombia"
"4904","COL_text104","mathematics",3,"Colombia"
"4905","COL_text104","reading_comprehension",3,"Colombia"
"4906","COL_text104","science",61,"Colombia"
"4907","COL_text104","speaking",2,"Colombia"
"4908","COL_text104","critical_thinking",1,"Colombia"
"4909","COL_text104","learning_strategy",46,"Colombia"
"4910","COL_text104","monitoring",7,"Colombia"
"4911","COL_text105","active_listening",3,"Colombia"
"4912","COL_text105","science",13,"Colombia"
"4913","COL_text105","speaking",3,"Colombia"
"4914","COL_text105","active_learning",1,"Colombia"
"4915","COL_text105","critical_thinking",1,"Colombia"
"4916","COL_text106","science",4,"Colombia"
"4917","COL_text107","active_listening",1,"Colombia"
"4918","COL_text107","speaking",1,"Colombia"
"4919","COL_text107","monitoring",1,"Colombia"
"4920","COL_text108","active_listening",2,"Colombia"
"4921","COL_text108","reading_comprehension",1,"Colombia"
"4922","COL_text108","science",3,"Colombia"
"4923","COL_text108","learning_strategy",2,"Colombia"
"4924","COL_text109","active_listening",1,"Colombia"
"4925","COL_text109","science",16,"Colombia"
"4926","COL_text109","speaking",3,"Colombia"
"4927","COL_text109","active_learning",1,"Colombia"
"4928","COL_text110","active_listening",2,"Colombia"
"4929","COL_text110","science",26,"Colombia"
"4930","COL_text110","learning_strategy",1,"Colombia"
"4931","COL_text110","monitoring",3,"Colombia"
"4932","COL_text111","reading_comprehension",1,"Colombia"
"4933","COL_text111","science",7,"Colombia"
"4934","COL_text111","learning_strategy",1,"Colombia"
"4935","COL_text112","active_listening",1,"Colombia"
"4936","COL_text112","science",8,"Colombia"
"4937","COL_text112","speaking",2,"Colombia"
"4938","COL_text112","active_learning",1,"Colombia"
"4939","COL_text112","learning_strategy",1,"Colombia"
"4940","COL_text114","active_listening",1,"Colombia"
"4941","COL_text114","science",2,"Colombia"
"4942","COL_text114","speaking",1,"Colombia"
"4943","COL_text114","critical_thinking",1,"Colombia"
"4944","COL_text114","learning_strategy",1,"Colombia"
"4945","COL_text114","monitoring",1,"Colombia"
"4946","COL_text115","science",1,"Colombia"
"4947","COL_text115","speaking",1,"Colombia"
"4948","COL_text115","critical_thinking",1,"Colombia"
"4949","COL_text115","learning_strategy",1,"Colombia"
"4950","COL_text116","active_listening",2,"Colombia"
"4951","COL_text116","reading_comprehension",1,"Colombia"
"4952","COL_text116","science",2,"Colombia"
"4953","COL_text116","speaking",4,"Colombia"
"4954","COL_text116","critical_thinking",1,"Colombia"
"4955","COL_text116","monitoring",5,"Colombia"
"4956","COL_text117","science",2,"Colombia"
"4957","COL_text117","speaking",1,"Colombia"
"4958","COL_text118","science",6,"Colombia"
"4959","COL_text118","learning_strategy",1,"Colombia"
"4960","COL_text119","active_listening",2,"Colombia"
"4961","COL_text119","science",1,"Colombia"
"4962","COL_text119","speaking",1,"Colombia"
"4963","COL_text119","active_learning",1,"Colombia"
"4964","COL_text119","critical_thinking",1,"Colombia"
"4965","COL_text120","reading_comprehension",1,"Colombia"
"4966","COL_text120","science",4,"Colombia"
"4967","COL_text120","speaking",1,"Colombia"
"4968","COL_text120","learning_strategy",1,"Colombia"
"4969","COL_text120","monitoring",2,"Colombia"
"4970","COL_text121","active_listening",1,"Colombia"
"4971","COL_text121","speaking",3,"Colombia"
"4972","COL_text121","monitoring",1,"Colombia"
"4973","COL_text122","science",11,"Colombia"
"4974","COL_text123","active_listening",2,"Colombia"
"4975","COL_text123","science",1,"Colombia"
"4976","COL_text123","speaking",3,"Colombia"
"4977","COL_text123","active_learning",1,"Colombia"
"4978","COL_text123","critical_thinking",1,"Colombia"
"4979","COL_text124","active_listening",1,"Colombia"
"4980","COL_text124","reading_comprehension",1,"Colombia"
"4981","COL_text124","science",24,"Colombia"
"4982","COL_text124","active_learning",1,"Colombia"
"4983","COL_text124","critical_thinking",2,"Colombia"
"4984","COL_text124","monitoring",4,"Colombia"
"4985","COL_text125","science",4,"Colombia"
"4986","COL_text125","critical_thinking",2,"Colombia"
"4987","COL_text125","learning_strategy",3,"Colombia"
"4988","COL_text126","active_listening",1,"Colombia"
"4989","COL_text126","science",4,"Colombia"
"4990","COL_text126","monitoring",1,"Colombia"
"4991","COL_text127","science",4,"Colombia"
"4992","COL_text128","science",1,"Colombia"
"4993","COL_text128","active_learning",1,"Colombia"
"4994","COL_text128","monitoring",1,"Colombia"
"4995","COL_text129","science",8,"Colombia"
"4996","COL_text129","active_learning",1,"Colombia"
"4997","COL_text130","science",16,"Colombia"
"4998","COL_text130","speaking",2,"Colombia"
"4999","COL_text130","learning_strategy",13,"Colombia"
"5000","COL_text131","science",16,"Colombia"
"5001","COL_text131","speaking",2,"Colombia"
"5002","COL_text131","learning_strategy",13,"Colombia"
"5003","COL_text132","active_listening",2,"Colombia"
"5004","COL_text132","active_learning",1,"Colombia"
"5005","COL_text132","monitoring",1,"Colombia"
"5006","COL_text133","science",18,"Colombia"
"5007","COL_text133","critical_thinking",1,"Colombia"
"5008","COL_text135","active_listening",1,"Colombia"
"5009","COL_text135","reading_comprehension",1,"Colombia"
"5010","COL_text135","science",3,"Colombia"
"5011","COL_text135","active_learning",1,"Colombia"
"5012","COL_text135","learning_strategy",1,"Colombia"
"5013","COL_text136","science",5,"Colombia"
"5014","COL_text136","active_learning",1,"Colombia"
"5015","COL_text137","science",5,"Colombia"
"5016","COL_text138","active_listening",1,"Colombia"
"5017","COL_text138","reading_comprehension",1,"Colombia"
"5018","COL_text138","science",6,"Colombia"
"5019","COL_text138","speaking",2,"Colombia"
"5020","COL_text138","active_learning",1,"Colombia"
"5021","COL_text138","learning_strategy",1,"Colombia"
"5022","COL_text138","monitoring",1,"Colombia"
"5023","COL_text139","mathematics",1,"Colombia"
"5024","COL_text139","science",9,"Colombia"
"5025","COL_text139","active_learning",1,"Colombia"
"5026","COL_text140","active_listening",2,"Colombia"
"5027","COL_text140","science",2,"Colombia"
"5028","COL_text140","speaking",9,"Colombia"
"5029","COL_text140","active_learning",1,"Colombia"
"5030","COL_text141","active_listening",3,"Colombia"
"5031","COL_text141","science",1,"Colombia"
"5032","COL_text141","active_learning",5,"Colombia"
"5033","COL_text141","learning_strategy",4,"Colombia"
"5034","COL_text142","active_listening",4,"Colombia"
"5035","COL_text142","reading_comprehension",3,"Colombia"
"5036","COL_text142","science",3,"Colombia"
"5037","COL_text142","writing",1,"Colombia"
"5038","COL_text142","learning_strategy",1,"Colombia"
"5039","COL_text143","science",3,"Colombia"
"5040","COL_text143","learning_strategy",17,"Colombia"
"5041","COL_text143","monitoring",2,"Colombia"
"5042","COL_text144","science",3,"Colombia"
"5043","COL_text145","active_listening",2,"Colombia"
"5044","COL_text145","science",6,"Colombia"
"5045","COL_text146","science",1,"Colombia"
"5046","COL_text146","active_learning",1,"Colombia"
"5047","COL_text146","learning_strategy",2,"Colombia"
"5048","COL_text147","science",3,"Colombia"
"5049","COL_text147","speaking",2,"Colombia"
"5050","COL_text147","critical_thinking",1,"Colombia"
"5051","COL_text147","learning_strategy",1,"Colombia"
"5052","COL_text148","active_learning",2,"Colombia"
"5053","COL_text148","learning_strategy",2,"Colombia"
"5054","COL_text148","monitoring",1,"Colombia"
"5055","COL_text149","science",1,"Colombia"
"5056","COL_text149","speaking",12,"Colombia"
"5057","COL_text150","active_listening",1,"Colombia"
"5058","COL_text150","active_learning",1,"Colombia"
"5059","COL_text151","science",2,"Colombia"
"5060","COL_text151","active_learning",1,"Colombia"
"5061","COL_text152","science",1,"Colombia"
"5062","COL_text152","critical_thinking",1,"Colombia"
"5063","COL_text152","learning_strategy",3,"Colombia"
"5064","COL_text153","science",2,"Colombia"
"5065","COL_text153","speaking",1,"Colombia"
"5066","COL_text154","science",1,"Colombia"
"5067","COL_text154","learning_strategy",1,"Colombia"
"5068","COL_text155","science",1,"Colombia"
"5069","COL_text155","speaking",1,"Colombia"
"5070","COL_text155","active_learning",1,"Colombia"
"5071","COL_text156","science",2,"Colombia"
"5072","COL_text156","active_learning",2,"Colombia"
"5073","COL_text157","mathematics",3,"Colombia"
"5074","COL_text157","science",15,"Colombia"
"5075","COL_text157","monitoring",1,"Colombia"
"5076","COL_text158","science",2,"Colombia"
"5077","COL_text158","speaking",8,"Colombia"
"5078","COL_text158","critical_thinking",1,"Colombia"
"5079","COL_text159","science",13,"Colombia"
"5080","COL_text159","speaking",1,"Colombia"
"5081","COL_text159","learning_strategy",3,"Colombia"
"5082","COL_text159","monitoring",1,"Colombia"
"5083","COL_text160","active_listening",4,"Colombia"
"5084","COL_text160","science",1,"Colombia"
"5085","COL_text162","active_listening",3,"Colombia"
"5086","COL_text162","science",3,"Colombia"
"5087","COL_text162","learning_strategy",2,"Colombia"
"5088","COL_text162","monitoring",1,"Colombia"
"5089","COL_text163","science",10,"Colombia"
"5090","COL_text163","monitoring",2,"Colombia"
"5091","COL_text164","science",2,"Colombia"
"5092","COL_text164","learning_strategy",1,"Colombia"
"5093","COL_text165","science",2,"Colombia"
"5094","COL_text165","speaking",3,"Colombia"
"5095","COL_text165","learning_strategy",26,"Colombia"
"5096","COL_text165","monitoring",3,"Colombia"
"5097","COL_text167","science",1,"Colombia"
"5098","COL_text168","active_listening",1,"Colombia"
"5099","COL_text168","reading_comprehension",1,"Colombia"
"5100","COL_text168","science",6,"Colombia"
"5101","COL_text168","active_learning",1,"Colombia"
"5102","COL_text169","active_listening",2,"Colombia"
"5103","COL_text169","science",3,"Colombia"
"5104","COL_text169","active_learning",2,"Colombia"
"5105","COL_text169","learning_strategy",2,"Colombia"
"5106","COL_text170","reading_comprehension",13,"Colombia"
"5107","COL_text170","science",5,"Colombia"
"5108","COL_text170","speaking",1,"Colombia"
"5109","COL_text170","active_learning",2,"Colombia"
"5110","COL_text171","active_listening",1,"Colombia"
"5111","COL_text171","science",2,"Colombia"
"5112","COL_text171","speaking",4,"Colombia"
"5113","COL_text171","critical_thinking",1,"Colombia"
"5114","COL_text171","learning_strategy",11,"Colombia"
"5115","COL_text171","monitoring",1,"Colombia"
"5116","COL_text172","science",8,"Colombia"
"5117","COL_text172","speaking",1,"Colombia"
"5118","COL_text172","learning_strategy",1,"Colombia"
"5119","COL_text173","science",12,"Colombia"
"5120","COL_text173","critical_thinking",3,"Colombia"
"5121","COL_text173","learning_strategy",1,"Colombia"
"5122","COL_text173","monitoring",1,"Colombia"
"5123","COL_text174","science",20,"Colombia"
"5124","COL_text174","speaking",1,"Colombia"
"5125","COL_text174","learning_strategy",2,"Colombia"
"5126","COL_text174","monitoring",4,"Colombia"
"5127","COL_text175","science",3,"Colombia"
"5128","COL_text176","active_listening",1,"Colombia"
"5129","COL_text176","science",24,"Colombia"
"5130","COL_text176","active_learning",1,"Colombia"
"5131","COL_text176","learning_strategy",1,"Colombia"
"5132","COL_text177","science",5,"Colombia"
"5133","COL_text177","speaking",2,"Colombia"
"5134","COL_text177","learning_strategy",5,"Colombia"
"5135","COL_text179","active_listening",2,"Colombia"
"5136","COL_text179","writing",1,"Colombia"
"5137","COL_text180","active_listening",1,"Colombia"
"5138","COL_text180","critical_thinking",1,"Colombia"
"5139","COL_text181","active_learning",1,"Colombia"
"5140","COL_text181","learning_strategy",7,"Colombia"
"5141","COL_text181","monitoring",2,"Colombia"
"5142","COL_text182","science",9,"Colombia"
"5143","COL_text182","learning_strategy",7,"Colombia"
"5144","COL_text182","monitoring",1,"Colombia"
"5145","COL_text183","monitoring",1,"Colombia"
"5146","COL_text185","science",1,"Colombia"
"5147","COL_text186","science",1,"Colombia"
"5148","COL_text186","speaking",1,"Colombia"
"5149","COL_text187","active_listening",1,"Colombia"
"5150","COL_text187","science",6,"Colombia"
"5151","COL_text187","learning_strategy",1,"Colombia"
"5152","COL_text188","active_listening",2,"Colombia"
"5153","COL_text188","science",1,"Colombia"
"5154","COL_text189","science",2,"Colombia"
"5155","COL_text189","monitoring",1,"Colombia"
"5156","COL_text190","science",1,"Colombia"
"5157","COL_text190","critical_thinking",1,"Colombia"
"5158","COL_text191","science",13,"Colombia"
"5159","COL_text191","critical_thinking",1,"Colombia"
"5160","COL_text191","monitoring",1,"Colombia"
"5161","COL_text192","science",11,"Colombia"
"5162","COL_text192","learning_strategy",7,"Colombia"
"5163","COL_text192","monitoring",2,"Colombia"
"5164","COL_text193","science",3,"Colombia"
"5165","COL_text194","science",16,"Colombia"
"5166","COL_text194","speaking",1,"Colombia"
"5167","COL_text194","learning_strategy",10,"Colombia"
"5168","COL_text194","monitoring",3,"Colombia"
"5169","COL_text195","active_listening",3,"Colombia"
"5170","COL_text195","science",29,"Colombia"
"5171","COL_text195","speaking",1,"Colombia"
"5172","COL_text196","science",4,"Colombia"
"5173","COL_text196","active_learning",1,"Colombia"
"5174","COL_text197","active_listening",1,"Colombia"
"5175","COL_text197","science",8,"Colombia"
"5176","COL_text197","active_learning",1,"Colombia"
"5177","COL_text197","critical_thinking",2,"Colombia"
"5178","COL_text198","active_learning",2,"Colombia"
"5179","COL_text198","learning_strategy",1,"Colombia"
"5180","COL_text198","monitoring",2,"Colombia"
"5181","COL_text199","active_listening",2,"Colombia"
"5182","COL_text199","science",7,"Colombia"
"5183","COL_text199","active_learning",1,"Colombia"
"5184","COL_text199","critical_thinking",1,"Colombia"
"5185","COL_text199","learning_strategy",1,"Colombia"
"5186","COL_text200","active_listening",1,"Colombia"
"5187","COL_text200","science",19,"Colombia"
"5188","COL_text200","active_learning",2,"Colombia"
"5189","COL_text201","active_listening",1,"Colombia"
"5190","COL_text201","science",1,"Colombia"
"5191","COL_text201","speaking",1,"Colombia"
"5192","COL_text201","active_learning",1,"Colombia"
"5193","COL_text202","active_listening",3,"Colombia"
"5194","COL_text202","reading_comprehension",3,"Colombia"
"5195","COL_text202","science",7,"Colombia"
"5196","COL_text202","active_learning",1,"Colombia"
"5197","COL_text202","critical_thinking",3,"Colombia"
"5198","COL_text202","learning_strategy",2,"Colombia"
"5199","COL_text203","science",1,"Colombia"
"5200","COL_text203","active_learning",1,"Colombia"
"5201","COL_text203","critical_thinking",1,"Colombia"
"5202","COL_text203","monitoring",1,"Colombia"
"5203","COL_text204","science",5,"Colombia"
"5204","COL_text204","speaking",1,"Colombia"
"5205","COL_text204","active_learning",2,"Colombia"
"5206","COL_text204","learning_strategy",1,"Colombia"
"5207","COL_text205","science",25,"Colombia"
"5208","COL_text205","active_learning",2,"Colombia"
"5209","COL_text205","learning_strategy",4,"Colombia"
"5210","COL_text205","monitoring",1,"Colombia"
"5211","COL_text206","science",2,"Colombia"
"5212","COL_text206","speaking",1,"Colombia"
"5213","COL_text206","active_learning",1,"Colombia"
"5214","COL_text206","monitoring",1,"Colombia"
"5215","COL_text207","science",4,"Colombia"
"5216","COL_text207","active_learning",1,"Colombia"
"5217","COL_text207","learning_strategy",3,"Colombia"
"5218","COL_text208","science",7,"Colombia"
"5219","COL_text208","active_learning",2,"Colombia"
"5220","COL_text208","learning_strategy",1,"Colombia"
"5221","COL_text208","monitoring",1,"Colombia"
"5222","COL_text209","speaking",1,"Colombia"
"5223","COL_text209","learning_strategy",3,"Colombia"
"5224","COL_text210","science",13,"Colombia"
"5225","COL_text210","active_learning",2,"Colombia"
"5226","COL_text210","learning_strategy",6,"Colombia"
"5227","COL_text210","monitoring",2,"Colombia"
"5228","COL_text211","reading_comprehension",1,"Colombia"
"5229","COL_text211","science",3,"Colombia"
"5230","COL_text211","speaking",1,"Colombia"
"5231","COL_text211","active_learning",1,"Colombia"
"5232","COL_text212","active_listening",1,"Colombia"
"5233","COL_text212","science",5,"Colombia"
"5234","COL_text212","learning_strategy",6,"Colombia"
"5235","COL_text213","reading_comprehension",1,"Colombia"
"5236","COL_text213","science",9,"Colombia"
"5237","COL_text213","speaking",3,"Colombia"
"5238","COL_text213","active_learning",1,"Colombia"
"5239","COL_text213","learning_strategy",9,"Colombia"
"5240","COL_text213","monitoring",1,"Colombia"
"5241","COL_text214","science",8,"Colombia"
"5242","COL_text214","critical_thinking",1,"Colombia"
"5243","COL_text214","learning_strategy",1,"Colombia"
"5244","COL_text215","reading_comprehension",3,"Colombia"
"5245","COL_text215","science",4,"Colombia"
"5246","COL_text215","active_learning",1,"Colombia"
"5247","COL_text216","learning_strategy",2,"Colombia"
"5248","COL_text217","active_listening",1,"Colombia"
"5249","COL_text217","science",2,"Colombia"
"5250","COL_text218","science",1,"Colombia"
"5251","COL_text218","learning_strategy",1,"Colombia"
"5252","COL_text219","monitoring",2,"Colombia"
"5253","COL_text220","active_listening",1,"Colombia"
"5254","COL_text221","reading_comprehension",1,"Colombia"
"5255","COL_text221","science",2,"Colombia"
"5256","COL_text221","active_learning",1,"Colombia"
"5257","COL_text222","science",1,"Colombia"
"5258","COL_text222","critical_thinking",1,"Colombia"
"5259","COL_text223","science",2,"Colombia"
"5260","COL_text224","science",15,"Colombia"
"5261","COL_text224","speaking",1,"Colombia"
"5262","COL_text224","active_learning",1,"Colombia"
"5263","COL_text224","learning_strategy",1,"Colombia"
"5264","COL_text225","science",5,"Colombia"
"5265","COL_text225","monitoring",2,"Colombia"
"5266","COL_text226","active_listening",1,"Colombia"
"5267","COL_text226","science",6,"Colombia"
"5268","COL_text227","science",1,"Colombia"
"5269","COL_text227","active_learning",1,"Colombia"
"5270","COL_text227","monitoring",1,"Colombia"
"5271","COL_text228","reading_comprehension",1,"Colombia"
"5272","COL_text228","science",9,"Colombia"
"5273","COL_text228","critical_thinking",1,"Colombia"
"5274","COL_text228","learning_strategy",6,"Colombia"
"5275","COL_text228","monitoring",3,"Colombia"
"5276","COL_text229","mathematics",3,"Colombia"
"5277","COL_text229","science",2,"Colombia"
"5278","COL_text229","speaking",1,"Colombia"
"5279","COL_text229","learning_strategy",10,"Colombia"
"5280","COL_text230","science",1,"Colombia"
"5281","COL_text230","speaking",1,"Colombia"
"5282","COL_text230","monitoring",1,"Colombia"
"5283","CR_text1","active_listening",1,"Costa Rica"
"5284","CR_text1","reading_comprehension",1,"Costa Rica"
"5285","CR_text1","speaking",1,"Costa Rica"
"5286","CR_text2","active_listening",1,"Costa Rica"
"5287","CR_text2","reading_comprehension",2,"Costa Rica"
"5288","CR_text2","science",3,"Costa Rica"
"5289","CR_text2","speaking",1,"Costa Rica"
"5290","CR_text3","active_listening",1,"Costa Rica"
"5291","CR_text3","reading_comprehension",2,"Costa Rica"
"5292","CR_text3","science",11,"Costa Rica"
"5293","CR_text3","speaking",1,"Costa Rica"
"5294","CR_text3","active_learning",1,"Costa Rica"
"5295","CR_text3","critical_thinking",1,"Costa Rica"
"5296","CR_text4","active_listening",1,"Costa Rica"
"5297","CR_text4","reading_comprehension",2,"Costa Rica"
"5298","CR_text4","science",4,"Costa Rica"
"5299","CR_text4","speaking",1,"Costa Rica"
"5300","CR_text4","learning_strategy",2,"Costa Rica"
"5301","CR_text5","active_listening",1,"Costa Rica"
"5302","CR_text5","mathematics",1,"Costa Rica"
"5303","CR_text5","reading_comprehension",2,"Costa Rica"
"5304","CR_text5","science",17,"Costa Rica"
"5305","CR_text5","speaking",1,"Costa Rica"
"5306","CR_text5","learning_strategy",1,"Costa Rica"
"5307","CR_text6","active_listening",2,"Costa Rica"
"5308","CR_text6","reading_comprehension",2,"Costa Rica"
"5309","CR_text6","science",3,"Costa Rica"
"5310","CR_text6","speaking",2,"Costa Rica"
"5311","CR_text7","active_listening",1,"Costa Rica"
"5312","CR_text7","reading_comprehension",2,"Costa Rica"
"5313","CR_text7","science",4,"Costa Rica"
"5314","CR_text7","speaking",1,"Costa Rica"
"5315","CR_text8","active_listening",2,"Costa Rica"
"5316","CR_text8","reading_comprehension",2,"Costa Rica"
"5317","CR_text8","science",3,"Costa Rica"
"5318","CR_text8","speaking",1,"Costa Rica"
"5319","CR_text8","critical_thinking",3,"Costa Rica"
"5320","CR_text8","learning_strategy",1,"Costa Rica"
"5321","CR_text9","active_listening",1,"Costa Rica"
"5322","CR_text9","reading_comprehension",2,"Costa Rica"
"5323","CR_text9","science",4,"Costa Rica"
"5324","CR_text9","speaking",1,"Costa Rica"
"5325","CR_text10","active_listening",1,"Costa Rica"
"5326","CR_text10","reading_comprehension",2,"Costa Rica"
"5327","CR_text10","science",3,"Costa Rica"
"5328","CR_text10","speaking",1,"Costa Rica"
"5329","CR_text11","active_listening",1,"Costa Rica"
"5330","CR_text11","reading_comprehension",2,"Costa Rica"
"5331","CR_text11","science",6,"Costa Rica"
"5332","CR_text11","speaking",1,"Costa Rica"
"5333","CR_text12","active_listening",1,"Costa Rica"
"5334","CR_text12","reading_comprehension",2,"Costa Rica"
"5335","CR_text12","science",15,"Costa Rica"
"5336","CR_text12","speaking",1,"Costa Rica"
"5337","CR_text13","active_listening",1,"Costa Rica"
"5338","CR_text13","reading_comprehension",2,"Costa Rica"
"5339","CR_text13","science",6,"Costa Rica"
"5340","CR_text13","speaking",1,"Costa Rica"
"5341","CR_text13","learning_strategy",4,"Costa Rica"
"5342","CR_text14","active_listening",5,"Costa Rica"
"5343","CR_text14","reading_comprehension",2,"Costa Rica"
"5344","CR_text14","science",7,"Costa Rica"
"5345","CR_text14","speaking",5,"Costa Rica"
"5346","CR_text14","active_learning",4,"Costa Rica"
"5347","CR_text14","critical_thinking",1,"Costa Rica"
"5348","CR_text14","learning_strategy",2,"Costa Rica"
"5349","CR_text14","monitoring",4,"Costa Rica"
"5350","CR_text15","active_listening",1,"Costa Rica"
"5351","CR_text15","reading_comprehension",2,"Costa Rica"
"5352","CR_text15","science",6,"Costa Rica"
"5353","CR_text15","speaking",1,"Costa Rica"
"5354","CR_text16","active_listening",1,"Costa Rica"
"5355","CR_text16","reading_comprehension",2,"Costa Rica"
"5356","CR_text16","science",4,"Costa Rica"
"5357","CR_text16","speaking",1,"Costa Rica"
"5358","CR_text17","active_listening",1,"Costa Rica"
"5359","CR_text17","reading_comprehension",2,"Costa Rica"
"5360","CR_text17","science",4,"Costa Rica"
"5361","CR_text17","speaking",1,"Costa Rica"
"5362","CR_text18","active_listening",3,"Costa Rica"
"5363","CR_text18","reading_comprehension",2,"Costa Rica"
"5364","CR_text18","science",1,"Costa Rica"
"5365","CR_text18","speaking",2,"Costa Rica"
"5366","CR_text18","critical_thinking",3,"Costa Rica"
"5367","CR_text18","learning_strategy",2,"Costa Rica"
"5368","CR_text18","monitoring",1,"Costa Rica"
"5369","CR_text19","active_listening",1,"Costa Rica"
"5370","CR_text19","reading_comprehension",2,"Costa Rica"
"5371","CR_text19","science",5,"Costa Rica"
"5372","CR_text19","speaking",1,"Costa Rica"
"5373","CR_text19","active_learning",1,"Costa Rica"
"5374","CR_text19","critical_thinking",1,"Costa Rica"
"5375","CR_text19","learning_strategy",1,"Costa Rica"
"5376","CR_text20","active_listening",1,"Costa Rica"
"5377","CR_text20","reading_comprehension",2,"Costa Rica"
"5378","CR_text20","science",6,"Costa Rica"
"5379","CR_text20","speaking",1,"Costa Rica"
"5380","CR_text21","active_listening",2,"Costa Rica"
"5381","CR_text21","reading_comprehension",3,"Costa Rica"
"5382","CR_text21","science",9,"Costa Rica"
"5383","CR_text21","speaking",1,"Costa Rica"
"5384","CR_text21","learning_strategy",1,"Costa Rica"
"5385","CR_text21","monitoring",1,"Costa Rica"
"5386","CR_text22","active_listening",1,"Costa Rica"
"5387","CR_text22","mathematics",1,"Costa Rica"
"5388","CR_text22","reading_comprehension",2,"Costa Rica"
"5389","CR_text22","science",5,"Costa Rica"
"5390","CR_text22","speaking",2,"Costa Rica"
"5391","CR_text22","learning_strategy",1,"Costa Rica"
"5392","CR_text23","active_listening",1,"Costa Rica"
"5393","CR_text23","reading_comprehension",2,"Costa Rica"
"5394","CR_text23","science",16,"Costa Rica"
"5395","CR_text23","speaking",1,"Costa Rica"
"5396","CR_text24","active_listening",1,"Costa Rica"
"5397","CR_text24","reading_comprehension",2,"Costa Rica"
"5398","CR_text24","science",6,"Costa Rica"
"5399","CR_text24","speaking",1,"Costa Rica"
"5400","CR_text24","critical_thinking",1,"Costa Rica"
"5401","CR_text24","monitoring",2,"Costa Rica"
"5402","CR_text25","active_listening",1,"Costa Rica"
"5403","CR_text25","reading_comprehension",2,"Costa Rica"
"5404","CR_text25","science",4,"Costa Rica"
"5405","CR_text25","speaking",1,"Costa Rica"
"5406","CR_text26","active_listening",2,"Costa Rica"
"5407","CR_text26","reading_comprehension",2,"Costa Rica"
"5408","CR_text26","science",4,"Costa Rica"
"5409","CR_text26","speaking",1,"Costa Rica"
"5410","CR_text26","critical_thinking",1,"Costa Rica"
"5411","CR_text26","learning_strategy",1,"Costa Rica"
"5412","CR_text27","active_listening",1,"Costa Rica"
"5413","CR_text27","reading_comprehension",2,"Costa Rica"
"5414","CR_text27","science",3,"Costa Rica"
"5415","CR_text27","speaking",1,"Costa Rica"
"5416","CR_text28","active_listening",1,"Costa Rica"
"5417","CR_text28","reading_comprehension",3,"Costa Rica"
"5418","CR_text28","science",1,"Costa Rica"
"5419","CR_text28","speaking",1,"Costa Rica"
"5420","CR_text28","learning_strategy",2,"Costa Rica"
"5421","CR_text29","active_listening",1,"Costa Rica"
"5422","CR_text29","reading_comprehension",2,"Costa Rica"
"5423","CR_text29","science",2,"Costa Rica"
"5424","CR_text29","speaking",2,"Costa Rica"
"5425","CR_text29","learning_strategy",2,"Costa Rica"
"5426","CR_text29","monitoring",4,"Costa Rica"
"5427","CR_text30","active_listening",1,"Costa Rica"
"5428","CR_text30","reading_comprehension",2,"Costa Rica"
"5429","CR_text30","science",5,"Costa Rica"
"5430","CR_text30","speaking",1,"Costa Rica"
"5431","CR_text31","active_listening",1,"Costa Rica"
"5432","CR_text31","reading_comprehension",2,"Costa Rica"
"5433","CR_text31","science",4,"Costa Rica"
"5434","CR_text31","speaking",1,"Costa Rica"
"5435","CR_text32","active_listening",1,"Costa Rica"
"5436","CR_text32","reading_comprehension",2,"Costa Rica"
"5437","CR_text32","science",6,"Costa Rica"
"5438","CR_text32","speaking",1,"Costa Rica"
"5439","CR_text33","active_listening",2,"Costa Rica"
"5440","CR_text33","reading_comprehension",2,"Costa Rica"
"5441","CR_text33","science",5,"Costa Rica"
"5442","CR_text33","speaking",1,"Costa Rica"
"5443","CR_text33","monitoring",1,"Costa Rica"
"5444","CR_text34","active_listening",1,"Costa Rica"
"5445","CR_text34","reading_comprehension",2,"Costa Rica"
"5446","CR_text34","science",12,"Costa Rica"
"5447","CR_text34","speaking",1,"Costa Rica"
"5448","CR_text34","critical_thinking",1,"Costa Rica"
"5449","CR_text35","active_listening",1,"Costa Rica"
"5450","CR_text35","reading_comprehension",2,"Costa Rica"
"5451","CR_text35","science",4,"Costa Rica"
"5452","CR_text35","speaking",1,"Costa Rica"
"5453","CR_text35","active_learning",3,"Costa Rica"
"5454","CR_text36","active_listening",1,"Costa Rica"
"5455","CR_text36","reading_comprehension",2,"Costa Rica"
"5456","CR_text36","science",1,"Costa Rica"
"5457","CR_text36","speaking",1,"Costa Rica"
"5458","CR_text36","learning_strategy",2,"Costa Rica"
"5459","CR_text37","active_listening",1,"Costa Rica"
"5460","CR_text37","reading_comprehension",2,"Costa Rica"
"5461","CR_text37","science",3,"Costa Rica"
"5462","CR_text37","speaking",1,"Costa Rica"
"5463","CR_text38","active_listening",2,"Costa Rica"
"5464","CR_text38","reading_comprehension",2,"Costa Rica"
"5465","CR_text38","science",6,"Costa Rica"
"5466","CR_text38","speaking",1,"Costa Rica"
"5467","CR_text39","active_listening",1,"Costa Rica"
"5468","CR_text39","reading_comprehension",2,"Costa Rica"
"5469","CR_text39","science",3,"Costa Rica"
"5470","CR_text39","speaking",1,"Costa Rica"
"5471","CR_text40","active_listening",1,"Costa Rica"
"5472","CR_text40","reading_comprehension",2,"Costa Rica"
"5473","CR_text40","science",6,"Costa Rica"
"5474","CR_text40","speaking",1,"Costa Rica"
"5475","CR_text41","active_listening",1,"Costa Rica"
"5476","CR_text41","reading_comprehension",2,"Costa Rica"
"5477","CR_text41","science",3,"Costa Rica"
"5478","CR_text41","speaking",1,"Costa Rica"
"5479","CR_text41","learning_strategy",1,"Costa Rica"
"5480","CR_text42","active_listening",1,"Costa Rica"
"5481","CR_text42","reading_comprehension",2,"Costa Rica"
"5482","CR_text42","science",9,"Costa Rica"
"5483","CR_text42","speaking",1,"Costa Rica"
"5484","CR_text43","active_listening",1,"Costa Rica"
"5485","CR_text43","reading_comprehension",2,"Costa Rica"
"5486","CR_text43","science",4,"Costa Rica"
"5487","CR_text43","speaking",1,"Costa Rica"
"5488","CR_text44","active_listening",1,"Costa Rica"
"5489","CR_text44","reading_comprehension",3,"Costa Rica"
"5490","CR_text44","science",15,"Costa Rica"
"5491","CR_text44","speaking",1,"Costa Rica"
"5492","CR_text44","writing",1,"Costa Rica"
"5493","CR_text44","learning_strategy",1,"Costa Rica"
"5494","CR_text45","active_listening",1,"Costa Rica"
"5495","CR_text45","reading_comprehension",2,"Costa Rica"
"5496","CR_text45","science",3,"Costa Rica"
"5497","CR_text45","speaking",1,"Costa Rica"
"5498","CR_text45","learning_strategy",1,"Costa Rica"
"5499","CR_text45","monitoring",2,"Costa Rica"
"5500","CR_text46","active_listening",1,"Costa Rica"
"5501","CR_text46","reading_comprehension",2,"Costa Rica"
"5502","CR_text46","science",4,"Costa Rica"
"5503","CR_text46","speaking",3,"Costa Rica"
"5504","CR_text46","critical_thinking",1,"Costa Rica"
"5505","CR_text46","learning_strategy",7,"Costa Rica"
"5506","CR_text47","active_listening",1,"Costa Rica"
"5507","CR_text47","mathematics",1,"Costa Rica"
"5508","CR_text47","reading_comprehension",2,"Costa Rica"
"5509","CR_text47","science",4,"Costa Rica"
"5510","CR_text47","speaking",4,"Costa Rica"
"5511","CR_text47","learning_strategy",1,"Costa Rica"
"5512","CR_text48","active_listening",1,"Costa Rica"
"5513","CR_text48","reading_comprehension",2,"Costa Rica"
"5514","CR_text48","science",6,"Costa Rica"
"5515","CR_text48","speaking",1,"Costa Rica"
"5516","CR_text49","active_listening",1,"Costa Rica"
"5517","CR_text49","reading_comprehension",4,"Costa Rica"
"5518","CR_text49","science",7,"Costa Rica"
"5519","CR_text49","speaking",1,"Costa Rica"
"5520","CR_text49","critical_thinking",1,"Costa Rica"
"5521","CR_text49","learning_strategy",5,"Costa Rica"
"5522","CR_text50","active_listening",2,"Costa Rica"
"5523","CR_text50","reading_comprehension",2,"Costa Rica"
"5524","CR_text50","science",5,"Costa Rica"
"5525","CR_text50","speaking",1,"Costa Rica"
"5526","CR_text50","monitoring",1,"Costa Rica"
"5527","CR_text51","active_listening",1,"Costa Rica"
"5528","CR_text51","reading_comprehension",3,"Costa Rica"
"5529","CR_text51","science",5,"Costa Rica"
"5530","CR_text51","speaking",1,"Costa Rica"
"5531","CR_text51","writing",1,"Costa Rica"
"5532","CR_text52","active_listening",1,"Costa Rica"
"5533","CR_text52","reading_comprehension",2,"Costa Rica"
"5534","CR_text52","science",3,"Costa Rica"
"5535","CR_text52","speaking",3,"Costa Rica"
"5536","CR_text52","active_learning",1,"Costa Rica"
"5537","CR_text52","learning_strategy",2,"Costa Rica"
"5538","CR_text53","active_listening",1,"Costa Rica"
"5539","CR_text53","reading_comprehension",2,"Costa Rica"
"5540","CR_text53","science",12,"Costa Rica"
"5541","CR_text53","speaking",1,"Costa Rica"
"5542","CR_text53","learning_strategy",1,"Costa Rica"
"5543","CR_text53","monitoring",1,"Costa Rica"
"5544","CR_text54","active_listening",2,"Costa Rica"
"5545","CR_text54","reading_comprehension",4,"Costa Rica"
"5546","CR_text54","science",16,"Costa Rica"
"5547","CR_text54","speaking",1,"Costa Rica"
"5548","CR_text54","writing",1,"Costa Rica"
"5549","CR_text54","active_learning",2,"Costa Rica"
"5550","CR_text55","active_listening",1,"Costa Rica"
"5551","CR_text55","reading_comprehension",2,"Costa Rica"
"5552","CR_text55","science",5,"Costa Rica"
"5553","CR_text55","speaking",1,"Costa Rica"
"5554","CR_text56","active_listening",1,"Costa Rica"
"5555","CR_text56","reading_comprehension",2,"Costa Rica"
"5556","CR_text56","science",9,"Costa Rica"
"5557","CR_text56","speaking",1,"Costa Rica"
"5558","CR_text56","critical_thinking",1,"Costa Rica"
"5559","CR_text57","active_listening",2,"Costa Rica"
"5560","CR_text57","science",30,"Costa Rica"
"5561","CR_text57","writing",1,"Costa Rica"
"5562","CR_text58","science",4,"Costa Rica"
"5563","CR_text58","speaking",1,"Costa Rica"
"5564","CR_text59","science",5,"Costa Rica"
"5565","CR_text59","speaking",1,"Costa Rica"
"5566","CR_text60","active_listening",1,"Costa Rica"
"5567","CR_text60","science",6,"Costa Rica"
"5568","CR_text60","speaking",1,"Costa Rica"
"5569","CR_text60","active_learning",1,"Costa Rica"
"5570","CR_text60","critical_thinking",2,"Costa Rica"
"5571","CR_text60","monitoring",1,"Costa Rica"
"5572","CR_text61","science",4,"Costa Rica"
"5573","CR_text61","speaking",1,"Costa Rica"
"5574","CR_text62","science",8,"Costa Rica"
"5575","CR_text62","speaking",1,"Costa Rica"
"5576","CR_text63","reading_comprehension",5,"Costa Rica"
"5577","CR_text63","science",23,"Costa Rica"
"5578","CR_text63","speaking",1,"Costa Rica"
"5579","CR_text63","writing",1,"Costa Rica"
"5580","CR_text63","active_learning",1,"Costa Rica"
"5581","CR_text64","reading_comprehension",5,"Costa Rica"
"5582","CR_text64","science",20,"Costa Rica"
"5583","CR_text64","speaking",1,"Costa Rica"
"5584","CR_text64","writing",1,"Costa Rica"
"5585","CR_text64","learning_strategy",1,"Costa Rica"
"5586","CR_text64","monitoring",1,"Costa Rica"
"5587","CR_text65","reading_comprehension",5,"Costa Rica"
"5588","CR_text65","science",9,"Costa Rica"
"5589","CR_text65","speaking",1,"Costa Rica"
"5590","CR_text65","learning_strategy",1,"Costa Rica"
"5591","CR_text65","monitoring",1,"Costa Rica"
"5592","CR_text66","active_listening",1,"Costa Rica"
"5593","CR_text66","reading_comprehension",3,"Costa Rica"
"5594","CR_text66","science",12,"Costa Rica"
"5595","CR_text66","speaking",1,"Costa Rica"
"5596","CR_text66","writing",1,"Costa Rica"
"5597","CR_text66","critical_thinking",1,"Costa Rica"
"5598","CR_text67","active_listening",3,"Costa Rica"
"5599","CR_text67","mathematics",1,"Costa Rica"
"5600","CR_text67","reading_comprehension",2,"Costa Rica"
"5601","CR_text67","science",34,"Costa Rica"
"5602","CR_text67","writing",1,"Costa Rica"
"5603","CR_text68","active_listening",1,"Costa Rica"
"5604","CR_text68","reading_comprehension",1,"Costa Rica"
"5605","CR_text68","science",21,"Costa Rica"
"5606","CR_text68","speaking",1,"Costa Rica"
"5607","CR_text68","active_learning",1,"Costa Rica"
"5608","CR_text68","monitoring",2,"Costa Rica"
"5609","CR_text69","reading_comprehension",1,"Costa Rica"
"5610","CR_text69","science",15,"Costa Rica"
"5611","CR_text69","speaking",1,"Costa Rica"
"5612","CR_text69","critical_thinking",1,"Costa Rica"
"5613","CR_text69","learning_strategy",1,"Costa Rica"
"5614","CR_text70","active_listening",1,"Costa Rica"
"5615","CR_text70","mathematics",2,"Costa Rica"
"5616","CR_text70","science",21,"Costa Rica"
"5617","CR_text70","speaking",1,"Costa Rica"
"5618","CR_text70","active_learning",1,"Costa Rica"
"5619","CR_text70","critical_thinking",1,"Costa Rica"
"5620","CR_text71","active_listening",1,"Costa Rica"
"5621","CR_text71","reading_comprehension",2,"Costa Rica"
"5622","CR_text71","science",15,"Costa Rica"
"5623","CR_text71","speaking",1,"Costa Rica"
"5624","CR_text71","critical_thinking",1,"Costa Rica"
"5625","CR_text71","learning_strategy",1,"Costa Rica"
"5626","CR_text71","monitoring",5,"Costa Rica"
"5627","CR_text72","active_listening",1,"Costa Rica"
"5628","CR_text72","reading_comprehension",2,"Costa Rica"
"5629","CR_text72","science",11,"Costa Rica"
"5630","CR_text72","speaking",1,"Costa Rica"
"5631","CR_text72","learning_strategy",1,"Costa Rica"
"5632","CR_text72","monitoring",3,"Costa Rica"
"5633","CR_text73","reading_comprehension",3,"Costa Rica"
"5634","CR_text73","science",10,"Costa Rica"
"5635","CR_text73","speaking",1,"Costa Rica"
"5636","CR_text73","monitoring",3,"Costa Rica"
"5637","CR_text74","active_listening",3,"Costa Rica"
"5638","CR_text74","reading_comprehension",2,"Costa Rica"
"5639","CR_text74","science",26,"Costa Rica"
"5640","CR_text74","speaking",1,"Costa Rica"
"5641","CR_text75","reading_comprehension",1,"Costa Rica"
"5642","CR_text75","science",37,"Costa Rica"
"5643","CR_text75","writing",1,"Costa Rica"
"5644","CR_text76","reading_comprehension",1,"Costa Rica"
"5645","CR_text76","science",13,"Costa Rica"
"5646","CR_text77","reading_comprehension",1,"Costa Rica"
"5647","CR_text77","science",29,"Costa Rica"
"5648","CR_text77","speaking",2,"Costa Rica"
"5649","CR_text77","writing",1,"Costa Rica"
"5650","CR_text78","reading_comprehension",1,"Costa Rica"
"5651","CR_text78","science",33,"Costa Rica"
"5652","CR_text78","speaking",1,"Costa Rica"
"5653","CR_text78","writing",3,"Costa Rica"
"5654","CR_text79","reading_comprehension",1,"Costa Rica"
"5655","CR_text79","science",11,"Costa Rica"
"5656","CR_text79","speaking",1,"Costa Rica"
"5657","CR_text79","critical_thinking",2,"Costa Rica"
"5658","CR_text80","active_listening",1,"Costa Rica"
"5659","CR_text80","science",31,"Costa Rica"
"5660","CR_text80","speaking",2,"Costa Rica"
"5661","CR_text81","active_listening",1,"Costa Rica"
"5662","CR_text81","reading_comprehension",1,"Costa Rica"
"5663","CR_text81","science",45,"Costa Rica"
"5664","CR_text81","speaking",2,"Costa Rica"
"5665","CR_text82","reading_comprehension",2,"Costa Rica"
"5666","CR_text82","science",8,"Costa Rica"
"5667","CR_text82","critical_thinking",2,"Costa Rica"
"5668","CR_text83","reading_comprehension",3,"Costa Rica"
"5669","CR_text83","science",5,"Costa Rica"
"5670","CR_text84","reading_comprehension",3,"Costa Rica"
"5671","CR_text84","science",3,"Costa Rica"
"5672","CR_text85","reading_comprehension",3,"Costa Rica"
"5673","CR_text85","science",6,"Costa Rica"
"5674","CR_text86","reading_comprehension",4,"Costa Rica"
"5675","CR_text86","science",7,"Costa Rica"
"5676","CR_text87","science",4,"Costa Rica"
"5677","CR_text87","speaking",1,"Costa Rica"
"5678","CR_text87","monitoring",1,"Costa Rica"
"5679","CR_text88","active_listening",1,"Costa Rica"
"5680","CR_text88","science",3,"Costa Rica"
"5681","CR_text88","learning_strategy",9,"Costa Rica"
"5682","CR_text89","science",14,"Costa Rica"
"5683","CR_text89","speaking",1,"Costa Rica"
"5684","CR_text89","critical_thinking",2,"Costa Rica"
"5685","CR_text89","learning_strategy",2,"Costa Rica"
"5686","CR_text89","monitoring",1,"Costa Rica"
"5687","CR_text90","science",3,"Costa Rica"
"5688","CR_text90","speaking",1,"Costa Rica"
"5689","CR_text90","learning_strategy",2,"Costa Rica"
"5690","CR_text90","monitoring",1,"Costa Rica"
"5691","CR_text91","science",13,"Costa Rica"
"5692","CR_text91","speaking",1,"Costa Rica"
"5693","CR_text91","critical_thinking",2,"Costa Rica"
"5694","CR_text91","monitoring",2,"Costa Rica"
"5695","CR_text92","reading_comprehension",3,"Costa Rica"
"5696","CR_text92","science",25,"Costa Rica"
"5697","CR_text92","critical_thinking",1,"Costa Rica"
"5698","CR_text92","learning_strategy",1,"Costa Rica"
"5699","CR_text93","science",13,"Costa Rica"
"5700","CR_text93","speaking",1,"Costa Rica"
"5701","CR_text94","science",11,"Costa Rica"
"5702","CR_text94","speaking",1,"Costa Rica"
"5703","CR_text95","science",11,"Costa Rica"
"5704","CR_text95","speaking",1,"Costa Rica"
"5705","CR_text96","science",6,"Costa Rica"
"5706","CR_text96","speaking",1,"Costa Rica"
"5707","CR_text97","active_listening",3,"Costa Rica"
"5708","CR_text97","reading_comprehension",6,"Costa Rica"
"5709","CR_text97","science",18,"Costa Rica"
"5710","CR_text98","reading_comprehension",3,"Costa Rica"
"5711","CR_text98","science",17,"Costa Rica"
"5712","CR_text98","writing",1,"Costa Rica"
"5713","CR_text98","monitoring",1,"Costa Rica"
"5714","CR_text99","science",11,"Costa Rica"
"5715","CR_text99","speaking",1,"Costa Rica"
"5716","CR_text100","science",11,"Costa Rica"
"5717","CR_text100","speaking",1,"Costa Rica"
"5718","CR_text100","learning_strategy",1,"Costa Rica"
"5719","CR_text101","active_listening",1,"Costa Rica"
"5720","CR_text101","reading_comprehension",4,"Costa Rica"
"5721","CR_text101","science",4,"Costa Rica"
"5722","CR_text101","active_learning",1,"Costa Rica"
"5723","CR_text102","science",13,"Costa Rica"
"5724","CR_text102","speaking",1,"Costa Rica"
"5725","CR_text103","active_listening",3,"Costa Rica"
"5726","CR_text103","mathematics",8,"Costa Rica"
"5727","CR_text103","reading_comprehension",3,"Costa Rica"
"5728","CR_text103","science",13,"Costa Rica"
"5729","CR_text103","speaking",2,"Costa Rica"
"5730","CR_text103","writing",1,"Costa Rica"
"5731","CR_text103","monitoring",1,"Costa Rica"
"5732","CR_text104","mathematics",7,"Costa Rica"
"5733","CR_text104","science",3,"Costa Rica"
"5734","CR_text104","speaking",1,"Costa Rica"
"5735","CR_text104","learning_strategy",1,"Costa Rica"
"5736","CR_text105","mathematics",8,"Costa Rica"
"5737","CR_text105","science",4,"Costa Rica"
"5738","CR_text105","speaking",1,"Costa Rica"
"5739","CR_text105","learning_strategy",1,"Costa Rica"
"5740","CR_text106","science",14,"Costa Rica"
"5741","CR_text106","speaking",2,"Costa Rica"
"5742","CR_text106","active_learning",1,"Costa Rica"
"5743","CR_text106","learning_strategy",3,"Costa Rica"
"5744","CR_text107","active_listening",3,"Costa Rica"
"5745","CR_text107","science",30,"Costa Rica"
"5746","CR_text107","speaking",1,"Costa Rica"
"5747","CR_text107","writing",2,"Costa Rica"
"5748","CR_text107","active_learning",1,"Costa Rica"
"5749","CR_text108","science",18,"Costa Rica"
"5750","CR_text108","speaking",1,"Costa Rica"
"5751","CR_text108","learning_strategy",1,"Costa Rica"
"5752","CR_text109","science",27,"Costa Rica"
"5753","CR_text109","speaking",1,"Costa Rica"
"5754","CR_text109","critical_thinking",1,"Costa Rica"
"5755","CR_text110","active_listening",3,"Costa Rica"
"5756","CR_text110","science",4,"Costa Rica"
"5757","CR_text110","speaking",1,"Costa Rica"
"5758","CR_text110","critical_thinking",1,"Costa Rica"
"5759","CR_text110","learning_strategy",1,"Costa Rica"
"5760","CR_text111","science",10,"Costa Rica"
"5761","CR_text111","speaking",1,"Costa Rica"
"5762","CR_text111","monitoring",1,"Costa Rica"
"5763","CR_text112","reading_comprehension",4,"Costa Rica"
"5764","CR_text112","science",3,"Costa Rica"
"5765","CR_text112","monitoring",1,"Costa Rica"
"5766","CR_text113","active_listening",1,"Costa Rica"
"5767","CR_text113","reading_comprehension",1,"Costa Rica"
"5768","CR_text113","science",9,"Costa Rica"
"5769","CR_text113","speaking",2,"Costa Rica"
"5770","CR_text113","critical_thinking",1,"Costa Rica"
"5771","CR_text113","learning_strategy",3,"Costa Rica"
"5772","CR_text114","reading_comprehension",1,"Costa Rica"
"5773","CR_text114","science",16,"Costa Rica"
"5774","CR_text114","speaking",1,"Costa Rica"
"5775","CR_text114","active_learning",1,"Costa Rica"
"5776","CR_text115","science",8,"Costa Rica"
"5777","CR_text115","critical_thinking",1,"Costa Rica"
"5778","CR_text116","science",23,"Costa Rica"
"5779","CR_text116","speaking",1,"Costa Rica"
"5780","CR_text116","critical_thinking",1,"Costa Rica"
"5781","CR_text117","science",15,"Costa Rica"
"5782","CR_text117","speaking",1,"Costa Rica"
"5783","CR_text118","reading_comprehension",3,"Costa Rica"
"5784","CR_text118","science",1,"Costa Rica"
"5785","CR_text118","learning_strategy",1,"Costa Rica"
"5786","CR_text119","active_listening",1,"Costa Rica"
"5787","CR_text119","reading_comprehension",1,"Costa Rica"
"5788","CR_text119","science",4,"Costa Rica"
"5789","CR_text119","speaking",1,"Costa Rica"
"5790","CR_text120","science",2,"Costa Rica"
"5791","CR_text120","speaking",1,"Costa Rica"
"5792","CR_text120","learning_strategy",1,"Costa Rica"
"5793","ECU_text1","science",19,"Ecuador"
"5794","ECU_text2","science",1,"Ecuador"
"5795","ECU_text2","speaking",4,"Ecuador"
"5796","ECU_text2","monitoring",1,"Ecuador"
"5797","ECU_text3","science",5,"Ecuador"
"5798","ECU_text3","speaking",1,"Ecuador"
"5799","ECU_text3","active_learning",2,"Ecuador"
"5800","ECU_text3","critical_thinking",2,"Ecuador"
"5801","ECU_text3","learning_strategy",3,"Ecuador"
"5802","ECU_text4","science",1,"Ecuador"
"5803","ECU_text4","speaking",1,"Ecuador"
"5804","ECU_text4","active_learning",1,"Ecuador"
"5805","ECU_text6","science",2,"Ecuador"
"5806","ECU_text6","speaking",1,"Ecuador"
"5807","ECU_text6","monitoring",1,"Ecuador"
"5808","ECU_text7","active_listening",1,"Ecuador"
"5809","ECU_text7","science",1,"Ecuador"
"5810","ECU_text8","learning_strategy",1,"Ecuador"
"5811","ECU_text10","science",4,"Ecuador"
"5812","ECU_text11","reading_comprehension",1,"Ecuador"
"5813","ECU_text11","speaking",1,"Ecuador"
"5814","ECU_text12","science",6,"Ecuador"
"5815","ECU_text12","learning_strategy",1,"Ecuador"
"5816","ECU_text13","science",2,"Ecuador"
"5817","ECU_text14","science",1,"Ecuador"
"5818","ECU_text15","speaking",4,"Ecuador"
"5819","ECU_text16","science",3,"Ecuador"
"5820","ECU_text17","science",1,"Ecuador"
"5821","ECU_text17","active_learning",1,"Ecuador"
"5822","ECU_text18","science",2,"Ecuador"
"5823","ECU_text18","learning_strategy",1,"Ecuador"
"5824","ECU_text19","science",1,"Ecuador"
"5825","ECU_text19","speaking",4,"Ecuador"
"5826","ECU_text19","monitoring",1,"Ecuador"
"5827","ECU_text20","active_listening",4,"Ecuador"
"5828","ECU_text20","science",9,"Ecuador"
"5829","ECU_text20","speaking",1,"Ecuador"
"5830","ECU_text20","active_learning",4,"Ecuador"
"5831","ECU_text20","critical_thinking",1,"Ecuador"
"5832","ECU_text20","learning_strategy",2,"Ecuador"
"5833","ECU_text21","science",7,"Ecuador"
"5834","ECU_text22","science",8,"Ecuador"
"5835","ECU_text22","speaking",2,"Ecuador"
"5836","ECU_text22","active_learning",2,"Ecuador"
"5837","ECU_text22","critical_thinking",2,"Ecuador"
"5838","ECU_text22","learning_strategy",2,"Ecuador"
"5839","ECU_text23","science",8,"Ecuador"
"5840","ECU_text23","learning_strategy",1,"Ecuador"
"5841","ECU_text24","science",12,"Ecuador"
"5842","ECU_text24","learning_strategy",1,"Ecuador"
"5843","ECU_text25","science",5,"Ecuador"
"5844","ECU_text26","mathematics",2,"Ecuador"
"5845","ECU_text27","science",3,"Ecuador"
"5846","ECU_text27","active_learning",2,"Ecuador"
"5847","ECU_text27","critical_thinking",1,"Ecuador"
"5848","ECU_text27","learning_strategy",2,"Ecuador"
"5849","ECU_text28","science",7,"Ecuador"
"5850","ECU_text28","speaking",3,"Ecuador"
"5851","ECU_text28","active_learning",1,"Ecuador"
"5852","ECU_text28","critical_thinking",1,"Ecuador"
"5853","ECU_text28","monitoring",2,"Ecuador"
"5854","ECU_text29","science",3,"Ecuador"
"5855","ECU_text30","science",15,"Ecuador"
"5856","ECU_text30","learning_strategy",1,"Ecuador"
"5857","ECU_text31","mathematics",2,"Ecuador"
"5858","ECU_text31","science",10,"Ecuador"
"5859","ECU_text31","monitoring",1,"Ecuador"
"5860","ECU_text32","science",2,"Ecuador"
"5861","ECU_text33","science",2,"Ecuador"
"5862","ECU_text33","active_learning",2,"Ecuador"
"5863","ECU_text33","critical_thinking",2,"Ecuador"
"5864","ECU_text33","learning_strategy",3,"Ecuador"
"5865","ECU_text34","science",3,"Ecuador"
"5866","ECU_text34","monitoring",1,"Ecuador"
"5867","ECU_text35","science",2,"Ecuador"
"5868","ECU_text35","learning_strategy",1,"Ecuador"
"5869","ECU_text36","science",2,"Ecuador"
"5870","ECU_text37","science",1,"Ecuador"
"5871","ECU_text38","science",1,"Ecuador"
"5872","ECU_text38","active_learning",1,"Ecuador"
"5873","ECU_text39","science",10,"Ecuador"
"5874","ECU_text39","learning_strategy",1,"Ecuador"
"5875","ECU_text40","science",1,"Ecuador"
"5876","ECU_text40","speaking",20,"Ecuador"
"5877","ECU_text41","science",6,"Ecuador"
"5878","ECU_text42","science",1,"Ecuador"
"5879","ECU_text43","science",1,"Ecuador"
"5880","ECU_text43","learning_strategy",1,"Ecuador"
"5881","ECU_text44","science",5,"Ecuador"
"5882","ECU_text45","mathematics",1,"Ecuador"
"5883","ECU_text45","science",1,"Ecuador"
"5884","ECU_text45","speaking",2,"Ecuador"
"5885","ECU_text46","science",8,"Ecuador"
"5886","ECU_text46","speaking",1,"Ecuador"
"5887","ECU_text46","monitoring",1,"Ecuador"
"5888","ECU_text47","science",4,"Ecuador"
"5889","ECU_text47","speaking",9,"Ecuador"
"5890","ECU_text48","active_listening",1,"Ecuador"
"5891","ECU_text48","learning_strategy",1,"Ecuador"
"5892","ECU_text49","active_listening",2,"Ecuador"
"5893","ECU_text49","science",7,"Ecuador"
"5894","ECU_text49","active_learning",1,"Ecuador"
"5895","ECU_text49","critical_thinking",1,"Ecuador"
"5896","ECU_text49","learning_strategy",2,"Ecuador"
"5897","ECU_text49","monitoring",1,"Ecuador"
"5898","ECU_text50","active_listening",1,"Ecuador"
"5899","ECU_text50","science",3,"Ecuador"
"5900","ECU_text50","active_learning",1,"Ecuador"
"5901","ECU_text52","science",2,"Ecuador"
"5902","ECU_text53","speaking",2,"Ecuador"
"5903","ECU_text54","science",1,"Ecuador"
"5904","ECU_text55","reading_comprehension",2,"Ecuador"
"5905","ECU_text55","learning_strategy",1,"Ecuador"
"5906","ECU_text56","science",10,"Ecuador"
"5907","ECU_text56","speaking",1,"Ecuador"
"5908","ECU_text56","monitoring",1,"Ecuador"
"5909","ECU_text57","science",2,"Ecuador"
"5910","ECU_text58","science",1,"Ecuador"
"5911","ECU_text59","science",1,"Ecuador"
"5912","ECU_text62","science",2,"Ecuador"
"5913","ECU_text62","active_learning",1,"Ecuador"
"5914","ECU_text62","critical_thinking",1,"Ecuador"
"5915","ECU_text62","learning_strategy",1,"Ecuador"
"5916","ECU_text62","monitoring",1,"Ecuador"
"5917","ECU_text63","science",6,"Ecuador"
"5918","ECU_text64","active_listening",1,"Ecuador"
"5919","ECU_text64","science",3,"Ecuador"
"5920","ECU_text64","critical_thinking",1,"Ecuador"
"5921","ECU_text64","learning_strategy",2,"Ecuador"
"5922","ECU_text65","science",3,"Ecuador"
"5923","ECU_text66","science",7,"Ecuador"
"5924","ECU_text67","science",3,"Ecuador"
"5925","ECU_text69","science",2,"Ecuador"
"5926","ECU_text70","active_listening",1,"Ecuador"
"5927","ECU_text70","science",4,"Ecuador"
"5928","ECU_text71","science",1,"Ecuador"
"5929","ECU_text74","science",5,"Ecuador"
"5930","ECU_text74","critical_thinking",1,"Ecuador"
"5931","ECU_text74","learning_strategy",1,"Ecuador"
"5932","ECU_text76","science",2,"Ecuador"
"5933","ECU_text76","active_learning",1,"Ecuador"
"5934","ECU_text76","critical_thinking",1,"Ecuador"
"5935","ECU_text77","active_listening",1,"Ecuador"
"5936","ECU_text77","science",1,"Ecuador"
"5937","ECU_text77","learning_strategy",1,"Ecuador"
"5938","ECU_text77","monitoring",1,"Ecuador"
"5939","ECU_text78","active_listening",1,"Ecuador"
"5940","ECU_text78","science",6,"Ecuador"
"5941","ECU_text78","critical_thinking",1,"Ecuador"
"5942","ECU_text78","monitoring",1,"Ecuador"
"5943","ECU_text79","active_listening",1,"Ecuador"
"5944","ECU_text79","science",1,"Ecuador"
"5945","ECU_text79","learning_strategy",2,"Ecuador"
"5946","ECU_text80","science",9,"Ecuador"
"5947","ECU_text80","critical_thinking",1,"Ecuador"
"5948","ECU_text80","learning_strategy",6,"Ecuador"
"5949","ECU_text81","science",10,"Ecuador"
"5950","ECU_text81","speaking",1,"Ecuador"
"5951","ECU_text82","science",4,"Ecuador"
"5952","ECU_text82","critical_thinking",1,"Ecuador"
"5953","ECU_text82","learning_strategy",5,"Ecuador"
"5954","ECU_text83","active_listening",1,"Ecuador"
"5955","ECU_text83","science",7,"Ecuador"
"5956","ECU_text83","learning_strategy",9,"Ecuador"
"5957","ECU_text84","science",4,"Ecuador"
"5958","ECU_text84","speaking",1,"Ecuador"
"5959","ECU_text84","learning_strategy",7,"Ecuador"
"5960","ECU_text85","science",2,"Ecuador"
"5961","ECU_text85","learning_strategy",3,"Ecuador"
"5962","ECU_text86","science",2,"Ecuador"
"5963","ECU_text86","learning_strategy",2,"Ecuador"
"5964","ECU_text87","mathematics",2,"Ecuador"
"5965","ECU_text87","science",3,"Ecuador"
"5966","ECU_text87","learning_strategy",4,"Ecuador"
"5967","ECU_text87","monitoring",2,"Ecuador"
"5968","ECU_text88","science",1,"Ecuador"
"5969","ECU_text88","active_learning",1,"Ecuador"
"5970","ECU_text89","science",7,"Ecuador"
"5971","ECU_text90","science",7,"Ecuador"
"5972","ECU_text90","learning_strategy",3,"Ecuador"
"5973","ECU_text92","science",2,"Ecuador"
"5974","ECU_text92","critical_thinking",1,"Ecuador"
"5975","ECU_text93","science",6,"Ecuador"
"5976","ECU_text93","speaking",1,"Ecuador"
"5977","ECU_text93","active_learning",4,"Ecuador"
"5978","ECU_text93","critical_thinking",1,"Ecuador"
"5979","ECU_text93","learning_strategy",3,"Ecuador"
"5980","ECU_text94","science",4,"Ecuador"
"5981","ECU_text94","monitoring",1,"Ecuador"
"5982","ECU_text95","monitoring",1,"Ecuador"
"5983","ECU_text96","science",5,"Ecuador"
"5984","ECU_text97","active_listening",1,"Ecuador"
"5985","ECU_text97","science",10,"Ecuador"
"5986","ECU_text97","active_learning",1,"Ecuador"
"5987","ECU_text97","learning_strategy",1,"Ecuador"
"5988","ECU_text97","monitoring",2,"Ecuador"
"5989","ECU_text98","science",2,"Ecuador"
"5990","ECU_text98","monitoring",1,"Ecuador"
"5991","ECU_text99","science",1,"Ecuador"
"5992","ECU_text99","monitoring",1,"Ecuador"
"5993","ECU_text100","science",2,"Ecuador"
"5994","ECU_text101","science",8,"Ecuador"
"5995","ECU_text101","speaking",2,"Ecuador"
"5996","ECU_text101","active_learning",1,"Ecuador"
"5997","ECU_text102","science",3,"Ecuador"
"5998","ECU_text102","speaking",1,"Ecuador"
"5999","ECU_text103","active_listening",2,"Ecuador"
"6000","ECU_text103","science",5,"Ecuador"
"6001","ECU_text103","monitoring",1,"Ecuador"
"6002","ECU_text105","science",1,"Ecuador"
"6003","ECU_text105","speaking",1,"Ecuador"
"6004","ECU_text107","science",10,"Ecuador"
"6005","ECU_text107","speaking",1,"Ecuador"
"6006","ECU_text107","critical_thinking",2,"Ecuador"
"6007","ECU_text107","monitoring",1,"Ecuador"
"6008","ECU_text108","science",3,"Ecuador"
"6009","ECU_text109","science",1,"Ecuador"
"6010","ECU_text109","critical_thinking",1,"Ecuador"
"6011","ECU_text110","science",8,"Ecuador"
"6012","ECU_text110","speaking",2,"Ecuador"
"6013","ECU_text110","active_learning",1,"Ecuador"
"6014","ECU_text111","science",8,"Ecuador"
"6015","ECU_text111","speaking",2,"Ecuador"
"6016","ECU_text111","learning_strategy",12,"Ecuador"
"6017","ECU_text112","science",2,"Ecuador"
"6018","ECU_text113","science",1,"Ecuador"
"6019","ECU_text114","science",5,"Ecuador"
"6020","ECU_text114","speaking",2,"Ecuador"
"6021","ECU_text114","learning_strategy",3,"Ecuador"
"6022","ECU_text114","monitoring",2,"Ecuador"
"6023","ECU_text115","science",8,"Ecuador"
"6024","ECU_text115","speaking",1,"Ecuador"
"6025","ECU_text115","active_learning",1,"Ecuador"
"6026","ECU_text115","learning_strategy",1,"Ecuador"
"6027","ECU_text116","science",6,"Ecuador"
"6028","ECU_text116","active_learning",1,"Ecuador"
"6029","ECU_text116","learning_strategy",5,"Ecuador"
"6030","ECU_text117","science",2,"Ecuador"
"6031","ECU_text117","active_learning",1,"Ecuador"
"6032","ECU_text117","learning_strategy",1,"Ecuador"
"6033","ECU_text118","science",3,"Ecuador"
"6034","ECU_text118","active_learning",1,"Ecuador"
"6035","ECU_text118","learning_strategy",1,"Ecuador"
"6036","ECU_text119","science",4,"Ecuador"
"6037","ECU_text119","active_learning",1,"Ecuador"
"6038","ECU_text119","learning_strategy",1,"Ecuador"
"6039","ECU_text120","active_listening",1,"Ecuador"
"6040","ECU_text120","science",10,"Ecuador"
"6041","ECU_text120","active_learning",2,"Ecuador"
"6042","ECU_text120","learning_strategy",1,"Ecuador"
"6043","ECU_text121","reading_comprehension",1,"Ecuador"
"6044","ECU_text121","science",4,"Ecuador"
"6045","ECU_text121","active_learning",1,"Ecuador"
"6046","ECU_text121","learning_strategy",7,"Ecuador"
"6047","ECU_text122","science",4,"Ecuador"
"6048","ECU_text122","speaking",15,"Ecuador"
"6049","ECU_text123","reading_comprehension",1,"Ecuador"
"6050","ECU_text123","science",5,"Ecuador"
"6051","ECU_text123","active_learning",2,"Ecuador"
"6052","ECU_text123","learning_strategy",1,"Ecuador"
"6053","ECU_text124","reading_comprehension",1,"Ecuador"
"6054","ECU_text124","science",5,"Ecuador"
"6055","ECU_text124","active_learning",1,"Ecuador"
"6056","ECU_text124","learning_strategy",1,"Ecuador"
"6057","ECU_text125","science",3,"Ecuador"
"6058","ECU_text126","active_listening",2,"Ecuador"
"6059","ECU_text126","reading_comprehension",1,"Ecuador"
"6060","ECU_text126","science",18,"Ecuador"
"6061","ECU_text126","speaking",2,"Ecuador"
"6062","ECU_text126","active_learning",3,"Ecuador"
"6063","ECU_text126","learning_strategy",5,"Ecuador"
"6064","ECU_text127","science",4,"Ecuador"
"6065","ECU_text127","active_learning",1,"Ecuador"
"6066","ECU_text127","learning_strategy",1,"Ecuador"
"6067","ECU_text128","active_listening",1,"Ecuador"
"6068","ECU_text128","reading_comprehension",1,"Ecuador"
"6069","ECU_text128","science",6,"Ecuador"
"6070","ECU_text128","active_learning",2,"Ecuador"
"6071","ECU_text128","learning_strategy",1,"Ecuador"
"6072","ECU_text129","reading_comprehension",1,"Ecuador"
"6073","ECU_text129","science",2,"Ecuador"
"6074","ECU_text129","speaking",3,"Ecuador"
"6075","ECU_text129","active_learning",1,"Ecuador"
"6076","ECU_text129","learning_strategy",1,"Ecuador"
"6077","ECU_text130","reading_comprehension",1,"Ecuador"
"6078","ECU_text130","science",7,"Ecuador"
"6079","ECU_text130","active_learning",1,"Ecuador"
"6080","ECU_text130","learning_strategy",1,"Ecuador"
"6081","ECU_text131","science",2,"Ecuador"
"6082","ECU_text132","active_listening",1,"Ecuador"
"6083","ECU_text132","reading_comprehension",1,"Ecuador"
"6084","ECU_text132","science",9,"Ecuador"
"6085","ECU_text132","active_learning",2,"Ecuador"
"6086","ECU_text132","learning_strategy",1,"Ecuador"
"6087","ECU_text133","science",7,"Ecuador"
"6088","ECU_text133","monitoring",2,"Ecuador"
"6089","ECU_text134","active_listening",1,"Ecuador"
"6090","ECU_text134","reading_comprehension",1,"Ecuador"
"6091","ECU_text134","science",11,"Ecuador"
"6092","ECU_text134","speaking",1,"Ecuador"
"6093","ECU_text134","active_learning",1,"Ecuador"
"6094","ECU_text134","learning_strategy",1,"Ecuador"
"6095","ECU_text135","science",3,"Ecuador"
"6096","ECU_text135","active_learning",1,"Ecuador"
"6097","ECU_text135","learning_strategy",1,"Ecuador"
"6098","ECU_text136","science",4,"Ecuador"
"6099","ECU_text136","speaking",1,"Ecuador"
"6100","ECU_text136","active_learning",1,"Ecuador"
"6101","ECU_text136","learning_strategy",2,"Ecuador"
"6102","ECU_text137","science",4,"Ecuador"
"6103","ECU_text137","active_learning",1,"Ecuador"
"6104","ECU_text138","science",1,"Ecuador"
"6105","ECU_text138","learning_strategy",4,"Ecuador"
"6106","ECU_text138","monitoring",1,"Ecuador"
"6107","ECU_text139","science",1,"Ecuador"
"6108","ECU_text139","active_learning",1,"Ecuador"
"6109","ECU_text140","science",2,"Ecuador"
"6110","ECU_text141","science",2,"Ecuador"
"6111","ECU_text142","science",3,"Ecuador"
"6112","ECU_text143","reading_comprehension",1,"Ecuador"
"6113","ECU_text143","science",10,"Ecuador"
"6114","ECU_text143","speaking",1,"Ecuador"
"6115","ECU_text143","active_learning",1,"Ecuador"
"6116","ECU_text144","reading_comprehension",1,"Ecuador"
"6117","ECU_text144","science",4,"Ecuador"
"6118","ECU_text144","speaking",4,"Ecuador"
"6119","ECU_text144","critical_thinking",1,"Ecuador"
"6120","ECU_text144","learning_strategy",7,"Ecuador"
"6121","ECU_text145","reading_comprehension",3,"Ecuador"
"6122","ECU_text145","science",14,"Ecuador"
"6123","ECU_text145","critical_thinking",1,"Ecuador"
"6124","ECU_text145","learning_strategy",4,"Ecuador"
"6125","ECU_text146","active_listening",1,"Ecuador"
"6126","ECU_text146","reading_comprehension",2,"Ecuador"
"6127","ECU_text146","science",9,"Ecuador"
"6128","ECU_text146","critical_thinking",1,"Ecuador"
"6129","ECU_text147","reading_comprehension",2,"Ecuador"
"6130","ECU_text147","science",3,"Ecuador"
"6131","ECU_text148","reading_comprehension",2,"Ecuador"
"6132","ECU_text148","science",2,"Ecuador"
"6133","ECU_text148","speaking",1,"Ecuador"
"6134","ECU_text149","active_listening",1,"Ecuador"
"6135","ECU_text149","reading_comprehension",2,"Ecuador"
"6136","ECU_text149","science",4,"Ecuador"
"6137","ECU_text149","monitoring",1,"Ecuador"
"6138","ECU_text150","reading_comprehension",1,"Ecuador"
"6139","ECU_text150","science",10,"Ecuador"
"6140","ECU_text150","speaking",1,"Ecuador"
"6141","ECU_text150","learning_strategy",1,"Ecuador"
"6142","ECU_text151","reading_comprehension",1,"Ecuador"
"6143","ECU_text151","science",2,"Ecuador"
"6144","ECU_text151","speaking",1,"Ecuador"
"6145","ECU_text151","active_learning",1,"Ecuador"
"6146","ECU_text152","reading_comprehension",1,"Ecuador"
"6147","ECU_text152","science",3,"Ecuador"
"6148","ECU_text152","speaking",1,"Ecuador"
"6149","ECU_text153","reading_comprehension",2,"Ecuador"
"6150","ECU_text153","science",8,"Ecuador"
"6151","ECU_text153","speaking",1,"Ecuador"
"6152","ECU_text153","learning_strategy",4,"Ecuador"
"6153","ECU_text154","reading_comprehension",1,"Ecuador"
"6154","ECU_text154","science",9,"Ecuador"
"6155","ECU_text154","speaking",3,"Ecuador"
"6156","ECU_text154","learning_strategy",1,"Ecuador"
"6157","ECU_text155","mathematics",1,"Ecuador"
"6158","ECU_text155","reading_comprehension",2,"Ecuador"
"6159","ECU_text155","science",10,"Ecuador"
"6160","ECU_text156","reading_comprehension",2,"Ecuador"
"6161","ECU_text156","science",4,"Ecuador"
"6162","ECU_text156","speaking",1,"Ecuador"
"6163","ECU_text156","active_learning",1,"Ecuador"
"6164","ECU_text156","learning_strategy",10,"Ecuador"
"6165","ECU_text157","reading_comprehension",1,"Ecuador"
"6166","ECU_text157","science",1,"Ecuador"
"6167","ECU_text157","speaking",1,"Ecuador"
"6168","ECU_text157","learning_strategy",1,"Ecuador"
"6169","ECU_text158","reading_comprehension",2,"Ecuador"
"6170","ECU_text158","science",5,"Ecuador"
"6171","ECU_text159","reading_comprehension",2,"Ecuador"
"6172","ECU_text159","science",5,"Ecuador"
"6173","ECU_text159","monitoring",1,"Ecuador"
"6174","ECU_text160","reading_comprehension",2,"Ecuador"
"6175","ECU_text160","science",8,"Ecuador"
"6176","ECU_text160","speaking",1,"Ecuador"
"6177","ECU_text161","reading_comprehension",1,"Ecuador"
"6178","ECU_text161","science",1,"Ecuador"
"6179","ECU_text161","speaking",3,"Ecuador"
"6180","ECU_text162","reading_comprehension",1,"Ecuador"
"6181","ECU_text162","science",2,"Ecuador"
"6182","ECU_text162","speaking",4,"Ecuador"
"6183","ECU_text163","active_listening",1,"Ecuador"
"6184","ECU_text163","reading_comprehension",2,"Ecuador"
"6185","ECU_text163","science",7,"Ecuador"
"6186","ECU_text163","speaking",8,"Ecuador"
"6187","ECU_text163","learning_strategy",4,"Ecuador"
"6188","ECU_text164","reading_comprehension",2,"Ecuador"
"6189","ECU_text164","science",3,"Ecuador"
"6190","ECU_text164","speaking",6,"Ecuador"
"6191","ECU_text164","learning_strategy",1,"Ecuador"
"6192","ECU_text165","reading_comprehension",1,"Ecuador"
"6193","ECU_text165","science",4,"Ecuador"
"6194","ECU_text165","speaking",1,"Ecuador"
"6195","ECU_text166","reading_comprehension",2,"Ecuador"
"6196","ECU_text166","science",2,"Ecuador"
"6197","ECU_text167","reading_comprehension",1,"Ecuador"
"6198","ECU_text167","science",3,"Ecuador"
"6199","ECU_text167","speaking",2,"Ecuador"
"6200","ECU_text168","reading_comprehension",2,"Ecuador"
"6201","ECU_text168","science",2,"Ecuador"
"6202","ECU_text168","writing",1,"Ecuador"
"6203","ECU_text169","active_listening",1,"Ecuador"
"6204","ECU_text169","reading_comprehension",2,"Ecuador"
"6205","ECU_text169","science",2,"Ecuador"
"6206","ECU_text169","speaking",1,"Ecuador"
"6207","ECU_text169","monitoring",2,"Ecuador"
"6208","ECU_text170","active_listening",2,"Ecuador"
"6209","ECU_text170","reading_comprehension",1,"Ecuador"
"6210","ECU_text170","science",9,"Ecuador"
"6211","ECU_text170","speaking",1,"Ecuador"
"6212","ECU_text171","reading_comprehension",1,"Ecuador"
"6213","ECU_text171","science",7,"Ecuador"
"6214","ECU_text171","speaking",1,"Ecuador"
"6215","ECU_text171","critical_thinking",3,"Ecuador"
"6216","ECU_text172","reading_comprehension",1,"Ecuador"
"6217","ECU_text172","science",2,"Ecuador"
"6218","ECU_text172","speaking",1,"Ecuador"
"6219","ECU_text173","reading_comprehension",1,"Ecuador"
"6220","ECU_text173","science",2,"Ecuador"
"6221","ECU_text173","speaking",16,"Ecuador"
"6222","ECU_text174","reading_comprehension",2,"Ecuador"
"6223","ECU_text174","science",4,"Ecuador"
"6224","ECU_text174","speaking",8,"Ecuador"
"6225","ECU_text175","reading_comprehension",1,"Ecuador"
"6226","ECU_text175","science",10,"Ecuador"
"6227","ECU_text175","speaking",3,"Ecuador"
"6228","ECU_text175","critical_thinking",1,"Ecuador"
"6229","ECU_text175","learning_strategy",4,"Ecuador"
"6230","ECU_text176","science",1,"Ecuador"
"6231","ECU_text176","learning_strategy",6,"Ecuador"
"6232","ECU_text177","reading_comprehension",2,"Ecuador"
"6233","ECU_text177","science",2,"Ecuador"
"6234","ECU_text178","science",1,"Ecuador"
"6235","ECU_text178","speaking",1,"Ecuador"
"6236","ECU_text179","science",2,"Ecuador"
"6237","ECU_text179","speaking",1,"Ecuador"
"6238","ECU_text179","learning_strategy",2,"Ecuador"
"6239","ECU_text180","science",2,"Ecuador"
"6240","ECU_text181","science",3,"Ecuador"
"6241","ECU_text182","science",3,"Ecuador"
"6242","ECU_text183","active_learning",1,"Ecuador"
"6243","ECU_text185","science",9,"Ecuador"
"6244","ECU_text185","learning_strategy",1,"Ecuador"
"6245","ECU_text186","science",11,"Ecuador"
"6246","ECU_text186","speaking",1,"Ecuador"
"6247","ECU_text186","learning_strategy",3,"Ecuador"
"6248","ECU_text187","science",17,"Ecuador"
"6249","ECU_text187","critical_thinking",1,"Ecuador"
"6250","ECU_text187","learning_strategy",1,"Ecuador"
"6251","ECU_text188","active_listening",1,"Ecuador"
"6252","ECU_text188","science",14,"Ecuador"
"6253","ECU_text188","speaking",6,"Ecuador"
"6254","ECU_text188","active_learning",1,"Ecuador"
"6255","ECU_text188","critical_thinking",1,"Ecuador"
"6256","ECU_text188","learning_strategy",1,"Ecuador"
"6257","ECU_text189","science",2,"Ecuador"
"6258","ECU_text189","active_learning",1,"Ecuador"
"6259","ECU_text189","learning_strategy",2,"Ecuador"
"6260","ECU_text190","active_listening",1,"Ecuador"
"6261","ECU_text190","science",7,"Ecuador"
"6262","ECU_text190","speaking",1,"Ecuador"
"6263","ECU_text190","learning_strategy",3,"Ecuador"
"6264","ECU_text191","science",11,"Ecuador"
"6265","ECU_text191","monitoring",1,"Ecuador"
"6266","ECU_text192","active_listening",2,"Ecuador"
"6267","ECU_text192","reading_comprehension",5,"Ecuador"
"6268","ECU_text192","science",21,"Ecuador"
"6269","ECU_text192","learning_strategy",1,"Ecuador"
"6270","ECU_text192","monitoring",1,"Ecuador"
"6271","ECU_text193","active_listening",4,"Ecuador"
"6272","ECU_text193","mathematics",1,"Ecuador"
"6273","ECU_text193","science",23,"Ecuador"
"6274","ECU_text193","active_learning",2,"Ecuador"
"6275","ECU_text193","learning_strategy",3,"Ecuador"
"6276","ECU_text193","monitoring",1,"Ecuador"
"6277","ECU_text194","science",4,"Ecuador"
"6278","ECU_text194","learning_strategy",3,"Ecuador"
"6279","ECU_text195","science",12,"Ecuador"
"6280","ECU_text195","speaking",2,"Ecuador"
"6281","ECU_text195","critical_thinking",1,"Ecuador"
"6282","ECU_text195","monitoring",1,"Ecuador"
"6283","ECU_text196","science",4,"Ecuador"
"6284","ECU_text196","learning_strategy",2,"Ecuador"
"6285","ECU_text197","reading_comprehension",1,"Ecuador"
"6286","ECU_text197","science",3,"Ecuador"
"6287","ECU_text198","science",1,"Ecuador"
"6288","ECU_text198","speaking",1,"Ecuador"
"6289","ECU_text199","science",4,"Ecuador"
"6290","ECU_text199","learning_strategy",2,"Ecuador"
"6291","ECU_text200","reading_comprehension",1,"Ecuador"
"6292","ECU_text200","science",5,"Ecuador"
"6293","ECU_text200","speaking",6,"Ecuador"
"6294","ECU_text205","active_listening",1,"Ecuador"
"6295","ECU_text205","science",6,"Ecuador"
"6296","ECU_text205","speaking",1,"Ecuador"
"6297","ECU_text205","learning_strategy",1,"Ecuador"
"6298","ECU_text207","science",1,"Ecuador"
"6299","ECU_text207","learning_strategy",1,"Ecuador"
"6300","ECU_text207","monitoring",1,"Ecuador"
"6301","ECU_text209","science",2,"Ecuador"
"6302","ECU_text209","active_learning",1,"Ecuador"
"6303","ECU_text209","learning_strategy",2,"Ecuador"
"6304","ECU_text210","active_listening",1,"Ecuador"
"6305","ECU_text210","science",1,"Ecuador"
"6306","ECU_text210","speaking",1,"Ecuador"
"6307","ECU_text210","learning_strategy",1,"Ecuador"
"6308","ECU_text211","active_listening",1,"Ecuador"
"6309","ECU_text211","science",2,"Ecuador"
"6310","ECU_text211","speaking",1,"Ecuador"
"6311","ECU_text211","active_learning",1,"Ecuador"
"6312","ECU_text211","monitoring",1,"Ecuador"
"6313","ECU_text212","science",6,"Ecuador"
"6314","ECU_text212","speaking",1,"Ecuador"
"6315","ECU_text212","critical_thinking",1,"Ecuador"
"6316","ECU_text212","learning_strategy",2,"Ecuador"
"6317","ECU_text213","active_listening",2,"Ecuador"
"6318","ECU_text213","science",6,"Ecuador"
"6319","ECU_text213","monitoring",1,"Ecuador"
"6320","ECU_text214","mathematics",1,"Ecuador"
"6321","ECU_text214","science",13,"Ecuador"
"6322","ECU_text214","speaking",1,"Ecuador"
"6323","ECU_text214","active_learning",1,"Ecuador"
"6324","ECU_text214","learning_strategy",2,"Ecuador"
"6325","ECU_text216","science",2,"Ecuador"
"6326","ECU_text218","active_listening",1,"Ecuador"
"6327","ECU_text220","science",4,"Ecuador"
"6328","ECU_text220","speaking",1,"Ecuador"
"6329","ECU_text221","science",1,"Ecuador"
"6330","ECU_text221","monitoring",1,"Ecuador"
"6331","ECU_text225","science",1,"Ecuador"
"6332","ECU_text226","active_listening",1,"Ecuador"
"6333","ECU_text226","speaking",6,"Ecuador"
"6334","ECU_text227","mathematics",5,"Ecuador"
"6335","ECU_text227","science",1,"Ecuador"
"6336","ECU_text227","learning_strategy",6,"Ecuador"
"6337","ECU_text228","critical_thinking",1,"Ecuador"
"6338","ECU_text228","learning_strategy",3,"Ecuador"
"6339","ECU_text230","science",3,"Ecuador"
"6340","ECU_text231","science",2,"Ecuador"
"6341","ECU_text254","active_listening",5,"Ecuador"
"6342","ECU_text254","science",4,"Ecuador"
"6343","ECU_text254","speaking",7,"Ecuador"
"6344","ECU_text254","active_learning",3,"Ecuador"
"6345","ECU_text254","critical_thinking",2,"Ecuador"
"6346","ECU_text254","learning_strategy",5,"Ecuador"
"6347","ECU_text254","monitoring",2,"Ecuador"
"6348","ECU_text255","active_listening",2,"Ecuador"
"6349","ECU_text255","science",8,"Ecuador"
"6350","ECU_text255","speaking",2,"Ecuador"
"6351","ECU_text255","writing",1,"Ecuador"
"6352","ECU_text255","active_learning",3,"Ecuador"
"6353","ECU_text255","critical_thinking",5,"Ecuador"
"6354","ECU_text255","learning_strategy",5,"Ecuador"
"6355","ECU_text255","monitoring",3,"Ecuador"
"6356","ECU_text256","active_listening",2,"Ecuador"
"6357","ECU_text256","reading_comprehension",1,"Ecuador"
"6358","ECU_text256","science",16,"Ecuador"
"6359","ECU_text256","speaking",6,"Ecuador"
"6360","ECU_text256","active_learning",1,"Ecuador"
"6361","ECU_text256","critical_thinking",3,"Ecuador"
"6362","ECU_text256","learning_strategy",5,"Ecuador"
"6363","ECU_text256","monitoring",1,"Ecuador"
"6364","ECU_text257","active_listening",1,"Ecuador"
"6365","ECU_text257","science",16,"Ecuador"
"6366","ECU_text257","active_learning",1,"Ecuador"
"6367","ECU_text257","critical_thinking",4,"Ecuador"
"6368","ECU_text257","learning_strategy",3,"Ecuador"
"6369","ECU_text258","active_listening",1,"Ecuador"
"6370","ECU_text258","reading_comprehension",2,"Ecuador"
"6371","ECU_text258","science",9,"Ecuador"
"6372","ECU_text258","active_learning",1,"Ecuador"
"6373","ECU_text258","critical_thinking",4,"Ecuador"
"6374","ECU_text258","learning_strategy",3,"Ecuador"
"6375","ECU_text258","monitoring",3,"Ecuador"
"6376","ECU_text265","active_listening",3,"Ecuador"
"6377","ECU_text265","science",5,"Ecuador"
"6378","ECU_text265","active_learning",1,"Ecuador"
"6379","ECU_text265","critical_thinking",2,"Ecuador"
"6380","ECU_text265","learning_strategy",7,"Ecuador"
"6381","ECU_text265","monitoring",2,"Ecuador"
"6382","ECU_text266","active_listening",3,"Ecuador"
"6383","ECU_text266","science",3,"Ecuador"
"6384","ECU_text266","active_learning",3,"Ecuador"
"6385","ECU_text266","critical_thinking",3,"Ecuador"
"6386","ECU_text266","monitoring",9,"Ecuador"
"6387","ECU_text267","active_listening",2,"Ecuador"
"6388","ECU_text267","science",15,"Ecuador"
"6389","ECU_text267","speaking",2,"Ecuador"
"6390","ECU_text267","active_learning",2,"Ecuador"
"6391","ECU_text267","critical_thinking",3,"Ecuador"
"6392","ECU_text267","learning_strategy",4,"Ecuador"
"6393","ECU_text267","monitoring",1,"Ecuador"
"6394","ECU_text276","active_listening",3,"Ecuador"
"6395","ECU_text276","science",6,"Ecuador"
"6396","ECU_text276","active_learning",2,"Ecuador"
"6397","ECU_text276","critical_thinking",2,"Ecuador"
"6398","ECU_text276","learning_strategy",4,"Ecuador"
"6399","ECU_text276","monitoring",1,"Ecuador"
"6400","ECU_text280","active_listening",2,"Ecuador"
"6401","ECU_text280","science",9,"Ecuador"
"6402","ECU_text280","active_learning",7,"Ecuador"
"6403","ECU_text280","critical_thinking",3,"Ecuador"
"6404","ECU_text280","learning_strategy",6,"Ecuador"
"6405","ECU_text280","monitoring",2,"Ecuador"
"6406","ECU_text282","science",5,"Ecuador"
"6407","ECU_text282","active_learning",1,"Ecuador"
"6408","ECU_text282","learning_strategy",4,"Ecuador"
"6409","ECU_text285","active_listening",3,"Ecuador"
"6410","ECU_text285","mathematics",1,"Ecuador"
"6411","ECU_text285","science",14,"Ecuador"
"6412","ECU_text285","active_learning",4,"Ecuador"
"6413","ECU_text285","critical_thinking",1,"Ecuador"
"6414","ECU_text285","learning_strategy",3,"Ecuador"
"6415","ECU_text286","active_listening",1,"Ecuador"
"6416","ECU_text286","science",15,"Ecuador"
"6417","ECU_text286","speaking",6,"Ecuador"
"6418","ECU_text286","active_learning",2,"Ecuador"
"6419","ECU_text286","critical_thinking",5,"Ecuador"
"6420","ECU_text286","learning_strategy",6,"Ecuador"
"6421","ECU_text286","monitoring",1,"Ecuador"
"6422","ECU_text287","active_listening",4,"Ecuador"
"6423","ECU_text287","science",2,"Ecuador"
"6424","ECU_text287","speaking",3,"Ecuador"
"6425","ECU_text287","active_learning",2,"Ecuador"
"6426","ECU_text287","critical_thinking",1,"Ecuador"
"6427","ECU_text287","learning_strategy",3,"Ecuador"
"6428","ECU_text287","monitoring",1,"Ecuador"
"6429","ECU_text291","active_listening",1,"Ecuador"
"6430","ECU_text291","reading_comprehension",2,"Ecuador"
"6431","ECU_text291","science",14,"Ecuador"
"6432","ECU_text291","speaking",11,"Ecuador"
"6433","ECU_text291","active_learning",1,"Ecuador"
"6434","ECU_text291","critical_thinking",2,"Ecuador"
"6435","ECU_text291","learning_strategy",10,"Ecuador"
"6436","ECU_text291","monitoring",1,"Ecuador"
"6437","ECU_text292","active_listening",7,"Ecuador"
"6438","ECU_text292","mathematics",1,"Ecuador"
"6439","ECU_text292","reading_comprehension",2,"Ecuador"
"6440","ECU_text292","science",11,"Ecuador"
"6441","ECU_text292","speaking",82,"Ecuador"
"6442","ECU_text292","active_learning",7,"Ecuador"
"6443","ECU_text292","critical_thinking",3,"Ecuador"
"6444","ECU_text292","learning_strategy",9,"Ecuador"
"6445","ECU_text292","monitoring",1,"Ecuador"
"6446","ECU_text294","active_listening",2,"Ecuador"
"6447","ECU_text294","reading_comprehension",2,"Ecuador"
"6448","ECU_text294","science",8,"Ecuador"
"6449","ECU_text294","active_learning",2,"Ecuador"
"6450","ECU_text294","critical_thinking",1,"Ecuador"
"6451","ECU_text294","learning_strategy",7,"Ecuador"
"6452","ECU_text294","monitoring",1,"Ecuador"
"6453","ECU_text295","active_listening",11,"Ecuador"
"6454","ECU_text295","reading_comprehension",1,"Ecuador"
"6455","ECU_text295","science",24,"Ecuador"
"6456","ECU_text295","speaking",3,"Ecuador"
"6457","ECU_text295","active_learning",9,"Ecuador"
"6458","ECU_text295","critical_thinking",3,"Ecuador"
"6459","ECU_text295","learning_strategy",2,"Ecuador"
"6460","ECU_text295","monitoring",1,"Ecuador"
"6461","ECU_text296","science",17,"Ecuador"
"6462","ECU_text296","writing",1,"Ecuador"
"6463","ECU_text296","critical_thinking",1,"Ecuador"
"6464","ECU_text300","science",3,"Ecuador"
"6465","ECU_text300","learning_strategy",1,"Ecuador"
"6466","ECU_text301","learning_strategy",1,"Ecuador"
"6467","ECU_text302","science",4,"Ecuador"
"6468","ECU_text303","science",1,"Ecuador"
"6469","ECU_text303","critical_thinking",1,"Ecuador"
"6470","ECU_text303","learning_strategy",1,"Ecuador"
"6471","ECU_text304","reading_comprehension",1,"Ecuador"
"6472","ECU_text304","science",6,"Ecuador"
"6473","ECU_text304","active_learning",1,"Ecuador"
"6474","ECU_text304","learning_strategy",3,"Ecuador"
"6475","ECU_text306","science",1,"Ecuador"
"6476","ECU_text306","active_learning",1,"Ecuador"
"6477","ECU_text307","science",6,"Ecuador"
"6478","ECU_text308","science",9,"Ecuador"
"6479","ECU_text309","mathematics",1,"Ecuador"
"6480","ECU_text309","reading_comprehension",2,"Ecuador"
"6481","ECU_text309","science",10,"Ecuador"
"6482","ECU_text310","speaking",2,"Ecuador"
"6483","ECU_text310","active_learning",2,"Ecuador"
"6484","ECU_text310","learning_strategy",5,"Ecuador"
"6485","ECU_text311","science",10,"Ecuador"
"6486","ECU_text311","speaking",1,"Ecuador"
"6487","ECU_text311","active_learning",1,"Ecuador"
"6488","ECU_text312","critical_thinking",3,"Ecuador"
"6489","ECU_text312","learning_strategy",1,"Ecuador"
"6490","ECU_text313","active_listening",1,"Ecuador"
"6491","ECU_text313","science",2,"Ecuador"
"6492","ECU_text313","critical_thinking",1,"Ecuador"
"6493","ECU_text314","science",2,"Ecuador"
"6494","ECU_text315","reading_comprehension",1,"Ecuador"
"6495","ECU_text315","science",6,"Ecuador"
"6496","ECU_text315","monitoring",1,"Ecuador"
"6497","ECU_text316","science",1,"Ecuador"
"6498","ECU_text316","speaking",1,"Ecuador"
"6499","ECU_text316","active_learning",1,"Ecuador"
"6500","ECU_text316","learning_strategy",1,"Ecuador"
"6501","ECU_text317","active_listening",3,"Ecuador"
"6502","ECU_text317","science",2,"Ecuador"
"6503","ECU_text317","active_learning",1,"Ecuador"
"6504","ECU_text318","science",2,"Ecuador"
"6505","ECU_text319","critical_thinking",3,"Ecuador"
"6506","ECU_text319","learning_strategy",1,"Ecuador"
"6507","ECU_text320","science",9,"Ecuador"
"6508","ECU_text320","critical_thinking",1,"Ecuador"
"6509","ECU_text321","mathematics",1,"Ecuador"
"6510","ECU_text321","science",4,"Ecuador"
"6511","ECU_text321","speaking",1,"Ecuador"
"6512","ECU_text321","critical_thinking",2,"Ecuador"
"6513","ECU_text322","active_listening",1,"Ecuador"
"6514","ECU_text322","reading_comprehension",2,"Ecuador"
"6515","ECU_text322","science",25,"Ecuador"
"6516","ECU_text322","active_learning",1,"Ecuador"
"6517","ECU_text322","learning_strategy",1,"Ecuador"
"6518","ECU_text323","active_listening",1,"Ecuador"
"6519","ECU_text323","science",8,"Ecuador"
"6520","ECU_text323","critical_thinking",1,"Ecuador"
"6521","ECU_text324","active_listening",1,"Ecuador"
"6522","ECU_text324","science",1,"Ecuador"
"6523","ECU_text324","critical_thinking",1,"Ecuador"
"6524","ECU_text326","science",4,"Ecuador"
"6525","ECU_text327","science",4,"Ecuador"
"6526","ECU_text327","speaking",1,"Ecuador"
"6527","ECU_text328","active_listening",1,"Ecuador"
"6528","ECU_text329","science",5,"Ecuador"
"6529","ECU_text329","active_learning",1,"Ecuador"
"6530","ECU_text331","science",1,"Ecuador"
"6531","ECU_text335","science",3,"Ecuador"
"6532","ECU_text335","learning_strategy",3,"Ecuador"
"6533","ECU_text336","speaking",3,"Ecuador"
"6534","ECU_text337","speaking",4,"Ecuador"
"6535","ECU_text344","learning_strategy",4,"Ecuador"
"6536","ECU_text359","speaking",3,"Ecuador"
"6537","ECU_text367","science",8,"Ecuador"
"6538","ECU_text370","science",4,"Ecuador"
"6539","ECU_text370","speaking",1,"Ecuador"
"6540","ECU_text371","active_listening",1,"Ecuador"
"6541","ECU_text371","science",2,"Ecuador"
"6542","ECU_text371","critical_thinking",1,"Ecuador"
"6543","ECU_text372","science",3,"Ecuador"
"6544","ECU_text372","speaking",19,"Ecuador"
"6545","ECU_text372","learning_strategy",1,"Ecuador"
"6546","ECU_text373","active_listening",1,"Ecuador"
"6547","ECU_text373","mathematics",1,"Ecuador"
"6548","ECU_text373","science",8,"Ecuador"
"6549","ECU_text374","science",3,"Ecuador"
"6550","ECU_text374","learning_strategy",12,"Ecuador"
"6551","ECU_text375","active_listening",1,"Ecuador"
"6552","ECU_text375","science",4,"Ecuador"
"6553","ECU_text375","active_learning",1,"Ecuador"
"6554","ECU_text376","active_listening",1,"Ecuador"
"6555","ECU_text376","science",9,"Ecuador"
"6556","ECU_text376","active_learning",1,"Ecuador"
"6557","ECU_text376","critical_thinking",1,"Ecuador"
"6558","ECU_text376","monitoring",1,"Ecuador"
"6559","ECU_text377","active_listening",1,"Ecuador"
"6560","ECU_text377","science",3,"Ecuador"
"6561","ECU_text377","active_learning",1,"Ecuador"
"6562","ECU_text377","learning_strategy",10,"Ecuador"
"6563","ECU_text378","active_listening",1,"Ecuador"
"6564","ECU_text378","science",3,"Ecuador"
"6565","ECU_text378","learning_strategy",3,"Ecuador"
"6566","ECU_text379","science",7,"Ecuador"
"6567","ECU_text379","critical_thinking",1,"Ecuador"
"6568","ECU_text379","learning_strategy",1,"Ecuador"
"6569","ECU_text380","active_listening",1,"Ecuador"
"6570","ECU_text380","science",3,"Ecuador"
"6571","ECU_text380","learning_strategy",2,"Ecuador"
"6572","ECU_text381","science",1,"Ecuador"
"6573","ECU_text381","critical_thinking",1,"Ecuador"
"6574","ECU_text381","learning_strategy",2,"Ecuador"
"6575","ECU_text382","science",4,"Ecuador"
"6576","ECU_text382","learning_strategy",11,"Ecuador"
"6577","ECU_text383","reading_comprehension",1,"Ecuador"
"6578","ECU_text383","science",18,"Ecuador"
"6579","ECU_text383","critical_thinking",1,"Ecuador"
"6580","ECU_text384","active_listening",1,"Ecuador"
"6581","ECU_text384","science",17,"Ecuador"
"6582","ECU_text384","learning_strategy",4,"Ecuador"
"6583","ECU_text385","science",8,"Ecuador"
"6584","ECU_text385","learning_strategy",2,"Ecuador"
"6585","ECU_text386","active_listening",1,"Ecuador"
"6586","ECU_text386","science",2,"Ecuador"
"6587","ECU_text386","speaking",2,"Ecuador"
"6588","ECU_text386","critical_thinking",2,"Ecuador"
"6589","ECU_text386","learning_strategy",4,"Ecuador"
"6590","ECU_text387","science",4,"Ecuador"
"6591","ECU_text387","speaking",2,"Ecuador"
"6592","ECU_text387","critical_thinking",1,"Ecuador"
"6593","ECU_text387","learning_strategy",5,"Ecuador"
"6594","ECU_text388","reading_comprehension",20,"Ecuador"
"6595","ECU_text388","science",2,"Ecuador"
"6596","ECU_text389","active_listening",1,"Ecuador"
"6597","ECU_text389","science",4,"Ecuador"
"6598","ECU_text389","speaking",2,"Ecuador"
"6599","ECU_text389","critical_thinking",2,"Ecuador"
"6600","ECU_text389","learning_strategy",5,"Ecuador"
"6601","ECU_text390","science",9,"Ecuador"
"6602","ECU_text390","learning_strategy",1,"Ecuador"
"6603","ECU_text390","monitoring",1,"Ecuador"
"6604","ECU_text391","science",3,"Ecuador"
"6605","ECU_text391","monitoring",1,"Ecuador"
"6606","ECU_text392","science",3,"Ecuador"
"6607","ECU_text392","critical_thinking",2,"Ecuador"
"6608","ECU_text393","science",1,"Ecuador"
"6609","ECU_text393","active_learning",1,"Ecuador"
"6610","ECU_text393","critical_thinking",1,"Ecuador"
"6611","ECU_text394","active_listening",1,"Ecuador"
"6612","ECU_text394","science",1,"Ecuador"
"6613","ECU_text394","active_learning",1,"Ecuador"
"6614","ECU_text395","science",5,"Ecuador"
"6615","ECU_text396","science",7,"Ecuador"
"6616","ECU_text397","reading_comprehension",1,"Ecuador"
"6617","ECU_text397","science",2,"Ecuador"
"6618","ECU_text397","speaking",3,"Ecuador"
"6619","ECU_text397","active_learning",1,"Ecuador"
"6620","ECU_text397","learning_strategy",4,"Ecuador"
"6621","ECU_text398","science",4,"Ecuador"
"6622","ECU_text399","science",4,"Ecuador"
"6623","ECU_text399","critical_thinking",1,"Ecuador"
"6624","ECU_text400","science",5,"Ecuador"
"6625","ECU_text401","science",4,"Ecuador"
"6626","ECU_text401","critical_thinking",1,"Ecuador"
"6627","ECU_text402","science",5,"Ecuador"
"6628","ECU_text402","speaking",1,"Ecuador"
"6629","ECU_text403","science",6,"Ecuador"
"6630","ECU_text403","active_learning",1,"Ecuador"
"6631","ECU_text403","critical_thinking",1,"Ecuador"
"6632","ECU_text404","science",2,"Ecuador"
"6633","ECU_text404","speaking",1,"Ecuador"
"6634","ECU_text405","science",4,"Ecuador"
"6635","ECU_text405","speaking",1,"Ecuador"
"6636","ECU_text406","mathematics",13,"Ecuador"
"6637","ECU_text406","science",13,"Ecuador"
"6638","ECU_text406","speaking",2,"Ecuador"
"6639","ECU_text407","active_listening",1,"Ecuador"
"6640","ECU_text407","reading_comprehension",1,"Ecuador"
"6641","ECU_text407","science",15,"Ecuador"
"6642","ECU_text407","active_learning",1,"Ecuador"
"6643","ECU_text408","active_listening",1,"Ecuador"
"6644","ECU_text408","science",5,"Ecuador"
"6645","ECU_text408","active_learning",1,"Ecuador"
"6646","ECU_text431","science",4,"Ecuador"
"6647","ECU_text432","science",11,"Ecuador"
"6648","ECU_text434","active_listening",1,"Ecuador"
"6649","ECU_text434","science",2,"Ecuador"
"6650","ECU_text434","learning_strategy",5,"Ecuador"
"6651","ECU_text434","monitoring",1,"Ecuador"
"6652","ECU_text435","science",4,"Ecuador"
"6653","ECU_text436","active_listening",1,"Ecuador"
"6654","ECU_text436","science",3,"Ecuador"
"6655","ECU_text437","science",2,"Ecuador"
"6656","ECU_text438","science",5,"Ecuador"
"6657","ECU_text439","science",12,"Ecuador"
"6658","ECU_text440","science",8,"Ecuador"
"6659","ECU_text440","critical_thinking",2,"Ecuador"
"6660","ECU_text441","science",6,"Ecuador"
"6661","ECU_text442","learning_strategy",1,"Ecuador"
"6662","ECU_text443","science",1,"Ecuador"
"6663","ECU_text443","critical_thinking",1,"Ecuador"
"6664","ECU_text443","learning_strategy",1,"Ecuador"
"6665","ECU_text444","science",12,"Ecuador"
"6666","ECU_text444","learning_strategy",3,"Ecuador"
"6667","ECU_text445","science",1,"Ecuador"
"6668","ECU_text445","learning_strategy",1,"Ecuador"
"6669","ECU_text446","active_listening",1,"Ecuador"
"6670","ECU_text446","science",1,"Ecuador"
"6671","ECU_text447","monitoring",1,"Ecuador"
"6672","ECU_text461","speaking",2,"Ecuador"
"6673","ECU_text475","reading_comprehension",1,"Ecuador"
"6674","ECU_text475","science",10,"Ecuador"
"6675","ECU_text475","critical_thinking",1,"Ecuador"
"6676","ECU_text475","learning_strategy",4,"Ecuador"
"6677","ECU_text476","science",9,"Ecuador"
"6678","ECU_text477","active_listening",1,"Ecuador"
"6679","ECU_text477","science",8,"Ecuador"
"6680","ECU_text477","writing",1,"Ecuador"
"6681","ECU_text477","active_learning",1,"Ecuador"
"6682","ECU_text478","science",10,"Ecuador"
"6683","ECU_text478","active_learning",1,"Ecuador"
"6684","ECU_text479","science",7,"Ecuador"
"6685","ECU_text480","active_listening",1,"Ecuador"
"6686","ECU_text480","science",5,"Ecuador"
"6687","ECU_text481","science",8,"Ecuador"
"6688","ECU_text483","mathematics",1,"Ecuador"
"6689","ECU_text483","science",13,"Ecuador"
"6690","ECU_text483","speaking",2,"Ecuador"
"6691","ECU_text483","critical_thinking",2,"Ecuador"
"6692","ECU_text483","learning_strategy",1,"Ecuador"
"6693","ECU_text484","reading_comprehension",1,"Ecuador"
"6694","ECU_text484","science",10,"Ecuador"
"6695","ECU_text484","speaking",1,"Ecuador"
"6696","ECU_text484","critical_thinking",3,"Ecuador"
"6697","ECU_text485","science",5,"Ecuador"
"6698","ECU_text485","speaking",1,"Ecuador"
"6699","ECU_text486","active_listening",1,"Ecuador"
"6700","ECU_text486","science",3,"Ecuador"
"6701","ECU_text486","speaking",4,"Ecuador"
"6702","ECU_text486","active_learning",1,"Ecuador"
"6703","ECU_text486","learning_strategy",1,"Ecuador"
"6704","ECU_text487","active_listening",2,"Ecuador"
"6705","ECU_text487","science",13,"Ecuador"
"6706","ECU_text487","active_learning",1,"Ecuador"
"6707","ECU_text488","active_listening",3,"Ecuador"
"6708","ECU_text488","reading_comprehension",1,"Ecuador"
"6709","ECU_text488","science",11,"Ecuador"
"6710","ECU_text488","active_learning",4,"Ecuador"
"6711","ECU_text488","learning_strategy",2,"Ecuador"
"6712","ECU_text488","monitoring",1,"Ecuador"
"6713","ECU_text489","science",7,"Ecuador"
"6714","ECU_text489","speaking",11,"Ecuador"
"6715","ECU_text489","active_learning",1,"Ecuador"
"6716","ECU_text489","monitoring",1,"Ecuador"
"6717","ECU_text490","science",4,"Ecuador"
"6718","ECU_text490","learning_strategy",2,"Ecuador"
"6719","ECU_text491","science",5,"Ecuador"
"6720","ECU_text491","speaking",1,"Ecuador"
"6721","ECU_text491","learning_strategy",1,"Ecuador"
"6722","ECU_text492","science",3,"Ecuador"
"6723","ECU_text492","speaking",2,"Ecuador"
"6724","ECU_text492","critical_thinking",1,"Ecuador"
"6725","ECU_text492","learning_strategy",4,"Ecuador"
"6726","ECU_text492","monitoring",1,"Ecuador"
"6727","ECU_text493","reading_comprehension",1,"Ecuador"
"6728","ECU_text493","science",8,"Ecuador"
"6729","ECU_text493","speaking",1,"Ecuador"
"6730","ECU_text493","critical_thinking",1,"Ecuador"
"6731","ECU_text493","learning_strategy",1,"Ecuador"
"6732","ECU_text494","active_listening",1,"Ecuador"
"6733","ECU_text494","science",7,"Ecuador"
"6734","ECU_text494","active_learning",1,"Ecuador"
"6735","ECU_text494","critical_thinking",1,"Ecuador"
"6736","ECU_text494","learning_strategy",3,"Ecuador"
"6737","ECU_text495","science",2,"Ecuador"
"6738","ECU_text495","speaking",1,"Ecuador"
"6739","ECU_text496","mathematics",7,"Ecuador"
"6740","ECU_text496","science",7,"Ecuador"
"6741","ECU_text496","learning_strategy",1,"Ecuador"
"6742","ECU_text497","science",4,"Ecuador"
"6743","ECU_text497","speaking",2,"Ecuador"
"6744","ECU_text497","critical_thinking",2,"Ecuador"
"6745","ECU_text498","science",10,"Ecuador"
"6746","ECU_text498","speaking",2,"Ecuador"
"6747","ECU_text498","learning_strategy",16,"Ecuador"
"6748","ECU_text498","monitoring",1,"Ecuador"
"6749","ECU_text499","science",5,"Ecuador"
"6750","ECU_text500","mathematics",1,"Ecuador"
"6751","ECU_text500","science",7,"Ecuador"
"6752","ECU_text500","monitoring",1,"Ecuador"
"6753","ECU_text501","science",11,"Ecuador"
"6754","ECU_text501","active_learning",5,"Ecuador"
"6755","ECU_text501","critical_thinking",2,"Ecuador"
"6756","ECU_text501","learning_strategy",2,"Ecuador"
"6757","ECU_text503","science",16,"Ecuador"
"6758","ECU_text504","active_listening",1,"Ecuador"
"6759","ECU_text504","science",22,"Ecuador"
"6760","ECU_text504","speaking",2,"Ecuador"
"6761","ECU_text504","active_learning",3,"Ecuador"
"6762","ECU_text504","critical_thinking",2,"Ecuador"
"6763","ECU_text504","learning_strategy",2,"Ecuador"
"6764","ECU_text504","monitoring",1,"Ecuador"
"6765","ECU_text505","science",5,"Ecuador"
"6766","ECU_text505","speaking",2,"Ecuador"
"6767","ECU_text506","science",13,"Ecuador"
"6768","ECU_text506","speaking",1,"Ecuador"
"6769","ECU_text507","science",1,"Ecuador"
"6770","ECU_text508","science",5,"Ecuador"
"6771","ECU_text509","science",14,"Ecuador"
"6772","ECU_text509","learning_strategy",1,"Ecuador"
"6773","ECU_text509","monitoring",2,"Ecuador"
"6774","ECU_text510","science",7,"Ecuador"
"6775","ECU_text510","active_learning",1,"Ecuador"
"6776","ECU_text510","critical_thinking",2,"Ecuador"
"6777","ECU_text510","learning_strategy",4,"Ecuador"
"6778","ECU_text511","active_listening",1,"Ecuador"
"6779","ECU_text511","science",2,"Ecuador"
"6780","ECU_text511","active_learning",1,"Ecuador"
"6781","ECU_text512","science",4,"Ecuador"
"6782","ECU_text513","active_listening",2,"Ecuador"
"6783","ECU_text513","reading_comprehension",2,"Ecuador"
"6784","ECU_text513","science",7,"Ecuador"
"6785","ECU_text513","active_learning",1,"Ecuador"
"6786","ECU_text513","learning_strategy",2,"Ecuador"
"6787","ECU_text513","monitoring",1,"Ecuador"
"6788","ECU_text514","active_listening",1,"Ecuador"
"6789","ECU_text514","science",12,"Ecuador"
"6790","ECU_text514","active_learning",1,"Ecuador"
"6791","ECU_text514","critical_thinking",1,"Ecuador"
"6792","ECU_text514","learning_strategy",3,"Ecuador"
"6793","ECU_text515","mathematics",3,"Ecuador"
"6794","ECU_text515","science",13,"Ecuador"
"6795","ECU_text515","speaking",1,"Ecuador"
"6796","ECU_text515","active_learning",2,"Ecuador"
"6797","ECU_text515","critical_thinking",3,"Ecuador"
"6798","ECU_text515","learning_strategy",21,"Ecuador"
"6799","ECU_text515","monitoring",1,"Ecuador"
"6800","ECU_text516","science",3,"Ecuador"
"6801","ECU_text516","speaking",1,"Ecuador"
"6802","ECU_text516","critical_thinking",1,"Ecuador"
"6803","ECU_text516","monitoring",2,"Ecuador"
"6804","ECU_text517","active_listening",1,"Ecuador"
"6805","ECU_text517","science",5,"Ecuador"
"6806","ECU_text517","learning_strategy",1,"Ecuador"
"6807","ECU_text518","active_listening",2,"Ecuador"
"6808","ECU_text518","science",24,"Ecuador"
"6809","ECU_text518","speaking",2,"Ecuador"
"6810","ECU_text518","active_learning",1,"Ecuador"
"6811","ECU_text518","critical_thinking",2,"Ecuador"
"6812","ECU_text518","learning_strategy",4,"Ecuador"
"6813","ECU_text520","science",6,"Ecuador"
"6814","ECU_text520","monitoring",1,"Ecuador"
"6815","ECU_text521","science",7,"Ecuador"
"6816","ECU_text521","speaking",21,"Ecuador"
"6817","ECU_text521","active_learning",1,"Ecuador"
"6818","ECU_text521","learning_strategy",4,"Ecuador"
"6819","ECU_text522","reading_comprehension",2,"Ecuador"
"6820","ECU_text522","science",21,"Ecuador"
"6821","ECU_text522","learning_strategy",4,"Ecuador"
"6822","ECU_text523","active_listening",1,"Ecuador"
"6823","ECU_text523","reading_comprehension",2,"Ecuador"
"6824","ECU_text523","science",2,"Ecuador"
"6825","ECU_text524","science",18,"Ecuador"
"6826","ECU_text548","speaking",6,"Ecuador"
"6827","ECU_text550","reading_comprehension",3,"Ecuador"
"6828","ECU_text550","science",20,"Ecuador"
"6829","ECU_text550","learning_strategy",5,"Ecuador"
"6830","ECU_text551","monitoring",1,"Ecuador"
"6831","ECU_text552","monitoring",1,"Ecuador"
"6832","ECU_text553","monitoring",1,"Ecuador"
"6833","ECU_text554","reading_comprehension",2,"Ecuador"
"6834","ECU_text554","science",10,"Ecuador"
"6835","ECU_text554","speaking",1,"Ecuador"
"6836","ECU_text554","learning_strategy",2,"Ecuador"
"6837","ECU_text555","monitoring",1,"Ecuador"
"6838","ECU_text556","monitoring",1,"Ecuador"
"6839","ECU_text557","reading_comprehension",1,"Ecuador"
"6840","ECU_text557","science",23,"Ecuador"
"6841","ECU_text557","speaking",3,"Ecuador"
"6842","ECU_text557","learning_strategy",1,"Ecuador"
"6843","ECU_text558","monitoring",1,"Ecuador"
"6844","ECU_text559","monitoring",1,"Ecuador"
"6845","ECU_text560","science",10,"Ecuador"
"6846","ECU_text560","speaking",1,"Ecuador"
"6847","ECU_text560","active_learning",1,"Ecuador"
"6848","ECU_text560","critical_thinking",1,"Ecuador"
"6849","ECU_text560","learning_strategy",6,"Ecuador"
"6850","ECU_text561","science",14,"Ecuador"
"6851","ECU_text561","speaking",1,"Ecuador"
"6852","ECU_text561","critical_thinking",4,"Ecuador"
"6853","ECU_text561","learning_strategy",5,"Ecuador"
"6854","ECU_text562","science",11,"Ecuador"
"6855","ECU_text562","speaking",1,"Ecuador"
"6856","ECU_text562","critical_thinking",1,"Ecuador"
"6857","ECU_text562","learning_strategy",4,"Ecuador"
"6858","ECU_text565","science",6,"Ecuador"
"6859","ECU_text565","critical_thinking",1,"Ecuador"
"6860","ECU_text565","learning_strategy",4,"Ecuador"
"6861","ECU_text566","science",16,"Ecuador"
"6862","ECU_text566","speaking",4,"Ecuador"
"6863","ECU_text566","active_learning",1,"Ecuador"
"6864","ECU_text566","learning_strategy",2,"Ecuador"
"6865","ECU_text566","monitoring",1,"Ecuador"
"6866","ECU_text569","science",6,"Ecuador"
"6867","ECU_text569","critical_thinking",2,"Ecuador"
"6868","ECU_text569","learning_strategy",2,"Ecuador"
"6869","ECU_text571","science",12,"Ecuador"
"6870","ECU_text571","speaking",2,"Ecuador"
"6871","ECU_text571","critical_thinking",1,"Ecuador"
"6872","ECU_text571","learning_strategy",5,"Ecuador"
"6873","ECU_text572","active_listening",1,"Ecuador"
"6874","ECU_text572","reading_comprehension",1,"Ecuador"
"6875","ECU_text572","science",30,"Ecuador"
"6876","ECU_text572","speaking",1,"Ecuador"
"6877","ECU_text572","critical_thinking",1,"Ecuador"
"6878","ECU_text572","learning_strategy",4,"Ecuador"
"6879","ECU_text572","monitoring",1,"Ecuador"
"6880","ECU_text573","reading_comprehension",1,"Ecuador"
"6881","ECU_text573","science",11,"Ecuador"
"6882","ECU_text573","critical_thinking",3,"Ecuador"
"6883","ECU_text573","learning_strategy",1,"Ecuador"
"6884","ECU_text602","reading_comprehension",1,"Ecuador"
"6885","ECU_text602","science",41,"Ecuador"
"6886","ECU_text602","critical_thinking",2,"Ecuador"
"6887","ECU_text602","learning_strategy",1,"Ecuador"
"6888","ECU_text602","monitoring",2,"Ecuador"
"6889","ECU_text603","reading_comprehension",1,"Ecuador"
"6890","ECU_text603","science",22,"Ecuador"
"6891","ECU_text603","critical_thinking",1,"Ecuador"
"6892","ECU_text603","learning_strategy",1,"Ecuador"
"6893","ECU_text603","monitoring",2,"Ecuador"
"6894","ECU_text604","active_listening",5,"Ecuador"
"6895","ECU_text604","mathematics",1,"Ecuador"
"6896","ECU_text604","reading_comprehension",1,"Ecuador"
"6897","ECU_text604","science",23,"Ecuador"
"6898","ECU_text604","active_learning",2,"Ecuador"
"6899","ECU_text604","critical_thinking",1,"Ecuador"
"6900","ECU_text604","learning_strategy",5,"Ecuador"
"6901","ECU_text605","reading_comprehension",1,"Ecuador"
"6902","ECU_text605","science",7,"Ecuador"
"6903","ECU_text605","speaking",1,"Ecuador"
"6904","ECU_text605","writing",1,"Ecuador"
"6905","ECU_text605","learning_strategy",12,"Ecuador"
"6906","ECU_text606","reading_comprehension",1,"Ecuador"
"6907","ECU_text606","science",1,"Ecuador"
"6908","ECU_text606","speaking",1,"Ecuador"
"6909","ECU_text606","learning_strategy",2,"Ecuador"
"6910","ECU_text607","reading_comprehension",3,"Ecuador"
"6911","ECU_text607","science",6,"Ecuador"
"6912","ECU_text608","reading_comprehension",1,"Ecuador"
"6913","ECU_text608","science",7,"Ecuador"
"6914","ECU_text608","speaking",1,"Ecuador"
"6915","ECU_text608","learning_strategy",3,"Ecuador"
"6916","ECU_text609","reading_comprehension",1,"Ecuador"
"6917","ECU_text609","science",8,"Ecuador"
"6918","ECU_text609","speaking",1,"Ecuador"
"6919","ECU_text609","learning_strategy",3,"Ecuador"
"6920","ECU_text610","reading_comprehension",4,"Ecuador"
"6921","ECU_text610","science",8,"Ecuador"
"6922","ECU_text610","speaking",2,"Ecuador"
"6923","ECU_text611","reading_comprehension",1,"Ecuador"
"6924","ECU_text611","science",3,"Ecuador"
"6925","ECU_text611","speaking",1,"Ecuador"
"6926","ECU_text612","reading_comprehension",1,"Ecuador"
"6927","ECU_text612","science",7,"Ecuador"
"6928","ECU_text612","learning_strategy",3,"Ecuador"
"6929","ECU_text613","reading_comprehension",1,"Ecuador"
"6930","ECU_text613","science",7,"Ecuador"
"6931","ECU_text613","learning_strategy",3,"Ecuador"
"6932","ECU_text614","reading_comprehension",7,"Ecuador"
"6933","ECU_text614","science",2,"Ecuador"
"6934","ECU_text615","reading_comprehension",7,"Ecuador"
"6935","ECU_text615","science",2,"Ecuador"
"6936","ECU_text616","reading_comprehension",3,"Ecuador"
"6937","ECU_text616","science",2,"Ecuador"
"6938","ECU_text616","speaking",1,"Ecuador"
"6939","ECU_text616","learning_strategy",2,"Ecuador"
"6940","ECU_text617","reading_comprehension",1,"Ecuador"
"6941","ECU_text617","science",1,"Ecuador"
"6942","ECU_text617","speaking",1,"Ecuador"
"6943","ECU_text618","reading_comprehension",3,"Ecuador"
"6944","ECU_text618","science",5,"Ecuador"
"6945","ECU_text618","speaking",1,"Ecuador"
"6946","ECU_text618","learning_strategy",2,"Ecuador"
"6947","ECU_text618","monitoring",1,"Ecuador"
"6948","ECU_text619","reading_comprehension",3,"Ecuador"
"6949","ECU_text619","science",2,"Ecuador"
"6950","ECU_text619","speaking",1,"Ecuador"
"6951","ECU_text619","learning_strategy",4,"Ecuador"
"6952","ECU_text620","reading_comprehension",3,"Ecuador"
"6953","ECU_text620","science",5,"Ecuador"
"6954","ECU_text620","speaking",2,"Ecuador"
"6955","ECU_text620","learning_strategy",10,"Ecuador"
"6956","ECU_text621","reading_comprehension",3,"Ecuador"
"6957","ECU_text621","science",2,"Ecuador"
"6958","ECU_text621","speaking",1,"Ecuador"
"6959","ECU_text621","learning_strategy",2,"Ecuador"
"6960","ECU_text622","active_listening",1,"Ecuador"
"6961","ECU_text622","mathematics",1,"Ecuador"
"6962","ECU_text622","reading_comprehension",3,"Ecuador"
"6963","ECU_text622","science",3,"Ecuador"
"6964","ECU_text622","speaking",1,"Ecuador"
"6965","ECU_text622","learning_strategy",2,"Ecuador"
"6966","ECU_text623","reading_comprehension",3,"Ecuador"
"6967","ECU_text623","science",3,"Ecuador"
"6968","ECU_text623","speaking",2,"Ecuador"
"6969","ECU_text623","learning_strategy",2,"Ecuador"
"6970","ECU_text624","reading_comprehension",3,"Ecuador"
"6971","ECU_text624","science",2,"Ecuador"
"6972","ECU_text624","speaking",2,"Ecuador"
"6973","ECU_text624","learning_strategy",2,"Ecuador"
"6974","ECU_text625","reading_comprehension",3,"Ecuador"
"6975","ECU_text625","science",5,"Ecuador"
"6976","ECU_text625","speaking",1,"Ecuador"
"6977","ECU_text625","learning_strategy",2,"Ecuador"
"6978","ECU_text626","reading_comprehension",3,"Ecuador"
"6979","ECU_text626","science",2,"Ecuador"
"6980","ECU_text626","speaking",1,"Ecuador"
"6981","ECU_text626","learning_strategy",2,"Ecuador"
"6982","ECU_text627","reading_comprehension",3,"Ecuador"
"6983","ECU_text627","science",2,"Ecuador"
"6984","ECU_text627","speaking",3,"Ecuador"
"6985","ECU_text627","learning_strategy",2,"Ecuador"
"6986","ECU_text628","reading_comprehension",1,"Ecuador"
"6987","ECU_text628","science",2,"Ecuador"
"6988","ECU_text628","speaking",2,"Ecuador"
"6989","ECU_text628","learning_strategy",2,"Ecuador"
"6990","ECU_text629","reading_comprehension",3,"Ecuador"
"6991","ECU_text629","science",1,"Ecuador"
"6992","ECU_text629","speaking",1,"Ecuador"
"6993","ECU_text629","learning_strategy",3,"Ecuador"
"6994","ECU_text630","reading_comprehension",3,"Ecuador"
"6995","ECU_text630","science",2,"Ecuador"
"6996","ECU_text630","speaking",1,"Ecuador"
"6997","ECU_text630","learning_strategy",2,"Ecuador"
"6998","ECU_text631","reading_comprehension",3,"Ecuador"
"6999","ECU_text631","science",1,"Ecuador"
"7000","ECU_text631","speaking",6,"Ecuador"
"7001","ECU_text631","learning_strategy",2,"Ecuador"
"7002","ECU_text632","reading_comprehension",3,"Ecuador"
"7003","ECU_text632","science",4,"Ecuador"
"7004","ECU_text632","speaking",1,"Ecuador"
"7005","ECU_text632","learning_strategy",4,"Ecuador"
"7006","ECU_text632","monitoring",1,"Ecuador"
"7007","ECU_text633","reading_comprehension",3,"Ecuador"
"7008","ECU_text633","science",3,"Ecuador"
"7009","ECU_text633","speaking",1,"Ecuador"
"7010","ECU_text633","learning_strategy",2,"Ecuador"
"7011","ECU_text634","reading_comprehension",1,"Ecuador"
"7012","ECU_text634","science",1,"Ecuador"
"7013","ECU_text635","reading_comprehension",1,"Ecuador"
"7014","ECU_text635","speaking",1,"Ecuador"
"7015","ECU_text635","learning_strategy",2,"Ecuador"
"7016","ECU_text636","reading_comprehension",1,"Ecuador"
"7017","ECU_text637","reading_comprehension",3,"Ecuador"
"7018","ECU_text637","science",5,"Ecuador"
"7019","ECU_text638","reading_comprehension",3,"Ecuador"
"7020","ECU_text638","science",6,"Ecuador"
"7021","ECU_text638","learning_strategy",3,"Ecuador"
"7022","ECU_text639","reading_comprehension",3,"Ecuador"
"7023","ECU_text639","science",6,"Ecuador"
"7024","ECU_text639","learning_strategy",3,"Ecuador"
"7025","ECU_text652","active_listening",1,"Ecuador"
"7026","ECU_text652","reading_comprehension",1,"Ecuador"
"7027","ECU_text652","science",14,"Ecuador"
"7028","ECU_text652","active_learning",1,"Ecuador"
"7029","ECU_text652","learning_strategy",3,"Ecuador"
"7030","ECU_text653","science",12,"Ecuador"
"7031","ECU_text653","speaking",1,"Ecuador"
"7032","ECU_text655","reading_comprehension",3,"Ecuador"
"7033","ECU_text655","science",5,"Ecuador"
"7034","ECU_text655","monitoring",1,"Ecuador"
"7035","ECU_text656","reading_comprehension",1,"Ecuador"
"7036","ECU_text656","science",19,"Ecuador"
"7037","ECU_text657","science",1,"Ecuador"
"7038","ECU_text658","reading_comprehension",1,"Ecuador"
"7039","ECU_text658","science",3,"Ecuador"
"7040","ECU_text658","active_learning",1,"Ecuador"
"7041","ECU_text658","learning_strategy",18,"Ecuador"
"7042","ECU_text658","monitoring",1,"Ecuador"
"7043","ECU_text659","science",1,"Ecuador"
"7044","ECU_text660","science",3,"Ecuador"
"7045","ECU_text660","critical_thinking",1,"Ecuador"
"7046","ECU_text660","monitoring",1,"Ecuador"
"7047","ECU_text661","active_listening",1,"Ecuador"
"7048","ECU_text661","reading_comprehension",1,"Ecuador"
"7049","ECU_text661","speaking",1,"Ecuador"
"7050","ECU_text661","learning_strategy",2,"Ecuador"
"7051","ECU_text662","reading_comprehension",1,"Ecuador"
"7052","ECU_text662","science",3,"Ecuador"
"7053","ECU_text662","speaking",2,"Ecuador"
"7054","ECU_text662","learning_strategy",1,"Ecuador"
"7055","ECU_text663","active_listening",2,"Ecuador"
"7056","ECU_text663","reading_comprehension",1,"Ecuador"
"7057","ECU_text663","science",2,"Ecuador"
"7058","ECU_text663","learning_strategy",1,"Ecuador"
"7059","ECU_text664","reading_comprehension",1,"Ecuador"
"7060","ECU_text664","science",1,"Ecuador"
"7061","ECU_text664","speaking",1,"Ecuador"
"7062","ECU_text664","learning_strategy",1,"Ecuador"
"7063","ECU_text665","reading_comprehension",1,"Ecuador"
"7064","ECU_text665","science",1,"Ecuador"
"7065","ECU_text665","speaking",1,"Ecuador"
"7066","ECU_text665","learning_strategy",1,"Ecuador"
"7067","ECU_text666","reading_comprehension",3,"Ecuador"
"7068","ECU_text666","science",8,"Ecuador"
"7069","ECU_text666","active_learning",1,"Ecuador"
"7070","ECU_text666","monitoring",2,"Ecuador"
"7071","ECU_text667","reading_comprehension",1,"Ecuador"
"7072","ECU_text667","science",3,"Ecuador"
"7073","ECU_text667","speaking",1,"Ecuador"
"7074","ECU_text667","learning_strategy",1,"Ecuador"
"7075","ECU_text668","reading_comprehension",1,"Ecuador"
"7076","ECU_text668","science",3,"Ecuador"
"7077","ECU_text668","speaking",1,"Ecuador"
"7078","ECU_text668","learning_strategy",1,"Ecuador"
"7079","ECU_text669","reading_comprehension",1,"Ecuador"
"7080","ECU_text669","science",4,"Ecuador"
"7081","ECU_text669","speaking",2,"Ecuador"
"7082","ECU_text669","learning_strategy",2,"Ecuador"
"7083","ECU_text670","reading_comprehension",1,"Ecuador"
"7084","ECU_text670","science",3,"Ecuador"
"7085","ECU_text670","speaking",2,"Ecuador"
"7086","ECU_text670","learning_strategy",2,"Ecuador"
"7087","ECU_text671","monitoring",2,"Ecuador"
"7088","ECU_text672","science",1,"Ecuador"
"7089","ECU_text672","learning_strategy",1,"Ecuador"
"7090","ECU_text673","active_listening",1,"Ecuador"
"7091","ECU_text673","science",4,"Ecuador"
"7092","ECU_text673","speaking",1,"Ecuador"
"7093","ECU_text673","critical_thinking",1,"Ecuador"
"7094","ECU_text673","monitoring",1,"Ecuador"
"7095","ECU_text674","active_listening",1,"Ecuador"
"7096","ECU_text674","science",3,"Ecuador"
"7097","ECU_text674","speaking",1,"Ecuador"
"7098","ECU_text674","critical_thinking",1,"Ecuador"
"7099","ECU_text674","monitoring",1,"Ecuador"
"7100","ECU_text675","active_listening",1,"Ecuador"
"7101","ECU_text675","science",4,"Ecuador"
"7102","ECU_text675","speaking",1,"Ecuador"
"7103","ECU_text675","critical_thinking",2,"Ecuador"
"7104","ECU_text675","learning_strategy",1,"Ecuador"
"7105","ECU_text675","monitoring",1,"Ecuador"
"7106","ECU_text676","science",4,"Ecuador"
"7107","ECU_text677","active_listening",4,"Ecuador"
"7108","ECU_text677","reading_comprehension",1,"Ecuador"
"7109","ECU_text678","learning_strategy",1,"Ecuador"
"7110","ECU_text679","reading_comprehension",1,"Ecuador"
"7111","ECU_text679","science",10,"Ecuador"
"7112","ECU_text679","monitoring",2,"Ecuador"
"7113","ECU_text680","science",6,"Ecuador"
"7114","ECU_text681","science",1,"Ecuador"
"7115","ECU_text681","critical_thinking",1,"Ecuador"
"7116","ECU_text682","science",6,"Ecuador"
"7117","ECU_text682","learning_strategy",1,"Ecuador"
"7118","ECU_text683","active_listening",1,"Ecuador"
"7119","ECU_text683","reading_comprehension",1,"Ecuador"
"7120","ECU_text683","science",9,"Ecuador"
"7121","ECU_text683","monitoring",2,"Ecuador"
"7122","ECU_text684","active_listening",3,"Ecuador"
"7123","ECU_text684","reading_comprehension",1,"Ecuador"
"7124","ECU_text684","science",3,"Ecuador"
"7125","ECU_text684","active_learning",1,"Ecuador"
"7126","ECU_text685","active_listening",2,"Ecuador"
"7127","ECU_text685","reading_comprehension",1,"Ecuador"
"7128","ECU_text685","science",3,"Ecuador"
"7129","ECU_text685","monitoring",1,"Ecuador"
"7130","ECU_text686","active_listening",2,"Ecuador"
"7131","ECU_text686","reading_comprehension",1,"Ecuador"
"7132","ECU_text686","science",3,"Ecuador"
"7133","ECU_text687","active_listening",2,"Ecuador"
"7134","ECU_text687","reading_comprehension",1,"Ecuador"
"7135","ECU_text687","science",3,"Ecuador"
"7136","ECU_text687","monitoring",2,"Ecuador"
"7137","ECU_text688","active_listening",3,"Ecuador"
"7138","ECU_text688","reading_comprehension",1,"Ecuador"
"7139","ECU_text688","science",4,"Ecuador"
"7140","ECU_text688","speaking",2,"Ecuador"
"7141","ECU_text688","monitoring",1,"Ecuador"
"7142","ECU_text689","active_listening",3,"Ecuador"
"7143","ECU_text689","reading_comprehension",1,"Ecuador"
"7144","ECU_text689","science",4,"Ecuador"
"7145","ECU_text690","science",4,"Ecuador"
"7146","ECU_text690","monitoring",1,"Ecuador"
"7147","ECU_text691","active_listening",1,"Ecuador"
"7148","ECU_text692","science",1,"Ecuador"
"7149","ECU_text694","mathematics",6,"Ecuador"
"7150","ECU_text697","active_learning",1,"Ecuador"
"7151","ECU_text700","science",4,"Ecuador"
"7152","ECU_text701","science",2,"Ecuador"
"7153","ECU_text703","science",3,"Ecuador"
"7154","ECU_text706","science",2,"Ecuador"
"7155","ECU_text706","critical_thinking",2,"Ecuador"
"7156","ECU_text709","science",4,"Ecuador"
"7157","ECU_text709","speaking",1,"Ecuador"
"7158","ECU_text709","active_learning",1,"Ecuador"
"7159","ECU_text709","learning_strategy",1,"Ecuador"
"7160","ECU_text710","reading_comprehension",1,"Ecuador"
"7161","ECU_text710","science",2,"Ecuador"
"7162","ECU_text711","reading_comprehension",1,"Ecuador"
"7163","ECU_text711","science",2,"Ecuador"
"7164","ECU_text713","science",3,"Ecuador"
"7165","ECU_text714","science",9,"Ecuador"
"7166","ECU_text714","speaking",1,"Ecuador"
"7167","ECU_text714","learning_strategy",2,"Ecuador"
"7168","ECU_text715","reading_comprehension",1,"Ecuador"
"7169","ECU_text715","science",11,"Ecuador"
"7170","ECU_text715","learning_strategy",1,"Ecuador"
"7171","ECU_text717","science",2,"Ecuador"
"7172","ECU_text717","monitoring",1,"Ecuador"
"7173","ECU_text718","reading_comprehension",1,"Ecuador"
"7174","ECU_text718","science",2,"Ecuador"
"7175","ECU_text719","science",7,"Ecuador"
"7176","ECU_text719","critical_thinking",1,"Ecuador"
"7177","ECU_text719","monitoring",1,"Ecuador"
"7178","ECU_text720","science",3,"Ecuador"
"7179","ECU_text721","science",6,"Ecuador"
"7180","ECU_text722","reading_comprehension",1,"Ecuador"
"7181","ECU_text722","science",3,"Ecuador"
"7182","ECU_text723","science",3,"Ecuador"
"7183","ECU_text723","speaking",1,"Ecuador"
"7184","ECU_text724","science",1,"Ecuador"
"7185","ECU_text724","speaking",6,"Ecuador"
"7186","ECU_text725","science",7,"Ecuador"
"7187","ECU_text725","monitoring",1,"Ecuador"
"7188","ECU_text726","science",8,"Ecuador"
"7189","ECU_text726","writing",1,"Ecuador"
"7190","ECU_text728","science",1,"Ecuador"
"7191","ECU_text730","reading_comprehension",1,"Ecuador"
"7192","ECU_text730","science",2,"Ecuador"
"7193","ECU_text730","active_learning",1,"Ecuador"
"7194","ECU_text731","active_listening",2,"Ecuador"
"7195","ECU_text731","science",4,"Ecuador"
"7196","ECU_text731","active_learning",1,"Ecuador"
"7197","MEX_text1","science",8,"Mexico"
"7198","MEX_text2","science",4,"Mexico"
"7199","MEX_text3","science",2,"Mexico"
"7200","MEX_text4","science",1,"Mexico"
"7201","MEX_text5","science",1,"Mexico"
"7202","MEX_text5","speaking",3,"Mexico"
"7203","MEX_text5","critical_thinking",1,"Mexico"
"7204","MEX_text6","science",1,"Mexico"
"7205","MEX_text7","science",9,"Mexico"
"7206","MEX_text7","learning_strategy",2,"Mexico"
"7207","MEX_text8","science",7,"Mexico"
"7208","MEX_text8","critical_thinking",1,"Mexico"
"7209","MEX_text10","science",2,"Mexico"
"7210","MEX_text10","speaking",4,"Mexico"
"7211","MEX_text10","learning_strategy",2,"Mexico"
"7212","MEX_text11","science",7,"Mexico"
"7213","MEX_text11","speaking",4,"Mexico"
"7214","MEX_text11","critical_thinking",2,"Mexico"
"7215","MEX_text11","learning_strategy",8,"Mexico"
"7216","MEX_text12","science",6,"Mexico"
"7217","MEX_text13","science",1,"Mexico"
"7218","MEX_text13","learning_strategy",1,"Mexico"
"7219","MEX_text14","learning_strategy",2,"Mexico"
"7220","MEX_text15","science",2,"Mexico"
"7221","MEX_text15","speaking",1,"Mexico"
"7222","MEX_text16","mathematics",2,"Mexico"
"7223","MEX_text16","science",1,"Mexico"
"7224","MEX_text16","speaking",1,"Mexico"
"7225","MEX_text16","learning_strategy",6,"Mexico"
"7226","MEX_text17","science",1,"Mexico"
"7227","MEX_text17","speaking",1,"Mexico"
"7228","MEX_text17","learning_strategy",1,"Mexico"
"7229","MEX_text18","science",6,"Mexico"
"7230","MEX_text18","speaking",1,"Mexico"
"7231","MEX_text18","learning_strategy",1,"Mexico"
"7232","MEX_text19","science",4,"Mexico"
"7233","MEX_text20","science",6,"Mexico"
"7234","MEX_text21","science",12,"Mexico"
"7235","MEX_text22","science",3,"Mexico"
"7236","MEX_text23","science",4,"Mexico"
"7237","MEX_text24","science",3,"Mexico"
"7238","MEX_text24","speaking",1,"Mexico"
"7239","MEX_text25","science",5,"Mexico"
"7240","MEX_text26","science",1,"Mexico"
"7241","MEX_text27","science",2,"Mexico"
"7242","MEX_text28","active_listening",1,"Mexico"
"7243","MEX_text28","science",3,"Mexico"
"7244","MEX_text28","speaking",1,"Mexico"
"7245","MEX_text28","active_learning",1,"Mexico"
"7246","MEX_text29","active_listening",1,"Mexico"
"7247","MEX_text29","science",3,"Mexico"
"7248","MEX_text29","active_learning",1,"Mexico"
"7249","MEX_text31","reading_comprehension",2,"Mexico"
"7250","MEX_text31","science",8,"Mexico"
"7251","MEX_text31","writing",1,"Mexico"
"7252","MEX_text32","speaking",1,"Mexico"
"7253","MEX_text32","writing",1,"Mexico"
"7254","MEX_text33","science",2,"Mexico"
"7255","MEX_text34","reading_comprehension",1,"Mexico"
"7256","MEX_text34","science",6,"Mexico"
"7257","MEX_text34","speaking",4,"Mexico"
"7258","MEX_text34","writing",1,"Mexico"
"7259","MEX_text34","learning_strategy",1,"Mexico"
"7260","MEX_text35","science",8,"Mexico"
"7261","MEX_text35","writing",1,"Mexico"
"7262","MEX_text36","active_listening",1,"Mexico"
"7263","MEX_text36","science",6,"Mexico"
"7264","MEX_text37","science",2,"Mexico"
"7265","MEX_text37","learning_strategy",1,"Mexico"
"7266","MEX_text38","science",7,"Mexico"
"7267","MEX_text39","science",3,"Mexico"
"7268","MEX_text39","learning_strategy",2,"Mexico"
"7269","MEX_text40","science",3,"Mexico"
"7270","MEX_text41","science",2,"Mexico"
"7271","MEX_text42","science",3,"Mexico"
"7272","MEX_text42","speaking",2,"Mexico"
"7273","MEX_text42","learning_strategy",1,"Mexico"
"7274","MEX_text43","science",1,"Mexico"
"7275","MEX_text43","monitoring",1,"Mexico"
"7276","MEX_text44","science",33,"Mexico"
"7277","MEX_text44","writing",1,"Mexico"
"7278","MEX_text44","active_learning",2,"Mexico"
"7279","MEX_text45","science",11,"Mexico"
"7280","MEX_text45","active_learning",1,"Mexico"
"7281","MEX_text45","learning_strategy",3,"Mexico"
"7282","MEX_text46","reading_comprehension",8,"Mexico"
"7283","MEX_text46","science",17,"Mexico"
"7284","MEX_text46","speaking",1,"Mexico"
"7285","MEX_text46","learning_strategy",2,"Mexico"
"7286","MEX_text47","science",8,"Mexico"
"7287","MEX_text47","writing",1,"Mexico"
"7288","MEX_text48","science",11,"Mexico"
"7289","MEX_text48","speaking",1,"Mexico"
"7290","MEX_text48","critical_thinking",2,"Mexico"
"7291","MEX_text48","learning_strategy",1,"Mexico"
"7292","MEX_text49","active_listening",1,"Mexico"
"7293","MEX_text49","mathematics",1,"Mexico"
"7294","MEX_text49","reading_comprehension",2,"Mexico"
"7295","MEX_text49","science",28,"Mexico"
"7296","MEX_text49","writing",2,"Mexico"
"7297","MEX_text50","science",9,"Mexico"
"7298","MEX_text51","science",5,"Mexico"
"7299","MEX_text51","learning_strategy",1,"Mexico"
"7300","MEX_text52","science",3,"Mexico"
"7301","MEX_text54","reading_comprehension",2,"Mexico"
"7302","MEX_text54","science",8,"Mexico"
"7303","MEX_text54","writing",1,"Mexico"
"7304","MEX_text55","active_listening",1,"Mexico"
"7305","MEX_text55","mathematics",1,"Mexico"
"7306","MEX_text55","science",8,"Mexico"
"7307","MEX_text55","speaking",1,"Mexico"
"7308","MEX_text55","critical_thinking",1,"Mexico"
"7309","MEX_text56","active_listening",1,"Mexico"
"7310","MEX_text56","reading_comprehension",2,"Mexico"
"7311","MEX_text56","science",1,"Mexico"
"7312","MEX_text56","speaking",1,"Mexico"
"7313","MEX_text56","learning_strategy",1,"Mexico"
"7314","MEX_text57","reading_comprehension",1,"Mexico"
"7315","MEX_text57","science",2,"Mexico"
"7316","MEX_text57","speaking",1,"Mexico"
"7317","MEX_text57","learning_strategy",2,"Mexico"
"7318","MEX_text58","active_listening",1,"Mexico"
"7319","MEX_text58","reading_comprehension",1,"Mexico"
"7320","MEX_text58","science",22,"Mexico"
"7321","MEX_text58","speaking",1,"Mexico"
"7322","MEX_text58","writing",1,"Mexico"
"7323","MEX_text59","science",11,"Mexico"
"7324","MEX_text60","science",17,"Mexico"
"7325","MEX_text60","writing",1,"Mexico"
"7326","MEX_text61","active_listening",5,"Mexico"
"7327","MEX_text61","science",4,"Mexico"
"7328","MEX_text61","speaking",2,"Mexico"
"7329","MEX_text61","writing",1,"Mexico"
"7330","MEX_text62","science",9,"Mexico"
"7331","MEX_text63","active_listening",1,"Mexico"
"7332","MEX_text63","reading_comprehension",1,"Mexico"
"7333","MEX_text63","science",18,"Mexico"
"7334","MEX_text63","speaking",1,"Mexico"
"7335","MEX_text63","critical_thinking",1,"Mexico"
"7336","MEX_text64","mathematics",1,"Mexico"
"7337","MEX_text64","science",9,"Mexico"
"7338","MEX_text65","science",11,"Mexico"
"7339","MEX_text66","science",19,"Mexico"
"7340","MEX_text67","science",10,"Mexico"
"7341","MEX_text67","critical_thinking",1,"Mexico"
"7342","MEX_text68","science",3,"Mexico"
"7343","MEX_text69","reading_comprehension",1,"Mexico"
"7344","MEX_text69","science",4,"Mexico"
"7345","MEX_text69","critical_thinking",1,"Mexico"
"7346","MEX_text69","learning_strategy",1,"Mexico"
"7347","MEX_text70","active_listening",1,"Mexico"
"7348","MEX_text70","science",18,"Mexico"
"7349","MEX_text70","speaking",1,"Mexico"
"7350","MEX_text70","critical_thinking",1,"Mexico"
"7351","MEX_text70","monitoring",1,"Mexico"
"7352","MEX_text71","active_listening",1,"Mexico"
"7353","MEX_text71","reading_comprehension",2,"Mexico"
"7354","MEX_text71","science",23,"Mexico"
"7355","MEX_text71","active_learning",2,"Mexico"
"7356","MEX_text72","reading_comprehension",3,"Mexico"
"7357","MEX_text72","science",24,"Mexico"
"7358","MEX_text72","speaking",2,"Mexico"
"7359","MEX_text72","learning_strategy",1,"Mexico"
"7360","MEX_text72","monitoring",1,"Mexico"
"7361","MEX_text73","reading_comprehension",1,"Mexico"
"7362","MEX_text73","science",12,"Mexico"
"7363","MEX_text73","speaking",2,"Mexico"
"7364","MEX_text74","science",17,"Mexico"
"7365","MEX_text74","speaking",1,"Mexico"
"7366","MEX_text74","critical_thinking",1,"Mexico"
"7367","MEX_text75","science",9,"Mexico"
"7368","MEX_text75","critical_thinking",1,"Mexico"
"7369","MEX_text76","active_listening",1,"Mexico"
"7370","MEX_text76","science",24,"Mexico"
"7371","MEX_text76","speaking",2,"Mexico"
"7372","MEX_text76","critical_thinking",2,"Mexico"
"7373","MEX_text76","learning_strategy",1,"Mexico"
"7374","MEX_text77","science",26,"Mexico"
"7375","MEX_text77","writing",1,"Mexico"
"7376","MEX_text78","reading_comprehension",1,"Mexico"
"7377","MEX_text78","science",3,"Mexico"
"7378","MEX_text78","speaking",5,"Mexico"
"7379","MEX_text78","active_learning",1,"Mexico"
"7380","MEX_text78","critical_thinking",3,"Mexico"
"7381","MEX_text78","learning_strategy",1,"Mexico"
"7382","MEX_text79","active_listening",2,"Mexico"
"7383","MEX_text79","science",5,"Mexico"
"7384","MEX_text79","speaking",2,"Mexico"
"7385","MEX_text79","active_learning",1,"Mexico"
"7386","MEX_text79","critical_thinking",2,"Mexico"
"7387","MEX_text79","learning_strategy",2,"Mexico"
"7388","MEX_text80","science",4,"Mexico"
"7389","MEX_text81","active_listening",1,"Mexico"
"7390","MEX_text81","science",4,"Mexico"
"7391","MEX_text81","learning_strategy",3,"Mexico"
"7392","MEX_text82","reading_comprehension",1,"Mexico"
"7393","MEX_text82","science",1,"Mexico"
"7394","MEX_text82","writing",1,"Mexico"
"7395","MEX_text83","reading_comprehension",2,"Mexico"
"7396","MEX_text83","science",3,"Mexico"
"7397","MEX_text83","critical_thinking",3,"Mexico"
"7398","MEX_text84","active_listening",1,"Mexico"
"7399","MEX_text84","reading_comprehension",1,"Mexico"
"7400","MEX_text84","science",4,"Mexico"
"7401","MEX_text84","active_learning",2,"Mexico"
"7402","MEX_text84","critical_thinking",1,"Mexico"
"7403","MEX_text85","active_listening",1,"Mexico"
"7404","MEX_text85","science",2,"Mexico"
"7405","MEX_text85","speaking",1,"Mexico"
"7406","MEX_text85","critical_thinking",2,"Mexico"
"7407","MEX_text85","learning_strategy",1,"Mexico"
"7408","MEX_text86","reading_comprehension",9,"Mexico"
"7409","MEX_text86","science",20,"Mexico"
"7410","MEX_text86","writing",3,"Mexico"
"7411","MEX_text87","science",25,"Mexico"
"7412","MEX_text87","speaking",3,"Mexico"
"7413","MEX_text87","critical_thinking",2,"Mexico"
"7414","MEX_text87","learning_strategy",4,"Mexico"
"7415","MEX_text88","science",15,"Mexico"
"7416","MEX_text88","writing",1,"Mexico"
"7417","MEX_text88","critical_thinking",1,"Mexico"
"7418","MEX_text89","active_listening",1,"Mexico"
"7419","MEX_text89","reading_comprehension",3,"Mexico"
"7420","MEX_text89","science",24,"Mexico"
"7421","MEX_text89","speaking",1,"Mexico"
"7422","MEX_text89","writing",1,"Mexico"
"7423","MEX_text89","learning_strategy",1,"Mexico"
"7424","MEX_text90","science",17,"Mexico"
"7425","MEX_text90","speaking",1,"Mexico"
"7426","MEX_text90","critical_thinking",2,"Mexico"
"7427","MEX_text91","active_listening",1,"Mexico"
"7428","MEX_text91","reading_comprehension",1,"Mexico"
"7429","MEX_text91","science",7,"Mexico"
"7430","MEX_text91","speaking",3,"Mexico"
"7431","MEX_text91","critical_thinking",1,"Mexico"
"7432","MEX_text91","learning_strategy",1,"Mexico"
"7433","MEX_text92","science",9,"Mexico"
"7434","MEX_text92","critical_thinking",1,"Mexico"
"7435","MEX_text93","active_listening",2,"Mexico"
"7436","MEX_text93","science",18,"Mexico"
"7437","MEX_text93","speaking",1,"Mexico"
"7438","MEX_text93","critical_thinking",2,"Mexico"
"7439","MEX_text93","learning_strategy",1,"Mexico"
"7440","MEX_text94","science",3,"Mexico"
"7441","MEX_text95","active_listening",1,"Mexico"
"7442","MEX_text95","reading_comprehension",1,"Mexico"
"7443","MEX_text95","science",11,"Mexico"
"7444","MEX_text95","writing",1,"Mexico"
"7445","MEX_text95","learning_strategy",2,"Mexico"
"7446","MEX_text96","active_listening",2,"Mexico"
"7447","MEX_text96","science",5,"Mexico"
"7448","MEX_text96","active_learning",1,"Mexico"
"7449","MEX_text96","critical_thinking",1,"Mexico"
"7450","MEX_text97","science",8,"Mexico"
"7451","MEX_text98","active_listening",3,"Mexico"
"7452","MEX_text98","science",5,"Mexico"
"7453","MEX_text98","speaking",3,"Mexico"
"7454","MEX_text98","critical_thinking",1,"Mexico"
"7455","MEX_text98","learning_strategy",3,"Mexico"
"7456","MEX_text99","active_listening",1,"Mexico"
"7457","MEX_text99","reading_comprehension",2,"Mexico"
"7458","MEX_text99","science",8,"Mexico"
"7459","MEX_text99","active_learning",4,"Mexico"
"7460","MEX_text100","active_listening",1,"Mexico"
"7461","MEX_text100","reading_comprehension",1,"Mexico"
"7462","MEX_text100","science",29,"Mexico"
"7463","MEX_text100","speaking",2,"Mexico"
"7464","MEX_text100","writing",1,"Mexico"
"7465","MEX_text100","critical_thinking",2,"Mexico"
"7466","MEX_text101","mathematics",1,"Mexico"
"7467","MEX_text101","reading_comprehension",1,"Mexico"
"7468","MEX_text101","science",1,"Mexico"
"7469","MEX_text101","speaking",1,"Mexico"
"7470","MEX_text101","writing",1,"Mexico"
"7471","MEX_text101","learning_strategy",3,"Mexico"
"7472","MEX_text102","active_listening",1,"Mexico"
"7473","MEX_text102","mathematics",2,"Mexico"
"7474","MEX_text102","science",24,"Mexico"
"7475","MEX_text102","active_learning",2,"Mexico"
"7476","MEX_text102","learning_strategy",2,"Mexico"
"7477","MEX_text103","active_listening",1,"Mexico"
"7478","MEX_text103","reading_comprehension",1,"Mexico"
"7479","MEX_text103","science",34,"Mexico"
"7480","MEX_text103","speaking",1,"Mexico"
"7481","MEX_text107","active_listening",1,"Mexico"
"7482","MEX_text107","reading_comprehension",3,"Mexico"
"7483","MEX_text107","science",24,"Mexico"
"7484","MEX_text107","speaking",4,"Mexico"
"7485","MEX_text107","writing",3,"Mexico"
"7486","MEX_text107","active_learning",1,"Mexico"
"7487","MEX_text108","active_listening",3,"Mexico"
"7488","MEX_text108","mathematics",8,"Mexico"
"7489","MEX_text108","reading_comprehension",3,"Mexico"
"7490","MEX_text108","science",28,"Mexico"
"7491","MEX_text108","speaking",1,"Mexico"
"7492","MEX_text108","writing",1,"Mexico"
"7493","MEX_text108","critical_thinking",2,"Mexico"
"7494","MEX_text108","learning_strategy",1,"Mexico"
"7495","MEX_text109","reading_comprehension",5,"Mexico"
"7496","MEX_text109","science",24,"Mexico"
"7497","MEX_text109","speaking",2,"Mexico"
"7498","MEX_text109","critical_thinking",4,"Mexico"
"7499","MEX_text109","learning_strategy",1,"Mexico"
"7500","MEX_text111","active_listening",5,"Mexico"
"7501","MEX_text111","reading_comprehension",3,"Mexico"
"7502","MEX_text111","science",35,"Mexico"
"7503","MEX_text111","critical_thinking",1,"Mexico"
"7504","MEX_text111","learning_strategy",1,"Mexico"
"7505","MEX_text111","monitoring",4,"Mexico"
"7506","MEX_text113","active_listening",1,"Mexico"
"7507","MEX_text113","science",22,"Mexico"
"7508","MEX_text113","monitoring",7,"Mexico"
"7509","MEX_text116","active_listening",1,"Mexico"
"7510","MEX_text116","mathematics",1,"Mexico"
"7511","MEX_text116","reading_comprehension",2,"Mexico"
"7512","MEX_text116","science",20,"Mexico"
"7513","MEX_text116","critical_thinking",2,"Mexico"
"7514","MEX_text117","active_listening",1,"Mexico"
"7515","MEX_text117","mathematics",23,"Mexico"
"7516","MEX_text117","reading_comprehension",4,"Mexico"
"7517","MEX_text117","science",15,"Mexico"
"7518","MEX_text117","speaking",5,"Mexico"
"7519","MEX_text117","writing",1,"Mexico"
"7520","MEX_text117","critical_thinking",1,"Mexico"
"7521","MEX_text117","learning_strategy",26,"Mexico"
"7522","MEX_text117","monitoring",2,"Mexico"
"7523","MEX_text128","reading_comprehension",1,"Mexico"
"7524","MEX_text128","science",12,"Mexico"
"7525","MEX_text128","speaking",1,"Mexico"
"7526","MEX_text128","active_learning",1,"Mexico"
"7527","MEX_text128","critical_thinking",4,"Mexico"
"7528","MEX_text128","learning_strategy",3,"Mexico"
"7529","MEX_text133","reading_comprehension",1,"Mexico"
"7530","MEX_text133","science",15,"Mexico"
"7531","MEX_text137","active_listening",1,"Mexico"
"7532","MEX_text137","reading_comprehension",1,"Mexico"
"7533","MEX_text137","science",3,"Mexico"
"7534","MEX_text137","active_learning",2,"Mexico"
"7535","MEX_text139","active_listening",2,"Mexico"
"7536","MEX_text139","reading_comprehension",4,"Mexico"
"7537","MEX_text139","science",31,"Mexico"
"7538","MEX_text139","speaking",1,"Mexico"
"7539","MEX_text139","writing",1,"Mexico"
"7540","MEX_text139","critical_thinking",1,"Mexico"
"7541","MEX_text139","learning_strategy",1,"Mexico"
"7542","MEX_text139","monitoring",3,"Mexico"
"7543","MEX_text140","active_listening",1,"Mexico"
"7544","MEX_text140","science",8,"Mexico"
"7545","MEX_text140","active_learning",1,"Mexico"
"7546","MEX_text140","critical_thinking",1,"Mexico"
"7547","MEX_text142","reading_comprehension",4,"Mexico"
"7548","MEX_text142","science",7,"Mexico"
"7549","MEX_text142","speaking",2,"Mexico"
"7550","MEX_text142","active_learning",1,"Mexico"
"7551","MEX_text142","learning_strategy",1,"Mexico"
"7552","MEX_text146","science",16,"Mexico"
"7553","MEX_text148","active_listening",2,"Mexico"
"7554","MEX_text148","reading_comprehension",3,"Mexico"
"7555","MEX_text148","science",11,"Mexico"
"7556","MEX_text148","speaking",1,"Mexico"
"7557","MEX_text148","monitoring",4,"Mexico"
"7558","MEX_text149","reading_comprehension",8,"Mexico"
"7559","MEX_text149","science",39,"Mexico"
"7560","MEX_text149","speaking",5,"Mexico"
"7561","MEX_text149","critical_thinking",2,"Mexico"
"7562","MEX_text149","learning_strategy",1,"Mexico"
"7563","MEX_text151","active_listening",1,"Mexico"
"7564","MEX_text151","science",18,"Mexico"
"7565","MEX_text151","speaking",16,"Mexico"
"7566","MEX_text153","active_listening",1,"Mexico"
"7567","MEX_text153","reading_comprehension",1,"Mexico"
"7568","MEX_text153","science",9,"Mexico"
"7569","MEX_text153","active_learning",1,"Mexico"
"7570","MEX_text154","reading_comprehension",1,"Mexico"
"7571","MEX_text154","science",17,"Mexico"
"7572","MEX_text154","speaking",1,"Mexico"
"7573","MEX_text154","learning_strategy",1,"Mexico"
"7574","MEX_text155","science",9,"Mexico"
"7575","MEX_text155","writing",1,"Mexico"
"7576","MEX_text156","active_listening",3,"Mexico"
"7577","MEX_text156","reading_comprehension",1,"Mexico"
"7578","MEX_text156","science",52,"Mexico"
"7579","MEX_text156","speaking",5,"Mexico"
"7580","MEX_text156","writing",1,"Mexico"
"7581","MEX_text156","active_learning",1,"Mexico"
"7582","MEX_text156","learning_strategy",2,"Mexico"
"7583","MEX_text156","monitoring",2,"Mexico"
"7584","MEX_text157","active_listening",2,"Mexico"
"7585","MEX_text157","science",9,"Mexico"
"7586","MEX_text157","speaking",1,"Mexico"
"7587","MEX_text157","learning_strategy",1,"Mexico"
"7588","MEX_text159","active_listening",1,"Mexico"
"7589","MEX_text159","reading_comprehension",2,"Mexico"
"7590","MEX_text159","science",20,"Mexico"
"7591","MEX_text161","reading_comprehension",2,"Mexico"
"7592","MEX_text161","science",24,"Mexico"
"7593","MEX_text161","speaking",2,"Mexico"
"7594","MEX_text161","active_learning",1,"Mexico"
"7595","MEX_text161","critical_thinking",2,"Mexico"
"7596","MEX_text174","active_listening",2,"Mexico"
"7597","MEX_text174","reading_comprehension",4,"Mexico"
"7598","MEX_text174","science",17,"Mexico"
"7599","MEX_text174","speaking",5,"Mexico"
"7600","MEX_text174","critical_thinking",1,"Mexico"
"7601","MEX_text174","learning_strategy",4,"Mexico"
"7602","MEX_text175","active_listening",1,"Mexico"
"7603","MEX_text175","reading_comprehension",1,"Mexico"
"7604","MEX_text175","science",22,"Mexico"
"7605","MEX_text175","speaking",3,"Mexico"
"7606","MEX_text175","critical_thinking",2,"Mexico"
"7607","MEX_text175","learning_strategy",1,"Mexico"
"7608","MEX_text176","active_listening",1,"Mexico"
"7609","MEX_text176","science",22,"Mexico"
"7610","MEX_text176","critical_thinking",1,"Mexico"
"7611","MEX_text177","active_listening",3,"Mexico"
"7612","MEX_text177","reading_comprehension",1,"Mexico"
"7613","MEX_text177","science",10,"Mexico"
"7614","MEX_text177","speaking",5,"Mexico"
"7615","MEX_text177","learning_strategy",6,"Mexico"
"7616","MEX_text177","monitoring",1,"Mexico"
"7617","MEX_text178","active_listening",1,"Mexico"
"7618","MEX_text178","reading_comprehension",1,"Mexico"
"7619","MEX_text178","science",17,"Mexico"
"7620","MEX_text178","speaking",1,"Mexico"
"7621","MEX_text178","critical_thinking",2,"Mexico"
"7622","MEX_text178","learning_strategy",1,"Mexico"
"7623","MEX_text178","monitoring",1,"Mexico"
"7624","MEX_text179","active_listening",2,"Mexico"
"7625","MEX_text179","reading_comprehension",5,"Mexico"
"7626","MEX_text179","science",36,"Mexico"
"7627","MEX_text179","speaking",4,"Mexico"
"7628","MEX_text179","learning_strategy",2,"Mexico"
"7629","MEX_text179","monitoring",1,"Mexico"
"7630","MEX_text180","active_listening",3,"Mexico"
"7631","MEX_text180","mathematics",1,"Mexico"
"7632","MEX_text180","reading_comprehension",1,"Mexico"
"7633","MEX_text180","science",11,"Mexico"
"7634","MEX_text180","active_learning",1,"Mexico"
"7635","MEX_text181","active_listening",2,"Mexico"
"7636","MEX_text181","science",9,"Mexico"
"7637","MEX_text181","critical_thinking",1,"Mexico"
"7638","MEX_text182","active_listening",2,"Mexico"
"7639","MEX_text182","reading_comprehension",6,"Mexico"
"7640","MEX_text182","science",12,"Mexico"
"7641","MEX_text182","speaking",1,"Mexico"
"7642","MEX_text182","critical_thinking",1,"Mexico"
"7643","MEX_text182","monitoring",2,"Mexico"
"7644","MEX_text183","active_listening",5,"Mexico"
"7645","MEX_text183","reading_comprehension",2,"Mexico"
"7646","MEX_text183","science",26,"Mexico"
"7647","MEX_text183","speaking",3,"Mexico"
"7648","MEX_text183","active_learning",10,"Mexico"
"7649","MEX_text183","critical_thinking",2,"Mexico"
"7650","MEX_text183","monitoring",1,"Mexico"
"7651","MEX_text184","active_listening",2,"Mexico"
"7652","MEX_text184","mathematics",1,"Mexico"
"7653","MEX_text184","reading_comprehension",1,"Mexico"
"7654","MEX_text184","science",14,"Mexico"
"7655","MEX_text184","critical_thinking",1,"Mexico"
"7656","MEX_text185","active_listening",1,"Mexico"
"7657","MEX_text185","reading_comprehension",1,"Mexico"
"7658","MEX_text185","science",20,"Mexico"
"7659","MEX_text185","writing",1,"Mexico"
"7660","MEX_text185","learning_strategy",2,"Mexico"
"7661","MEX_text186","active_listening",1,"Mexico"
"7662","MEX_text186","reading_comprehension",2,"Mexico"
"7663","MEX_text186","science",20,"Mexico"
"7664","MEX_text186","speaking",2,"Mexico"
"7665","MEX_text186","critical_thinking",1,"Mexico"
"7666","MEX_text187","active_listening",2,"Mexico"
"7667","MEX_text187","reading_comprehension",1,"Mexico"
"7668","MEX_text187","science",17,"Mexico"
"7669","MEX_text187","active_learning",1,"Mexico"
"7670","MEX_text187","critical_thinking",2,"Mexico"
"7671","MEX_text187","learning_strategy",2,"Mexico"
"7672","MEX_text190","active_listening",1,"Mexico"
"7673","MEX_text190","science",7,"Mexico"
"7674","MEX_text190","speaking",2,"Mexico"
"7675","MEX_text190","critical_thinking",3,"Mexico"
"7676","MEX_text191","active_listening",1,"Mexico"
"7677","MEX_text191","science",23,"Mexico"
"7678","MEX_text192","active_listening",2,"Mexico"
"7679","MEX_text192","reading_comprehension",3,"Mexico"
"7680","MEX_text192","science",26,"Mexico"
"7681","MEX_text192","speaking",1,"Mexico"
"7682","MEX_text192","learning_strategy",1,"Mexico"
"7683","MEX_text193","active_listening",1,"Mexico"
"7684","MEX_text193","reading_comprehension",1,"Mexico"
"7685","MEX_text193","science",16,"Mexico"
"7686","MEX_text193","speaking",3,"Mexico"
"7687","MEX_text193","active_learning",1,"Mexico"
"7688","MEX_text193","monitoring",2,"Mexico"
"7689","MEX_text194","active_listening",1,"Mexico"
"7690","MEX_text194","science",10,"Mexico"
"7691","MEX_text194","speaking",1,"Mexico"
"7692","MEX_text194","active_learning",3,"Mexico"
"7693","MEX_text194","learning_strategy",2,"Mexico"
"7694","MEX_text195","active_listening",2,"Mexico"
"7695","MEX_text195","reading_comprehension",1,"Mexico"
"7696","MEX_text195","science",11,"Mexico"
"7697","MEX_text195","critical_thinking",1,"Mexico"
"7698","MEX_text195","learning_strategy",1,"Mexico"
"7699","MEX_text196","active_listening",1,"Mexico"
"7700","MEX_text196","science",13,"Mexico"
"7701","MEX_text196","critical_thinking",1,"Mexico"
"7702","MEX_text196","learning_strategy",1,"Mexico"
"7703","MEX_text197","active_listening",1,"Mexico"
"7704","MEX_text197","reading_comprehension",2,"Mexico"
"7705","MEX_text197","science",6,"Mexico"
"7706","MEX_text197","speaking",1,"Mexico"
"7707","MEX_text197","active_learning",1,"Mexico"
"7708","MEX_text197","critical_thinking",2,"Mexico"
"7709","MEX_text197","learning_strategy",4,"Mexico"
"7710","MEX_text199","reading_comprehension",35,"Mexico"
"7711","MEX_text199","science",12,"Mexico"
"7712","MEX_text199","speaking",1,"Mexico"
"7713","MEX_text199","learning_strategy",2,"Mexico"
"7714","MEX_text200","mathematics",3,"Mexico"
"7715","MEX_text200","science",1,"Mexico"
"7716","MEX_text200","learning_strategy",5,"Mexico"
"7717","MEX_text201","active_listening",3,"Mexico"
"7718","MEX_text201","science",50,"Mexico"
"7719","MEX_text201","active_learning",2,"Mexico"
"7720","MEX_text202","active_listening",7,"Mexico"
"7721","MEX_text202","science",38,"Mexico"
"7722","MEX_text202","active_learning",2,"Mexico"
"7723","MEX_text202","monitoring",2,"Mexico"
"7724","MEX_text203","reading_comprehension",1,"Mexico"
"7725","MEX_text203","science",15,"Mexico"
"7726","MEX_text203","learning_strategy",1,"Mexico"
"7727","MEX_text204","active_listening",7,"Mexico"
"7728","MEX_text204","science",51,"Mexico"
"7729","MEX_text204","active_learning",1,"Mexico"
"7730","MEX_text204","critical_thinking",1,"Mexico"
"7731","MEX_text204","learning_strategy",4,"Mexico"
"7732","MEX_text204","monitoring",3,"Mexico"
"7733","MEX_text205","active_listening",1,"Mexico"
"7734","MEX_text205","science",61,"Mexico"
"7735","MEX_text205","speaking",3,"Mexico"
"7736","MEX_text205","active_learning",2,"Mexico"
"7737","MEX_text205","critical_thinking",1,"Mexico"
"7738","MEX_text206","reading_comprehension",1,"Mexico"
"7739","MEX_text206","science",3,"Mexico"
"7740","MEX_text206","active_learning",1,"Mexico"
"7741","MEX_text207","science",1,"Mexico"
"7742","MEX_text208","active_listening",3,"Mexico"
"7743","MEX_text208","reading_comprehension",2,"Mexico"
"7744","MEX_text208","science",36,"Mexico"
"7745","MEX_text208","speaking",2,"Mexico"
"7746","MEX_text208","writing",1,"Mexico"
"7747","MEX_text208","active_learning",1,"Mexico"
"7748","MEX_text209","active_listening",1,"Mexico"
"7749","MEX_text209","reading_comprehension",3,"Mexico"
"7750","MEX_text209","science",17,"Mexico"
"7751","MEX_text209","learning_strategy",2,"Mexico"
"7752","MEX_text210","active_listening",1,"Mexico"
"7753","MEX_text210","reading_comprehension",2,"Mexico"
"7754","MEX_text210","science",10,"Mexico"
"7755","MEX_text210","critical_thinking",3,"Mexico"
"7756","MEX_text210","learning_strategy",6,"Mexico"
"7757","MEX_text211","reading_comprehension",1,"Mexico"
"7758","MEX_text211","science",6,"Mexico"
"7759","MEX_text211","learning_strategy",1,"Mexico"
"7760","MEX_text212","reading_comprehension",1,"Mexico"
"7761","MEX_text212","science",6,"Mexico"
"7762","MEX_text212","active_learning",2,"Mexico"
"7763","MEX_text212","learning_strategy",7,"Mexico"
"7764","MEX_text213","active_listening",1,"Mexico"
"7765","MEX_text213","reading_comprehension",2,"Mexico"
"7766","MEX_text213","science",11,"Mexico"
"7767","MEX_text213","learning_strategy",6,"Mexico"
"7768","MEX_text213","monitoring",1,"Mexico"
"7769","MEX_text214","active_listening",7,"Mexico"
"7770","MEX_text214","reading_comprehension",2,"Mexico"
"7771","MEX_text214","science",87,"Mexico"
"7772","MEX_text214","speaking",2,"Mexico"
"7773","MEX_text214","active_learning",6,"Mexico"
"7774","MEX_text214","critical_thinking",2,"Mexico"
"7775","MEX_text214","learning_strategy",5,"Mexico"
"7776","MEX_text214","monitoring",1,"Mexico"
"7777","MEX_text215","learning_strategy",7,"Mexico"
"7778","MEX_text216","active_listening",1,"Mexico"
"7779","MEX_text216","science",7,"Mexico"
"7780","MEX_text216","learning_strategy",1,"Mexico"
"7781","MEX_text216","monitoring",1,"Mexico"
"7782","MEX_text217","science",1,"Mexico"
"7783","MEX_text218","active_listening",1,"Mexico"
"7784","MEX_text218","science",2,"Mexico"
"7785","MEX_text218","speaking",1,"Mexico"
"7786","MEX_text219","active_listening",5,"Mexico"
"7787","MEX_text219","reading_comprehension",19,"Mexico"
"7788","MEX_text219","science",10,"Mexico"
"7789","MEX_text219","speaking",4,"Mexico"
"7790","MEX_text219","writing",4,"Mexico"
"7791","MEX_text219","learning_strategy",30,"Mexico"
"7792","MEX_text220","science",7,"Mexico"
"7793","MEX_text221","science",10,"Mexico"
"7794","MEX_text221","learning_strategy",1,"Mexico"
"7795","MEX_text221","monitoring",3,"Mexico"
"7796","MEX_text222","active_listening",1,"Mexico"
"7797","MEX_text222","reading_comprehension",1,"Mexico"
"7798","MEX_text222","science",14,"Mexico"
"7799","MEX_text222","critical_thinking",1,"Mexico"
"7800","MEX_text222","learning_strategy",7,"Mexico"
"7801","MEX_text223","active_listening",1,"Mexico"
"7802","MEX_text223","reading_comprehension",1,"Mexico"
"7803","MEX_text223","science",7,"Mexico"
"7804","MEX_text223","speaking",1,"Mexico"
"7805","MEX_text223","active_learning",1,"Mexico"
"7806","MEX_text223","learning_strategy",7,"Mexico"
"7807","MEX_text223","monitoring",1,"Mexico"
"7808","MEX_text224","active_listening",2,"Mexico"
"7809","MEX_text224","reading_comprehension",1,"Mexico"
"7810","MEX_text224","science",10,"Mexico"
"7811","MEX_text224","critical_thinking",1,"Mexico"
"7812","MEX_text224","learning_strategy",3,"Mexico"
"7813","MEX_text225","active_listening",1,"Mexico"
"7814","MEX_text225","science",1,"Mexico"
"7815","MEX_text225","learning_strategy",3,"Mexico"
"7816","MEX_text226","active_listening",3,"Mexico"
"7817","MEX_text226","reading_comprehension",1,"Mexico"
"7818","MEX_text226","science",17,"Mexico"
"7819","MEX_text226","speaking",6,"Mexico"
"7820","MEX_text226","critical_thinking",1,"Mexico"
"7821","MEX_text226","learning_strategy",3,"Mexico"
"7822","MEX_text226","monitoring",1,"Mexico"
"7823","MEX_text227","active_listening",2,"Mexico"
"7824","MEX_text227","science",6,"Mexico"
"7825","MEX_text227","active_learning",1,"Mexico"
"7826","MEX_text227","learning_strategy",3,"Mexico"
"7827","MEX_text228","science",17,"Mexico"
"7828","MEX_text228","active_learning",1,"Mexico"
"7829","MEX_text228","critical_thinking",1,"Mexico"
"7830","MEX_text228","learning_strategy",2,"Mexico"
"7831","MEX_text228","monitoring",1,"Mexico"
"7832","MEX_text229","active_listening",2,"Mexico"
"7833","MEX_text229","science",17,"Mexico"
"7834","MEX_text229","learning_strategy",7,"Mexico"
"7835","MEX_text229","monitoring",1,"Mexico"
"7836","MEX_text230","reading_comprehension",1,"Mexico"
"7837","MEX_text230","science",64,"Mexico"
"7838","MEX_text230","speaking",1,"Mexico"
"7839","MEX_text230","active_learning",1,"Mexico"
"7840","MEX_text230","critical_thinking",1,"Mexico"
"7841","MEX_text230","learning_strategy",1,"Mexico"
"7842","MEX_text231","science",12,"Mexico"
"7843","MEX_text231","monitoring",1,"Mexico"
"7844","MEX_text232","science",10,"Mexico"
"7845","MEX_text233","active_learning",1,"Mexico"
"7846","MEX_text234","science",8,"Mexico"
"7847","MEX_text235","active_listening",2,"Mexico"
"7848","MEX_text235","reading_comprehension",9,"Mexico"
"7849","MEX_text235","science",5,"Mexico"
"7850","MEX_text235","learning_strategy",5,"Mexico"
"7851","MEX_text236","active_listening",2,"Mexico"
"7852","MEX_text236","reading_comprehension",3,"Mexico"
"7853","MEX_text236","science",13,"Mexico"
"7854","MEX_text236","speaking",1,"Mexico"
"7855","MEX_text236","writing",1,"Mexico"
"7856","MEX_text236","active_learning",2,"Mexico"
"7857","MEX_text236","critical_thinking",2,"Mexico"
"7858","MEX_text237","science",5,"Mexico"
"7859","MEX_text238","active_listening",2,"Mexico"
"7860","MEX_text238","science",3,"Mexico"
"7861","MEX_text238","speaking",1,"Mexico"
"7862","MEX_text238","active_learning",1,"Mexico"
"7863","MEX_text238","critical_thinking",1,"Mexico"
"7864","MEX_text238","learning_strategy",2,"Mexico"
"7865","MEX_text239","active_listening",1,"Mexico"
"7866","MEX_text239","reading_comprehension",9,"Mexico"
"7867","MEX_text239","science",12,"Mexico"
"7868","MEX_text239","speaking",1,"Mexico"
"7869","MEX_text239","critical_thinking",5,"Mexico"
"7870","MEX_text239","learning_strategy",13,"Mexico"
"7871","MEX_text239","monitoring",2,"Mexico"
"7872","MEX_text240","science",6,"Mexico"
"7873","MEX_text241","active_listening",3,"Mexico"
"7874","MEX_text241","reading_comprehension",2,"Mexico"
"7875","MEX_text241","science",59,"Mexico"
"7876","MEX_text241","speaking",3,"Mexico"
"7877","MEX_text241","writing",2,"Mexico"
"7878","MEX_text241","active_learning",1,"Mexico"
"7879","MEX_text241","critical_thinking",1,"Mexico"
"7880","MEX_text241","learning_strategy",3,"Mexico"
"7881","MEX_text241","monitoring",1,"Mexico"
"7882","MEX_text242","active_listening",2,"Mexico"
"7883","MEX_text242","reading_comprehension",7,"Mexico"
"7884","MEX_text242","science",90,"Mexico"
"7885","MEX_text242","speaking",25,"Mexico"
"7886","MEX_text242","writing",5,"Mexico"
"7887","MEX_text242","critical_thinking",4,"Mexico"
"7888","MEX_text242","learning_strategy",6,"Mexico"
"7889","MEX_text242","monitoring",1,"Mexico"
"7890","MEX_text243","active_listening",7,"Mexico"
"7891","MEX_text243","reading_comprehension",4,"Mexico"
"7892","MEX_text243","science",55,"Mexico"
"7893","MEX_text243","speaking",21,"Mexico"
"7894","MEX_text243","writing",4,"Mexico"
"7895","MEX_text243","active_learning",3,"Mexico"
"7896","MEX_text243","learning_strategy",9,"Mexico"
"7897","MEX_text244","active_listening",1,"Mexico"
"7898","MEX_text244","reading_comprehension",5,"Mexico"
"7899","MEX_text244","science",67,"Mexico"
"7900","MEX_text244","speaking",13,"Mexico"
"7901","MEX_text244","critical_thinking",1,"Mexico"
"7902","MEX_text244","learning_strategy",9,"Mexico"
"7903","MEX_text244","monitoring",1,"Mexico"
"7904","MEX_text245","active_listening",1,"Mexico"
"7905","MEX_text245","reading_comprehension",5,"Mexico"
"7906","MEX_text245","science",67,"Mexico"
"7907","MEX_text245","speaking",13,"Mexico"
"7908","MEX_text245","critical_thinking",1,"Mexico"
"7909","MEX_text245","learning_strategy",9,"Mexico"
"7910","MEX_text245","monitoring",1,"Mexico"
"7911","MEX_text246","active_listening",4,"Mexico"
"7912","MEX_text246","reading_comprehension",4,"Mexico"
"7913","MEX_text246","science",86,"Mexico"
"7914","MEX_text246","speaking",31,"Mexico"
"7915","MEX_text246","writing",6,"Mexico"
"7916","MEX_text246","active_learning",1,"Mexico"
"7917","MEX_text246","critical_thinking",4,"Mexico"
"7918","MEX_text246","learning_strategy",20,"Mexico"
"7919","MEX_text247","active_listening",4,"Mexico"
"7920","MEX_text247","reading_comprehension",4,"Mexico"
"7921","MEX_text247","science",86,"Mexico"
"7922","MEX_text247","speaking",31,"Mexico"
"7923","MEX_text247","writing",6,"Mexico"
"7924","MEX_text247","active_learning",1,"Mexico"
"7925","MEX_text247","critical_thinking",4,"Mexico"
"7926","MEX_text247","learning_strategy",20,"Mexico"
"7927","MEX_text248","active_listening",4,"Mexico"
"7928","MEX_text248","reading_comprehension",4,"Mexico"
"7929","MEX_text248","science",86,"Mexico"
"7930","MEX_text248","speaking",31,"Mexico"
"7931","MEX_text248","writing",6,"Mexico"
"7932","MEX_text248","active_learning",1,"Mexico"
"7933","MEX_text248","critical_thinking",4,"Mexico"
"7934","MEX_text248","learning_strategy",20,"Mexico"
"7935","MEX_text249","active_listening",4,"Mexico"
"7936","MEX_text249","reading_comprehension",6,"Mexico"
"7937","MEX_text249","science",70,"Mexico"
"7938","MEX_text249","speaking",20,"Mexico"
"7939","MEX_text249","writing",7,"Mexico"
"7940","MEX_text249","active_learning",1,"Mexico"
"7941","MEX_text249","learning_strategy",6,"Mexico"
"7942","MEX_text249","monitoring",3,"Mexico"
"7943","MEX_text250","active_listening",2,"Mexico"
"7944","MEX_text250","reading_comprehension",3,"Mexico"
"7945","MEX_text250","science",107,"Mexico"
"7946","MEX_text250","speaking",42,"Mexico"
"7947","MEX_text250","writing",4,"Mexico"
"7948","MEX_text250","active_learning",2,"Mexico"
"7949","MEX_text250","learning_strategy",14,"Mexico"
"7950","MEX_text250","monitoring",2,"Mexico"
"7951","MEX_text251","active_listening",2,"Mexico"
"7952","MEX_text251","reading_comprehension",3,"Mexico"
"7953","MEX_text251","science",107,"Mexico"
"7954","MEX_text251","speaking",42,"Mexico"
"7955","MEX_text251","writing",4,"Mexico"
"7956","MEX_text251","active_learning",2,"Mexico"
"7957","MEX_text251","learning_strategy",14,"Mexico"
"7958","MEX_text251","monitoring",2,"Mexico"
"7959","MEX_text252","reading_comprehension",2,"Mexico"
"7960","MEX_text252","science",55,"Mexico"
"7961","MEX_text252","speaking",10,"Mexico"
"7962","MEX_text252","writing",1,"Mexico"
"7963","MEX_text252","critical_thinking",1,"Mexico"
"7964","MEX_text252","learning_strategy",5,"Mexico"
"7965","MEX_text253","active_listening",1,"Mexico"
"7966","MEX_text253","reading_comprehension",2,"Mexico"
"7967","MEX_text253","science",10,"Mexico"
"7968","MEX_text253","speaking",3,"Mexico"
"7969","MEX_text253","active_learning",1,"Mexico"
"7970","MEX_text253","learning_strategy",4,"Mexico"
"7971","MEX_text254","reading_comprehension",3,"Mexico"
"7972","MEX_text254","science",158,"Mexico"
"7973","MEX_text254","speaking",1,"Mexico"
"7974","MEX_text254","writing",4,"Mexico"
"7975","MEX_text254","active_learning",1,"Mexico"
"7976","MEX_text254","critical_thinking",1,"Mexico"
"7977","MEX_text254","learning_strategy",5,"Mexico"
"7978","MEX_text254","monitoring",1,"Mexico"
"7979","MEX_text255","active_listening",2,"Mexico"
"7980","MEX_text255","reading_comprehension",5,"Mexico"
"7981","MEX_text255","science",123,"Mexico"
"7982","MEX_text255","speaking",20,"Mexico"
"7983","MEX_text255","writing",2,"Mexico"
"7984","MEX_text255","active_learning",3,"Mexico"
"7985","MEX_text255","learning_strategy",4,"Mexico"
"7986","MEX_text255","monitoring",2,"Mexico"
"7987","MEX_text256","active_listening",2,"Mexico"
"7988","MEX_text256","reading_comprehension",5,"Mexico"
"7989","MEX_text256","science",123,"Mexico"
"7990","MEX_text256","speaking",20,"Mexico"
"7991","MEX_text256","writing",2,"Mexico"
"7992","MEX_text256","active_learning",3,"Mexico"
"7993","MEX_text256","learning_strategy",4,"Mexico"
"7994","MEX_text256","monitoring",2,"Mexico"
"7995","MEX_text257","active_listening",6,"Mexico"
"7996","MEX_text257","science",62,"Mexico"
"7997","MEX_text257","speaking",5,"Mexico"
"7998","MEX_text257","writing",5,"Mexico"
"7999","MEX_text257","active_learning",1,"Mexico"
"8000","MEX_text257","learning_strategy",13,"Mexico"
"8001","MEX_text257","monitoring",1,"Mexico"
"8002","MEX_text258","active_listening",6,"Mexico"
"8003","MEX_text258","science",62,"Mexico"
"8004","MEX_text258","speaking",5,"Mexico"
"8005","MEX_text258","writing",5,"Mexico"
"8006","MEX_text258","active_learning",1,"Mexico"
"8007","MEX_text258","learning_strategy",13,"Mexico"
"8008","MEX_text258","monitoring",1,"Mexico"
"8009","MEX_text259","active_listening",1,"Mexico"
"8010","MEX_text259","mathematics",11,"Mexico"
"8011","MEX_text259","science",133,"Mexico"
"8012","MEX_text259","speaking",18,"Mexico"
"8013","MEX_text259","writing",10,"Mexico"
"8014","MEX_text259","active_learning",1,"Mexico"
"8015","MEX_text259","critical_thinking",5,"Mexico"
"8016","MEX_text259","learning_strategy",13,"Mexico"
"8017","MEX_text260","active_listening",1,"Mexico"
"8018","MEX_text260","mathematics",9,"Mexico"
"8019","MEX_text260","science",135,"Mexico"
"8020","MEX_text260","speaking",4,"Mexico"
"8021","MEX_text260","writing",3,"Mexico"
"8022","MEX_text260","active_learning",1,"Mexico"
"8023","MEX_text260","learning_strategy",11,"Mexico"
"8024","MEX_text261","active_listening",1,"Mexico"
"8025","MEX_text261","mathematics",9,"Mexico"
"8026","MEX_text261","science",135,"Mexico"
"8027","MEX_text261","speaking",4,"Mexico"
"8028","MEX_text261","writing",3,"Mexico"
"8029","MEX_text261","active_learning",1,"Mexico"
"8030","MEX_text261","learning_strategy",11,"Mexico"
"8031","MEX_text262","science",88,"Mexico"
"8032","MEX_text262","speaking",18,"Mexico"
"8033","MEX_text262","writing",9,"Mexico"
"8034","MEX_text262","critical_thinking",1,"Mexico"
"8035","MEX_text262","learning_strategy",7,"Mexico"
"8036","MEX_text262","monitoring",3,"Mexico"
"8037","MEX_text263","science",88,"Mexico"
"8038","MEX_text263","speaking",18,"Mexico"
"8039","MEX_text263","writing",9,"Mexico"
"8040","MEX_text263","critical_thinking",1,"Mexico"
"8041","MEX_text263","learning_strategy",7,"Mexico"
"8042","MEX_text263","monitoring",3,"Mexico"
"8043","MEX_text264","active_listening",1,"Mexico"
"8044","MEX_text264","reading_comprehension",3,"Mexico"
"8045","MEX_text264","science",38,"Mexico"
"8046","MEX_text264","speaking",8,"Mexico"
"8047","MEX_text264","writing",3,"Mexico"
"8048","MEX_text264","learning_strategy",8,"Mexico"
"8049","MEX_text265","science",119,"Mexico"
"8050","MEX_text265","speaking",15,"Mexico"
"8051","MEX_text265","writing",10,"Mexico"
"8052","MEX_text265","critical_thinking",1,"Mexico"
"8053","MEX_text265","learning_strategy",5,"Mexico"
"8054","MEX_text265","monitoring",1,"Mexico"
"8055","MEX_text266","science",119,"Mexico"
"8056","MEX_text266","speaking",15,"Mexico"
"8057","MEX_text266","writing",10,"Mexico"
"8058","MEX_text266","critical_thinking",1,"Mexico"
"8059","MEX_text266","learning_strategy",5,"Mexico"
"8060","MEX_text266","monitoring",1,"Mexico"
"8061","MEX_text267","science",128,"Mexico"
"8062","MEX_text267","speaking",15,"Mexico"
"8063","MEX_text267","writing",3,"Mexico"
"8064","MEX_text267","active_learning",1,"Mexico"
"8065","MEX_text267","learning_strategy",7,"Mexico"
"8066","MEX_text267","monitoring",2,"Mexico"
"8067","MEX_text268","science",128,"Mexico"
"8068","MEX_text268","speaking",15,"Mexico"
"8069","MEX_text268","writing",3,"Mexico"
"8070","MEX_text268","active_learning",1,"Mexico"
"8071","MEX_text268","learning_strategy",7,"Mexico"
"8072","MEX_text268","monitoring",2,"Mexico"
"8073","MEX_text269","active_listening",1,"Mexico"
"8074","MEX_text269","reading_comprehension",8,"Mexico"
"8075","MEX_text269","science",101,"Mexico"
"8076","MEX_text269","speaking",21,"Mexico"
"8077","MEX_text269","writing",13,"Mexico"
"8078","MEX_text269","learning_strategy",2,"Mexico"
"8079","MEX_text270","active_listening",2,"Mexico"
"8080","MEX_text270","reading_comprehension",8,"Mexico"
"8081","MEX_text270","science",41,"Mexico"
"8082","MEX_text270","speaking",24,"Mexico"
"8083","MEX_text270","writing",9,"Mexico"
"8084","MEX_text270","active_learning",1,"Mexico"
"8085","MEX_text270","learning_strategy",12,"Mexico"
"8086","MEX_text270","monitoring",1,"Mexico"
"8087","MEX_text271","active_listening",2,"Mexico"
"8088","MEX_text271","reading_comprehension",8,"Mexico"
"8089","MEX_text271","science",41,"Mexico"
"8090","MEX_text271","speaking",24,"Mexico"
"8091","MEX_text271","writing",9,"Mexico"
"8092","MEX_text271","active_learning",1,"Mexico"
"8093","MEX_text271","learning_strategy",12,"Mexico"
"8094","MEX_text271","monitoring",1,"Mexico"
"8095","MEX_text272","reading_comprehension",1,"Mexico"
"8096","MEX_text272","science",49,"Mexico"
"8097","MEX_text272","speaking",8,"Mexico"
"8098","MEX_text272","writing",3,"Mexico"
"8099","MEX_text272","learning_strategy",4,"Mexico"
"8100","MEX_text272","monitoring",3,"Mexico"
"8101","MEX_text273","reading_comprehension",1,"Mexico"
"8102","MEX_text273","science",49,"Mexico"
"8103","MEX_text273","speaking",8,"Mexico"
"8104","MEX_text273","writing",3,"Mexico"
"8105","MEX_text273","learning_strategy",4,"Mexico"
"8106","MEX_text273","monitoring",3,"Mexico"
"8107","MEX_text274","reading_comprehension",1,"Mexico"
"8108","MEX_text274","science",30,"Mexico"
"8109","MEX_text274","writing",1,"Mexico"
"8110","MEX_text274","learning_strategy",2,"Mexico"
"8111","MEX_text275","reading_comprehension",11,"Mexico"
"8112","MEX_text275","science",78,"Mexico"
"8113","MEX_text275","speaking",28,"Mexico"
"8114","MEX_text275","writing",3,"Mexico"
"8115","MEX_text275","critical_thinking",2,"Mexico"
"8116","MEX_text275","learning_strategy",11,"Mexico"
"8117","MEX_text275","monitoring",3,"Mexico"
"8118","MEX_text276","active_listening",1,"Mexico"
"8119","MEX_text276","reading_comprehension",1,"Mexico"
"8120","MEX_text276","science",57,"Mexico"
"8121","MEX_text276","speaking",2,"Mexico"
"8122","MEX_text276","writing",2,"Mexico"
"8123","MEX_text276","active_learning",1,"Mexico"
"8124","MEX_text276","critical_thinking",2,"Mexico"
"8125","MEX_text276","learning_strategy",8,"Mexico"
"8126","MEX_text276","monitoring",3,"Mexico"
"8127","MEX_text277","active_listening",11,"Mexico"
"8128","MEX_text277","reading_comprehension",15,"Mexico"
"8129","MEX_text277","science",132,"Mexico"
"8130","MEX_text277","speaking",7,"Mexico"
"8131","MEX_text277","writing",4,"Mexico"
"8132","MEX_text277","active_learning",4,"Mexico"
"8133","MEX_text277","critical_thinking",7,"Mexico"
"8134","MEX_text277","learning_strategy",4,"Mexico"
"8135","MEX_text277","monitoring",2,"Mexico"
"8136","MEX_text278","active_listening",1,"Mexico"
"8137","MEX_text278","reading_comprehension",11,"Mexico"
"8138","MEX_text278","science",22,"Mexico"
"8139","MEX_text278","speaking",10,"Mexico"
"8140","MEX_text278","writing",1,"Mexico"
"8141","MEX_text278","active_learning",2,"Mexico"
"8142","MEX_text278","critical_thinking",1,"Mexico"
"8143","MEX_text278","learning_strategy",5,"Mexico"
"8144","MEX_text278","monitoring",2,"Mexico"
"8145","MEX_text279","active_listening",5,"Mexico"
"8146","MEX_text279","reading_comprehension",6,"Mexico"
"8147","MEX_text279","science",12,"Mexico"
"8148","MEX_text279","speaking",9,"Mexico"
"8149","MEX_text279","writing",3,"Mexico"
"8150","MEX_text279","critical_thinking",2,"Mexico"
"8151","MEX_text279","learning_strategy",5,"Mexico"
"8152","MEX_text280","reading_comprehension",1,"Mexico"
"8153","MEX_text280","science",146,"Mexico"
"8154","MEX_text280","speaking",20,"Mexico"
"8155","MEX_text280","writing",6,"Mexico"
"8156","MEX_text280","active_learning",1,"Mexico"
"8157","MEX_text280","learning_strategy",6,"Mexico"
"8158","MEX_text280","monitoring",1,"Mexico"
"8159","MEX_text281","active_listening",1,"Mexico"
"8160","MEX_text281","reading_comprehension",6,"Mexico"
"8161","MEX_text281","science",110,"Mexico"
"8162","MEX_text281","speaking",15,"Mexico"
"8163","MEX_text281","active_learning",1,"Mexico"
"8164","MEX_text281","learning_strategy",10,"Mexico"
"8165","MEX_text282","active_listening",1,"Mexico"
"8166","MEX_text282","reading_comprehension",1,"Mexico"
"8167","MEX_text282","science",78,"Mexico"
"8168","MEX_text282","speaking",2,"Mexico"
"8169","MEX_text282","writing",1,"Mexico"
"8170","MEX_text282","critical_thinking",1,"Mexico"
"8171","MEX_text282","learning_strategy",3,"Mexico"
"8172","MEX_text283","active_listening",1,"Mexico"
"8173","MEX_text283","reading_comprehension",1,"Mexico"
"8174","MEX_text283","science",104,"Mexico"
"8175","MEX_text283","speaking",2,"Mexico"
"8176","MEX_text283","writing",1,"Mexico"
"8177","MEX_text283","critical_thinking",1,"Mexico"
"8178","MEX_text283","learning_strategy",6,"Mexico"
"8179","MEX_text284","active_listening",2,"Mexico"
"8180","MEX_text284","reading_comprehension",6,"Mexico"
"8181","MEX_text284","science",33,"Mexico"
"8182","MEX_text284","speaking",19,"Mexico"
"8183","MEX_text284","writing",4,"Mexico"
"8184","MEX_text284","critical_thinking",1,"Mexico"
"8185","MEX_text284","learning_strategy",7,"Mexico"
"8186","MEX_text284","monitoring",1,"Mexico"
"8187","MEX_text285","active_listening",1,"Mexico"
"8188","MEX_text285","reading_comprehension",6,"Mexico"
"8189","MEX_text285","science",21,"Mexico"
"8190","MEX_text285","speaking",32,"Mexico"
"8191","MEX_text285","critical_thinking",1,"Mexico"
"8192","MEX_text285","learning_strategy",12,"Mexico"
"8193","MEX_text285","monitoring",2,"Mexico"
"8194","MEX_text286","reading_comprehension",11,"Mexico"
"8195","MEX_text286","science",78,"Mexico"
"8196","MEX_text286","speaking",28,"Mexico"
"8197","MEX_text286","writing",3,"Mexico"
"8198","MEX_text286","critical_thinking",2,"Mexico"
"8199","MEX_text286","learning_strategy",11,"Mexico"
"8200","MEX_text286","monitoring",3,"Mexico"
"8201","MEX_text287","active_listening",3,"Mexico"
"8202","MEX_text287","reading_comprehension",5,"Mexico"
"8203","MEX_text287","science",92,"Mexico"
"8204","MEX_text287","speaking",24,"Mexico"
"8205","MEX_text287","writing",8,"Mexico"
"8206","MEX_text287","active_learning",1,"Mexico"
"8207","MEX_text287","learning_strategy",7,"Mexico"
"8208","MEX_text288","active_listening",3,"Mexico"
"8209","MEX_text288","reading_comprehension",5,"Mexico"
"8210","MEX_text288","science",92,"Mexico"
"8211","MEX_text288","speaking",24,"Mexico"
"8212","MEX_text288","writing",8,"Mexico"
"8213","MEX_text288","active_learning",1,"Mexico"
"8214","MEX_text288","learning_strategy",7,"Mexico"
"8215","MEX_text289","reading_comprehension",11,"Mexico"
"8216","MEX_text289","science",155,"Mexico"
"8217","MEX_text289","speaking",24,"Mexico"
"8218","MEX_text289","writing",4,"Mexico"
"8219","MEX_text289","active_learning",2,"Mexico"
"8220","MEX_text289","learning_strategy",11,"Mexico"
"8221","MEX_text290","reading_comprehension",11,"Mexico"
"8222","MEX_text290","science",155,"Mexico"
"8223","MEX_text290","speaking",24,"Mexico"
"8224","MEX_text290","writing",4,"Mexico"
"8225","MEX_text290","active_learning",2,"Mexico"
"8226","MEX_text290","learning_strategy",11,"Mexico"
"8227","MEX_text291","active_listening",2,"Mexico"
"8228","MEX_text291","mathematics",7,"Mexico"
"8229","MEX_text291","reading_comprehension",8,"Mexico"
"8230","MEX_text291","science",134,"Mexico"
"8231","MEX_text291","speaking",42,"Mexico"
"8232","MEX_text291","writing",4,"Mexico"
"8233","MEX_text291","active_learning",2,"Mexico"
"8234","MEX_text291","critical_thinking",3,"Mexico"
"8235","MEX_text291","learning_strategy",33,"Mexico"
"8236","MEX_text292","active_listening",2,"Mexico"
"8237","MEX_text292","mathematics",7,"Mexico"
"8238","MEX_text292","reading_comprehension",8,"Mexico"
"8239","MEX_text292","science",134,"Mexico"
"8240","MEX_text292","speaking",42,"Mexico"
"8241","MEX_text292","writing",4,"Mexico"
"8242","MEX_text292","active_learning",2,"Mexico"
"8243","MEX_text292","critical_thinking",3,"Mexico"
"8244","MEX_text292","learning_strategy",33,"Mexico"
"8245","MEX_text293","active_listening",1,"Mexico"
"8246","MEX_text293","reading_comprehension",5,"Mexico"
"8247","MEX_text293","science",33,"Mexico"
"8248","MEX_text293","speaking",52,"Mexico"
"8249","MEX_text293","active_learning",1,"Mexico"
"8250","MEX_text293","learning_strategy",12,"Mexico"
"8251","MEX_text294","active_listening",2,"Mexico"
"8252","MEX_text294","reading_comprehension",4,"Mexico"
"8253","MEX_text294","science",45,"Mexico"
"8254","MEX_text294","speaking",9,"Mexico"
"8255","MEX_text294","writing",4,"Mexico"
"8256","MEX_text294","active_learning",2,"Mexico"
"8257","MEX_text294","learning_strategy",6,"Mexico"
"8258","MEX_text295","mathematics",1,"Mexico"
"8259","MEX_text295","reading_comprehension",1,"Mexico"
"8260","MEX_text295","science",78,"Mexico"
"8261","MEX_text295","speaking",15,"Mexico"
"8262","MEX_text295","writing",8,"Mexico"
"8263","MEX_text295","learning_strategy",5,"Mexico"
"8264","MEX_text295","monitoring",2,"Mexico"
"8265","MEX_text296","mathematics",1,"Mexico"
"8266","MEX_text296","reading_comprehension",1,"Mexico"
"8267","MEX_text296","science",78,"Mexico"
"8268","MEX_text296","speaking",15,"Mexico"
"8269","MEX_text296","writing",8,"Mexico"
"8270","MEX_text296","learning_strategy",5,"Mexico"
"8271","MEX_text296","monitoring",2,"Mexico"
"8272","MEX_text297","active_listening",1,"Mexico"
"8273","MEX_text297","reading_comprehension",11,"Mexico"
"8274","MEX_text297","science",84,"Mexico"
"8275","MEX_text297","speaking",20,"Mexico"
"8276","MEX_text297","writing",8,"Mexico"
"8277","MEX_text297","learning_strategy",3,"Mexico"
"8278","MEX_text297","monitoring",1,"Mexico"
"8279","MEX_text298","active_listening",1,"Mexico"
"8280","MEX_text298","reading_comprehension",4,"Mexico"
"8281","MEX_text298","science",87,"Mexico"
"8282","MEX_text298","speaking",1,"Mexico"
"8283","MEX_text298","learning_strategy",2,"Mexico"
"8284","MEX_text299","active_listening",4,"Mexico"
"8285","MEX_text299","reading_comprehension",11,"Mexico"
"8286","MEX_text299","science",61,"Mexico"
"8287","MEX_text299","speaking",18,"Mexico"
"8288","MEX_text299","critical_thinking",2,"Mexico"
"8289","MEX_text299","learning_strategy",16,"Mexico"
"8290","MEX_text299","monitoring",8,"Mexico"
"8291","MEX_text300","active_listening",4,"Mexico"
"8292","MEX_text300","reading_comprehension",11,"Mexico"
"8293","MEX_text300","science",61,"Mexico"
"8294","MEX_text300","speaking",18,"Mexico"
"8295","MEX_text300","critical_thinking",2,"Mexico"
"8296","MEX_text300","learning_strategy",16,"Mexico"
"8297","MEX_text300","monitoring",8,"Mexico"
"8298","MEX_text301","reading_comprehension",2,"Mexico"
"8299","MEX_text301","science",66,"Mexico"
"8300","MEX_text301","speaking",6,"Mexico"
"8301","MEX_text301","writing",1,"Mexico"
"8302","MEX_text301","critical_thinking",1,"Mexico"
"8303","MEX_text301","learning_strategy",4,"Mexico"
"8304","MEX_text302","active_listening",1,"Mexico"
"8305","MEX_text302","mathematics",1,"Mexico"
"8306","MEX_text302","reading_comprehension",4,"Mexico"
"8307","MEX_text302","science",89,"Mexico"
"8308","MEX_text302","speaking",27,"Mexico"
"8309","MEX_text302","writing",2,"Mexico"
"8310","MEX_text302","learning_strategy",8,"Mexico"
"8311","MEX_text303","active_listening",1,"Mexico"
"8312","MEX_text303","mathematics",1,"Mexico"
"8313","MEX_text303","reading_comprehension",4,"Mexico"
"8314","MEX_text303","science",89,"Mexico"
"8315","MEX_text303","speaking",27,"Mexico"
"8316","MEX_text303","writing",2,"Mexico"
"8317","MEX_text303","learning_strategy",8,"Mexico"
"8318","MEX_text304","reading_comprehension",4,"Mexico"
"8319","MEX_text304","science",86,"Mexico"
"8320","MEX_text304","speaking",29,"Mexico"
"8321","MEX_text304","writing",2,"Mexico"
"8322","MEX_text304","learning_strategy",8,"Mexico"
"8323","MEX_text305","reading_comprehension",4,"Mexico"
"8324","MEX_text305","science",86,"Mexico"
"8325","MEX_text305","speaking",29,"Mexico"
"8326","MEX_text305","writing",2,"Mexico"
"8327","MEX_text305","learning_strategy",8,"Mexico"
"8328","MEX_text306","reading_comprehension",4,"Mexico"
"8329","MEX_text306","science",90,"Mexico"
"8330","MEX_text306","speaking",27,"Mexico"
"8331","MEX_text306","writing",2,"Mexico"
"8332","MEX_text306","learning_strategy",8,"Mexico"
"8333","MEX_text307","reading_comprehension",4,"Mexico"
"8334","MEX_text307","science",90,"Mexico"
"8335","MEX_text307","speaking",27,"Mexico"
"8336","MEX_text307","writing",2,"Mexico"
"8337","MEX_text307","learning_strategy",8,"Mexico"
"8338","MEX_text308","active_listening",5,"Mexico"
"8339","MEX_text308","reading_comprehension",8,"Mexico"
"8340","MEX_text308","science",67,"Mexico"
"8341","MEX_text308","speaking",18,"Mexico"
"8342","MEX_text308","writing",5,"Mexico"
"8343","MEX_text308","active_learning",6,"Mexico"
"8344","MEX_text308","critical_thinking",2,"Mexico"
"8345","MEX_text308","learning_strategy",7,"Mexico"
"8346","MEX_text309","active_listening",1,"Mexico"
"8347","MEX_text309","reading_comprehension",6,"Mexico"
"8348","MEX_text309","science",94,"Mexico"
"8349","MEX_text309","speaking",45,"Mexico"
"8350","MEX_text309","writing",3,"Mexico"
"8351","MEX_text309","learning_strategy",11,"Mexico"
"8352","MEX_text310","active_listening",1,"Mexico"
"8353","MEX_text310","reading_comprehension",6,"Mexico"
"8354","MEX_text310","science",94,"Mexico"
"8355","MEX_text310","speaking",45,"Mexico"
"8356","MEX_text310","writing",3,"Mexico"
"8357","MEX_text310","learning_strategy",11,"Mexico"
"8358","MEX_text311","science",4,"Mexico"
"8359","MEX_text312","science",4,"Mexico"
"8360","MEX_text313","reading_comprehension",4,"Mexico"
"8361","MEX_text313","science",85,"Mexico"
"8362","MEX_text313","speaking",27,"Mexico"
"8363","MEX_text313","writing",2,"Mexico"
"8364","MEX_text313","learning_strategy",7,"Mexico"
"8365","MEX_text314","reading_comprehension",4,"Mexico"
"8366","MEX_text314","science",85,"Mexico"
"8367","MEX_text314","speaking",27,"Mexico"
"8368","MEX_text314","writing",2,"Mexico"
"8369","MEX_text314","learning_strategy",7,"Mexico"
"8370","MEX_text315","reading_comprehension",7,"Mexico"
"8371","MEX_text315","science",105,"Mexico"
"8372","MEX_text315","speaking",8,"Mexico"
"8373","MEX_text315","active_learning",3,"Mexico"
"8374","MEX_text315","critical_thinking",2,"Mexico"
"8375","MEX_text315","learning_strategy",17,"Mexico"
"8376","MEX_text315","monitoring",6,"Mexico"
"8377","MEX_text316","reading_comprehension",7,"Mexico"
"8378","MEX_text316","science",105,"Mexico"
"8379","MEX_text316","speaking",8,"Mexico"
"8380","MEX_text316","active_learning",3,"Mexico"
"8381","MEX_text316","critical_thinking",2,"Mexico"
"8382","MEX_text316","learning_strategy",17,"Mexico"
"8383","MEX_text316","monitoring",6,"Mexico"
"8384","MEX_text317","active_listening",6,"Mexico"
"8385","MEX_text317","reading_comprehension",4,"Mexico"
"8386","MEX_text317","science",174,"Mexico"
"8387","MEX_text317","speaking",15,"Mexico"
"8388","MEX_text317","writing",2,"Mexico"
"8389","MEX_text317","active_learning",4,"Mexico"
"8390","MEX_text317","critical_thinking",2,"Mexico"
"8391","MEX_text317","learning_strategy",11,"Mexico"
"8392","MEX_text318","active_listening",6,"Mexico"
"8393","MEX_text318","reading_comprehension",4,"Mexico"
"8394","MEX_text318","science",174,"Mexico"
"8395","MEX_text318","speaking",15,"Mexico"
"8396","MEX_text318","writing",2,"Mexico"
"8397","MEX_text318","active_learning",4,"Mexico"
"8398","MEX_text318","critical_thinking",2,"Mexico"
"8399","MEX_text318","learning_strategy",11,"Mexico"
"8400","MEX_text319","active_listening",2,"Mexico"
"8401","MEX_text319","reading_comprehension",4,"Mexico"
"8402","MEX_text319","science",130,"Mexico"
"8403","MEX_text319","speaking",11,"Mexico"
"8404","MEX_text319","writing",2,"Mexico"
"8405","MEX_text319","active_learning",2,"Mexico"
"8406","MEX_text319","critical_thinking",1,"Mexico"
"8407","MEX_text319","learning_strategy",8,"Mexico"
"8408","MEX_text319","monitoring",2,"Mexico"
"8409","MEX_text320","reading_comprehension",7,"Mexico"
"8410","MEX_text320","science",37,"Mexico"
"8411","MEX_text320","speaking",24,"Mexico"
"8412","MEX_text320","writing",2,"Mexico"
"8413","MEX_text320","active_learning",1,"Mexico"
"8414","MEX_text320","critical_thinking",4,"Mexico"
"8415","MEX_text320","learning_strategy",7,"Mexico"
"8416","MEX_text320","monitoring",1,"Mexico"
"8417","MEX_text321","reading_comprehension",6,"Mexico"
"8418","MEX_text321","science",83,"Mexico"
"8419","MEX_text321","speaking",3,"Mexico"
"8420","MEX_text321","critical_thinking",3,"Mexico"
"8421","MEX_text321","learning_strategy",7,"Mexico"
"8422","MEX_text321","monitoring",3,"Mexico"
"8423","MEX_text322","active_listening",4,"Mexico"
"8424","MEX_text322","reading_comprehension",4,"Mexico"
"8425","MEX_text322","science",42,"Mexico"
"8426","MEX_text322","speaking",17,"Mexico"
"8427","MEX_text322","writing",1,"Mexico"
"8428","MEX_text322","learning_strategy",10,"Mexico"
"8429","MEX_text323","active_listening",4,"Mexico"
"8430","MEX_text323","reading_comprehension",4,"Mexico"
"8431","MEX_text323","science",42,"Mexico"
"8432","MEX_text323","speaking",17,"Mexico"
"8433","MEX_text323","writing",1,"Mexico"
"8434","MEX_text323","learning_strategy",10,"Mexico"
"8435","MEX_text324","active_listening",2,"Mexico"
"8436","MEX_text324","reading_comprehension",1,"Mexico"
"8437","MEX_text324","science",160,"Mexico"
"8438","MEX_text324","speaking",26,"Mexico"
"8439","MEX_text324","writing",6,"Mexico"
"8440","MEX_text324","active_learning",1,"Mexico"
"8441","MEX_text324","learning_strategy",11,"Mexico"
"8442","MEX_text325","active_listening",2,"Mexico"
"8443","MEX_text325","reading_comprehension",1,"Mexico"
"8444","MEX_text325","science",160,"Mexico"
"8445","MEX_text325","speaking",26,"Mexico"
"8446","MEX_text325","writing",6,"Mexico"
"8447","MEX_text325","active_learning",1,"Mexico"
"8448","MEX_text325","learning_strategy",11,"Mexico"
"8449","MEX_text326","active_listening",3,"Mexico"
"8450","MEX_text326","reading_comprehension",8,"Mexico"
"8451","MEX_text326","science",62,"Mexico"
"8452","MEX_text326","speaking",3,"Mexico"
"8453","MEX_text326","writing",9,"Mexico"
"8454","MEX_text326","active_learning",1,"Mexico"
"8455","MEX_text326","critical_thinking",3,"Mexico"
"8456","MEX_text326","learning_strategy",10,"Mexico"
"8457","MEX_text326","monitoring",1,"Mexico"
"8458","MEX_text327","active_listening",1,"Mexico"
"8459","MEX_text327","reading_comprehension",6,"Mexico"
"8460","MEX_text327","science",85,"Mexico"
"8461","MEX_text327","speaking",44,"Mexico"
"8462","MEX_text327","writing",4,"Mexico"
"8463","MEX_text327","active_learning",2,"Mexico"
"8464","MEX_text327","learning_strategy",6,"Mexico"
"8465","MEX_text327","monitoring",2,"Mexico"
"8466","MEX_text328","active_listening",1,"Mexico"
"8467","MEX_text328","reading_comprehension",10,"Mexico"
"8468","MEX_text328","science",187,"Mexico"
"8469","MEX_text328","speaking",17,"Mexico"
"8470","MEX_text328","writing",2,"Mexico"
"8471","MEX_text328","active_learning",1,"Mexico"
"8472","MEX_text328","critical_thinking",2,"Mexico"
"8473","MEX_text328","learning_strategy",6,"Mexico"
"8474","MEX_text330","active_listening",2,"Mexico"
"8475","MEX_text330","reading_comprehension",2,"Mexico"
"8476","MEX_text330","science",29,"Mexico"
"8477","MEX_text330","speaking",4,"Mexico"
"8478","MEX_text330","writing",2,"Mexico"
"8479","MEX_text330","active_learning",3,"Mexico"
"8480","MEX_text330","learning_strategy",1,"Mexico"
"8481","MEX_text333","reading_comprehension",6,"Mexico"
"8482","MEX_text333","science",71,"Mexico"
"8483","MEX_text333","speaking",15,"Mexico"
"8484","MEX_text333","writing",2,"Mexico"
"8485","MEX_text333","active_learning",1,"Mexico"
"8486","MEX_text333","learning_strategy",8,"Mexico"
"8487","MEX_text334","reading_comprehension",6,"Mexico"
"8488","MEX_text334","science",71,"Mexico"
"8489","MEX_text334","speaking",15,"Mexico"
"8490","MEX_text334","writing",2,"Mexico"
"8491","MEX_text334","active_learning",1,"Mexico"
"8492","MEX_text334","learning_strategy",8,"Mexico"
"8493","MEX_text336","active_listening",1,"Mexico"
"8494","MEX_text336","science",18,"Mexico"
"8495","MEX_text336","speaking",1,"Mexico"
"8496","MEX_text336","critical_thinking",1,"Mexico"
"8497","MEX_text337","active_listening",1,"Mexico"
"8498","MEX_text337","mathematics",13,"Mexico"
"8499","MEX_text337","science",16,"Mexico"
"8500","MEX_text337","speaking",3,"Mexico"
"8501","MEX_text337","learning_strategy",6,"Mexico"
"8502","MEX_text337","monitoring",1,"Mexico"
"8503","MEX_text338","reading_comprehension",1,"Mexico"
"8504","MEX_text338","science",10,"Mexico"
"8505","MEX_text338","speaking",2,"Mexico"
"8506","MEX_text338","writing",1,"Mexico"
"8507","MEX_text338","critical_thinking",1,"Mexico"
"8508","MEX_text338","learning_strategy",1,"Mexico"
"8509","MEX_text339","science",5,"Mexico"
"8510","MEX_text339","speaking",1,"Mexico"
"8511","MEX_text339","critical_thinking",2,"Mexico"
"8512","MEX_text339","learning_strategy",1,"Mexico"
"8513","MEX_text340","mathematics",2,"Mexico"
"8514","MEX_text340","science",8,"Mexico"
"8515","MEX_text340","speaking",2,"Mexico"
"8516","MEX_text340","learning_strategy",2,"Mexico"
"8517","MEX_text341","active_listening",1,"Mexico"
"8518","MEX_text341","reading_comprehension",2,"Mexico"
"8519","MEX_text341","science",20,"Mexico"
"8520","MEX_text341","speaking",1,"Mexico"
"8521","MEX_text341","writing",1,"Mexico"
"8522","MEX_text341","active_learning",2,"Mexico"
"8523","MEX_text342","active_listening",1,"Mexico"
"8524","MEX_text342","reading_comprehension",1,"Mexico"
"8525","MEX_text342","science",9,"Mexico"
"8526","MEX_text342","speaking",2,"Mexico"
"8527","MEX_text342","learning_strategy",1,"Mexico"
"8528","MEX_text343","reading_comprehension",3,"Mexico"
"8529","MEX_text343","science",2,"Mexico"
"8530","MEX_text343","learning_strategy",2,"Mexico"
"8531","MEX_text344","active_listening",1,"Mexico"
"8532","MEX_text344","science",10,"Mexico"
"8533","MEX_text344","speaking",1,"Mexico"
"8534","MEX_text344","learning_strategy",1,"Mexico"
"8535","MEX_text345","science",14,"Mexico"
"8536","MEX_text346","science",8,"Mexico"
"8537","MEX_text346","active_learning",1,"Mexico"
"8538","MEX_text347","science",2,"Mexico"
"8539","MEX_text347","speaking",1,"Mexico"
"8540","MEX_text348","reading_comprehension",3,"Mexico"
"8541","MEX_text348","science",44,"Mexico"
"8542","MEX_text348","speaking",1,"Mexico"
"8543","MEX_text348","writing",2,"Mexico"
"8544","MEX_text348","active_learning",1,"Mexico"
"8545","MEX_text349","active_listening",1,"Mexico"
"8546","MEX_text349","reading_comprehension",1,"Mexico"
"8547","MEX_text349","science",2,"Mexico"
"8548","MEX_text349","speaking",3,"Mexico"
"8549","MEX_text349","critical_thinking",3,"Mexico"
"8550","MEX_text349","learning_strategy",2,"Mexico"
"8551","MEX_text349","monitoring",1,"Mexico"
"8552","MEX_text350","reading_comprehension",3,"Mexico"
"8553","MEX_text350","science",12,"Mexico"
"8554","MEX_text350","speaking",1,"Mexico"
"8555","MEX_text350","learning_strategy",3,"Mexico"
"8556","MEX_text351","science",3,"Mexico"
"8557","MEX_text351","speaking",2,"Mexico"
"8558","MEX_text351","learning_strategy",1,"Mexico"
"8559","MEX_text351","monitoring",1,"Mexico"
"8560","MEX_text352","science",3,"Mexico"
"8561","MEX_text353","science",5,"Mexico"
"8562","MEX_text353","critical_thinking",1,"Mexico"
"8563","MEX_text354","science",1,"Mexico"
"8564","MEX_text355","science",9,"Mexico"
"8565","MEX_text355","monitoring",1,"Mexico"
"8566","MEX_text356","science",5,"Mexico"
"8567","MEX_text356","learning_strategy",1,"Mexico"
"8568","MEX_text357","science",5,"Mexico"
"8569","MEX_text358","active_listening",1,"Mexico"
"8570","MEX_text358","science",19,"Mexico"
"8571","MEX_text358","speaking",5,"Mexico"
"8572","MEX_text358","critical_thinking",3,"Mexico"
"8573","MEX_text359","science",2,"Mexico"
"8574","MEX_text359","critical_thinking",2,"Mexico"
"8575","MEX_text360","mathematics",2,"Mexico"
"8576","MEX_text360","reading_comprehension",1,"Mexico"
"8577","MEX_text360","science",1,"Mexico"
"8578","MEX_text361","active_listening",2,"Mexico"
"8579","MEX_text361","reading_comprehension",7,"Mexico"
"8580","MEX_text361","science",7,"Mexico"
"8581","MEX_text361","speaking",1,"Mexico"
"8582","MEX_text361","active_learning",1,"Mexico"
"8583","MEX_text361","learning_strategy",1,"Mexico"
"8584","MEX_text362","active_listening",2,"Mexico"
"8585","MEX_text362","science",1,"Mexico"
"8586","MEX_text362","active_learning",1,"Mexico"
"8587","MEX_text363","reading_comprehension",1,"Mexico"
"8588","MEX_text363","science",2,"Mexico"
"8589","MEX_text363","writing",1,"Mexico"
"8590","MEX_text364","science",4,"Mexico"
"8591","MEX_text364","critical_thinking",1,"Mexico"
"8592","MEX_text365","science",9,"Mexico"
"8593","MEX_text366","mathematics",1,"Mexico"
"8594","MEX_text366","reading_comprehension",1,"Mexico"
"8595","MEX_text366","science",9,"Mexico"
"8596","MEX_text366","speaking",8,"Mexico"
"8597","MEX_text367","reading_comprehension",1,"Mexico"
"8598","MEX_text367","science",24,"Mexico"
"8599","MEX_text367","critical_thinking",1,"Mexico"
"8600","MEX_text368","science",13,"Mexico"
"8601","MEX_text368","critical_thinking",1,"Mexico"
"8602","MEX_text369","science",16,"Mexico"
"8603","MEX_text369","critical_thinking",1,"Mexico"
"8604","MEX_text369","learning_strategy",2,"Mexico"
"8605","MEX_text369","monitoring",1,"Mexico"
"8606","MEX_text370","science",21,"Mexico"
"8607","MEX_text370","learning_strategy",1,"Mexico"
"8608","MEX_text371","reading_comprehension",1,"Mexico"
"8609","MEX_text371","science",25,"Mexico"
"8610","MEX_text371","critical_thinking",1,"Mexico"
"8611","MEX_text371","monitoring",1,"Mexico"
"8612","MEX_text372","active_listening",3,"Mexico"
"8613","MEX_text372","science",14,"Mexico"
"8614","MEX_text372","active_learning",2,"Mexico"
"8615","MEX_text372","learning_strategy",1,"Mexico"
"8616","MEX_text373","active_listening",2,"Mexico"
"8617","MEX_text373","science",31,"Mexico"
"8618","MEX_text373","active_learning",2,"Mexico"
"8619","MEX_text374","active_listening",2,"Mexico"
"8620","MEX_text374","reading_comprehension",9,"Mexico"
"8621","MEX_text374","science",32,"Mexico"
"8622","MEX_text374","speaking",1,"Mexico"
"8623","MEX_text374","writing",2,"Mexico"
"8624","MEX_text374","learning_strategy",1,"Mexico"
"8625","MEX_text374","monitoring",3,"Mexico"
"8626","MEX_text375","reading_comprehension",8,"Mexico"
"8627","MEX_text375","science",7,"Mexico"
"8628","MEX_text375","speaking",1,"Mexico"
"8629","MEX_text375","active_learning",1,"Mexico"
"8630","MEX_text376","reading_comprehension",14,"Mexico"
"8631","MEX_text376","science",9,"Mexico"
"8632","MEX_text376","speaking",3,"Mexico"
"8633","MEX_text377","reading_comprehension",10,"Mexico"
"8634","MEX_text377","science",19,"Mexico"
"8635","MEX_text377","speaking",1,"Mexico"
"8636","MEX_text377","writing",1,"Mexico"
"8637","MEX_text377","learning_strategy",1,"Mexico"
"8638","MEX_text377","monitoring",2,"Mexico"
"8639","MEX_text378","active_listening",1,"Mexico"
"8640","MEX_text378","reading_comprehension",8,"Mexico"
"8641","MEX_text378","science",32,"Mexico"
"8642","MEX_text378","active_learning",1,"Mexico"
"8643","MEX_text378","monitoring",1,"Mexico"
"8644","MEX_text379","reading_comprehension",10,"Mexico"
"8645","MEX_text379","science",16,"Mexico"
"8646","MEX_text379","learning_strategy",2,"Mexico"
"8647","MEX_text379","monitoring",1,"Mexico"
"8648","MEX_text380","reading_comprehension",8,"Mexico"
"8649","MEX_text380","science",15,"Mexico"
"8650","MEX_text380","speaking",1,"Mexico"
"8651","MEX_text380","critical_thinking",2,"Mexico"
"8652","MEX_text380","learning_strategy",2,"Mexico"
"8653","MEX_text380","monitoring",1,"Mexico"
"8654","MEX_text381","reading_comprehension",7,"Mexico"
"8655","MEX_text381","science",43,"Mexico"
"8656","MEX_text381","speaking",1,"Mexico"
"8657","MEX_text381","monitoring",1,"Mexico"
"8658","MEX_text382","reading_comprehension",12,"Mexico"
"8659","MEX_text382","science",46,"Mexico"
"8660","MEX_text382","learning_strategy",1,"Mexico"
"8661","MEX_text383","active_listening",3,"Mexico"
"8662","MEX_text383","reading_comprehension",11,"Mexico"
"8663","MEX_text383","science",55,"Mexico"
"8664","MEX_text383","writing",1,"Mexico"
"8665","MEX_text383","critical_thinking",5,"Mexico"
"8666","MEX_text383","monitoring",2,"Mexico"
"8667","MEX_text384","reading_comprehension",12,"Mexico"
"8668","MEX_text384","science",25,"Mexico"
"8669","MEX_text384","active_learning",1,"Mexico"
"8670","MEX_text385","active_listening",1,"Mexico"
"8671","MEX_text385","reading_comprehension",13,"Mexico"
"8672","MEX_text385","science",49,"Mexico"
"8673","MEX_text385","monitoring",1,"Mexico"
"8674","MEX_text386","active_listening",3,"Mexico"
"8675","MEX_text386","reading_comprehension",11,"Mexico"
"8676","MEX_text386","science",48,"Mexico"
"8677","MEX_text386","writing",1,"Mexico"
"8678","MEX_text386","critical_thinking",5,"Mexico"
"8679","MEX_text386","learning_strategy",1,"Mexico"
"8680","MEX_text386","monitoring",3,"Mexico"
"8681","MEX_text387","active_listening",1,"Mexico"
"8682","MEX_text387","reading_comprehension",8,"Mexico"
"8683","MEX_text387","science",16,"Mexico"
"8684","MEX_text387","speaking",1,"Mexico"
"8685","MEX_text388","active_listening",2,"Mexico"
"8686","MEX_text388","reading_comprehension",14,"Mexico"
"8687","MEX_text388","science",46,"Mexico"
"8688","MEX_text388","speaking",1,"Mexico"
"8689","MEX_text388","writing",1,"Mexico"
"8690","MEX_text388","critical_thinking",2,"Mexico"
"8691","MEX_text388","monitoring",2,"Mexico"
"8692","MEX_text389","reading_comprehension",9,"Mexico"
"8693","MEX_text389","science",21,"Mexico"
"8694","MEX_text389","speaking",1,"Mexico"
"8695","MEX_text389","learning_strategy",3,"Mexico"
"8696","MEX_text390","active_listening",2,"Mexico"
"8697","MEX_text390","reading_comprehension",10,"Mexico"
"8698","MEX_text390","science",11,"Mexico"
"8699","MEX_text390","writing",1,"Mexico"
"8700","MEX_text390","active_learning",1,"Mexico"
"8701","MEX_text390","critical_thinking",3,"Mexico"
"8702","MEX_text391","active_listening",1,"Mexico"
"8703","MEX_text391","reading_comprehension",10,"Mexico"
"8704","MEX_text391","science",36,"Mexico"
"8705","MEX_text391","writing",1,"Mexico"
"8706","MEX_text392","active_listening",2,"Mexico"
"8707","MEX_text392","reading_comprehension",16,"Mexico"
"8708","MEX_text392","science",72,"Mexico"
"8709","MEX_text392","speaking",2,"Mexico"
"8710","MEX_text392","writing",1,"Mexico"
"8711","MEX_text392","critical_thinking",8,"Mexico"
"8712","MEX_text393","reading_comprehension",8,"Mexico"
"8713","MEX_text393","science",4,"Mexico"
"8714","MEX_text393","writing",1,"Mexico"
"8715","MEX_text393","critical_thinking",1,"Mexico"
"8716","MEX_text394","active_listening",2,"Mexico"
"8717","MEX_text394","reading_comprehension",15,"Mexico"
"8718","MEX_text394","science",62,"Mexico"
"8719","MEX_text394","speaking",1,"Mexico"
"8720","MEX_text394","writing",2,"Mexico"
"8721","MEX_text394","critical_thinking",8,"Mexico"
"8722","MEX_text395","reading_comprehension",15,"Mexico"
"8723","MEX_text395","science",18,"Mexico"
"8724","MEX_text395","speaking",2,"Mexico"
"8725","MEX_text395","writing",2,"Mexico"
"8726","MEX_text395","learning_strategy",1,"Mexico"
"8727","MEX_text395","monitoring",1,"Mexico"
"8728","MEX_text396","active_listening",2,"Mexico"
"8729","MEX_text396","reading_comprehension",6,"Mexico"
"8730","MEX_text396","science",32,"Mexico"
"8731","MEX_text396","writing",1,"Mexico"
"8732","MEX_text396","critical_thinking",1,"Mexico"
"8733","MEX_text396","learning_strategy",1,"Mexico"
"8734","MEX_text397","active_listening",1,"Mexico"
"8735","MEX_text397","mathematics",1,"Mexico"
"8736","MEX_text397","reading_comprehension",10,"Mexico"
"8737","MEX_text397","science",65,"Mexico"
"8738","MEX_text398","active_listening",1,"Mexico"
"8739","MEX_text398","reading_comprehension",11,"Mexico"
"8740","MEX_text398","science",12,"Mexico"
"8741","MEX_text398","active_learning",1,"Mexico"
"8742","MEX_text398","critical_thinking",1,"Mexico"
"8743","MEX_text399","reading_comprehension",10,"Mexico"
"8744","MEX_text399","science",9,"Mexico"
"8745","MEX_text399","speaking",2,"Mexico"
"8746","MEX_text399","learning_strategy",1,"Mexico"
"8747","MEX_text400","active_listening",1,"Mexico"
"8748","MEX_text400","reading_comprehension",7,"Mexico"
"8749","MEX_text400","science",22,"Mexico"
"8750","MEX_text400","speaking",1,"Mexico"
"8751","MEX_text400","critical_thinking",2,"Mexico"
"8752","MEX_text400","learning_strategy",4,"Mexico"
"8753","MEX_text401","active_listening",1,"Mexico"
"8754","MEX_text401","reading_comprehension",9,"Mexico"
"8755","MEX_text401","science",45,"Mexico"
"8756","MEX_text401","writing",1,"Mexico"
"8757","MEX_text402","reading_comprehension",10,"Mexico"
"8758","MEX_text402","science",25,"Mexico"
"8759","MEX_text402","speaking",1,"Mexico"
"8760","MEX_text402","writing",1,"Mexico"
"8761","MEX_text402","learning_strategy",1,"Mexico"
"8762","MEX_text403","reading_comprehension",8,"Mexico"
"8763","MEX_text403","science",7,"Mexico"
"8764","MEX_text403","speaking",1,"Mexico"
"8765","MEX_text403","learning_strategy",2,"Mexico"
"8766","MEX_text404","active_listening",1,"Mexico"
"8767","MEX_text404","reading_comprehension",11,"Mexico"
"8768","MEX_text404","science",32,"Mexico"
"8769","MEX_text404","writing",1,"Mexico"
"8770","MEX_text404","learning_strategy",3,"Mexico"
"8771","MEX_text404","monitoring",3,"Mexico"
"8772","MEX_text405","active_listening",1,"Mexico"
"8773","MEX_text405","reading_comprehension",7,"Mexico"
"8774","MEX_text405","science",10,"Mexico"
"8775","MEX_text405","speaking",2,"Mexico"
"8776","MEX_text405","learning_strategy",6,"Mexico"
"8777","MEX_text405","monitoring",2,"Mexico"
"8778","MEX_text406","reading_comprehension",8,"Mexico"
"8779","MEX_text406","science",20,"Mexico"
"8780","MEX_text406","writing",1,"Mexico"
"8781","MEX_text406","monitoring",2,"Mexico"
"8782","MEX_text407","science",7,"Mexico"
"8783","MEX_text407","speaking",2,"Mexico"
"8784","MEX_text407","writing",1,"Mexico"
"8785","MEX_text407","critical_thinking",1,"Mexico"
"8786","MEX_text408","science",7,"Mexico"
"8787","MEX_text409","science",4,"Mexico"
"8788","MEX_text409","speaking",1,"Mexico"
"8789","MEX_text410","reading_comprehension",2,"Mexico"
"8790","MEX_text410","science",6,"Mexico"
"8791","MEX_text410","speaking",2,"Mexico"
"8792","MEX_text410","monitoring",1,"Mexico"
"8793","MEX_text411","science",17,"Mexico"
"8794","MEX_text412","science",14,"Mexico"
"8795","MEX_text413","science",21,"Mexico"
"8796","MEX_text414","science",16,"Mexico"
"8797","MEX_text415","reading_comprehension",1,"Mexico"
"8798","MEX_text415","science",36,"Mexico"
"8799","MEX_text415","speaking",2,"Mexico"
"8800","MEX_text415","writing",1,"Mexico"
"8801","MEX_text416","active_listening",1,"Mexico"
"8802","MEX_text416","science",17,"Mexico"
"8803","MEX_text416","speaking",1,"Mexico"
"8804","MEX_text417","science",18,"Mexico"
"8805","MEX_text417","learning_strategy",1,"Mexico"
"8806","MEX_text418","science",9,"Mexico"
"8807","MEX_text418","active_learning",1,"Mexico"
"8808","MEX_text419","active_listening",1,"Mexico"
"8809","MEX_text419","reading_comprehension",1,"Mexico"
"8810","MEX_text419","science",23,"Mexico"
"8811","MEX_text419","learning_strategy",1,"Mexico"
"8812","MEX_text420","science",11,"Mexico"
"8813","MEX_text421","active_listening",2,"Mexico"
"8814","MEX_text421","science",21,"Mexico"
"8815","MEX_text422","science",25,"Mexico"
"8816","MEX_text422","speaking",1,"Mexico"
"8817","MEX_text423","science",17,"Mexico"
"8818","MEX_text424","active_listening",1,"Mexico"
"8819","MEX_text424","science",21,"Mexico"
"8820","MEX_text425","science",16,"Mexico"
"8821","MEX_text425","speaking",1,"Mexico"
"8822","MEX_text425","writing",1,"Mexico"
"8823","MEX_text426","science",13,"Mexico"
"8824","MEX_text426","active_learning",1,"Mexico"
"8825","MEX_text427","science",16,"Mexico"
"8826","MEX_text427","writing",1,"Mexico"
"8827","MEX_text428","science",17,"Mexico"
"8828","MEX_text429","active_listening",1,"Mexico"
"8829","MEX_text429","reading_comprehension",1,"Mexico"
"8830","MEX_text429","science",7,"Mexico"
"8831","MEX_text429","critical_thinking",2,"Mexico"
"8832","MEX_text430","active_listening",3,"Mexico"
"8833","MEX_text430","science",20,"Mexico"
"8834","MEX_text431","science",22,"Mexico"
"8835","MEX_text431","learning_strategy",1,"Mexico"
"8836","MEX_text432","science",20,"Mexico"
"8837","MEX_text432","critical_thinking",2,"Mexico"
"8838","MEX_text433","science",7,"Mexico"
"8839","MEX_text433","learning_strategy",1,"Mexico"
"8840","MEX_text433","monitoring",1,"Mexico"
"8841","MEX_text434","science",7,"Mexico"
"8842","MEX_text434","speaking",1,"Mexico"
"8843","MEX_text434","critical_thinking",2,"Mexico"
"8844","MEX_text434","monitoring",1,"Mexico"
"8845","MEX_text435","science",1,"Mexico"
"8846","MEX_text436","active_listening",1,"Mexico"
"8847","MEX_text436","reading_comprehension",1,"Mexico"
"8848","MEX_text436","science",13,"Mexico"
"8849","MEX_text436","speaking",1,"Mexico"
"8850","MEX_text437","active_listening",1,"Mexico"
"8851","MEX_text437","science",7,"Mexico"
"8852","MEX_text438","science",6,"Mexico"
"8853","MEX_text439","science",78,"Mexico"
"8854","MEX_text439","speaking",2,"Mexico"
"8855","MEX_text439","active_learning",1,"Mexico"
"8856","MEX_text440","active_listening",1,"Mexico"
"8857","MEX_text440","science",77,"Mexico"
"8858","MEX_text440","speaking",4,"Mexico"
"8859","MEX_text440","monitoring",2,"Mexico"
"8860","MEX_text441","mathematics",1,"Mexico"
"8861","MEX_text441","reading_comprehension",2,"Mexico"
"8862","MEX_text441","science",75,"Mexico"
"8863","MEX_text441","speaking",2,"Mexico"
"8864","MEX_text442","active_listening",4,"Mexico"
"8865","MEX_text442","science",55,"Mexico"
"8866","MEX_text442","speaking",2,"Mexico"
"8867","MEX_text442","critical_thinking",4,"Mexico"
"8868","MEX_text443","science",9,"Mexico"
"8869","MEX_text443","speaking",3,"Mexico"
"8870","MEX_text443","active_learning",1,"Mexico"
"8871","MEX_text443","critical_thinking",1,"Mexico"
"8872","MEX_text444","science",12,"Mexico"
"8873","MEX_text444","speaking",3,"Mexico"
"8874","MEX_text445","mathematics",1,"Mexico"
"8875","MEX_text445","science",28,"Mexico"
"8876","MEX_text445","speaking",3,"Mexico"
"8877","MEX_text446","critical_thinking",1,"Mexico"
"8878","MEX_text447","active_listening",4,"Mexico"
"8879","MEX_text447","science",55,"Mexico"
"8880","MEX_text447","speaking",2,"Mexico"
"8881","MEX_text447","critical_thinking",4,"Mexico"
"8882","MEX_text448","active_listening",1,"Mexico"
"8883","MEX_text448","science",77,"Mexico"
"8884","MEX_text448","speaking",1,"Mexico"
"8885","MEX_text448","active_learning",1,"Mexico"
"8886","MEX_text448","critical_thinking",2,"Mexico"
"8887","MEX_text449","science",88,"Mexico"
"8888","MEX_text449","speaking",2,"Mexico"
"8889","MEX_text449","learning_strategy",4,"Mexico"
"8890","MEX_text450","science",88,"Mexico"
"8891","MEX_text450","speaking",2,"Mexico"
"8892","MEX_text450","learning_strategy",4,"Mexico"
"8893","MEX_text451","science",88,"Mexico"
"8894","MEX_text451","speaking",2,"Mexico"
"8895","MEX_text451","learning_strategy",4,"Mexico"
"8896","MEX_text452","active_listening",1,"Mexico"
"8897","MEX_text452","science",78,"Mexico"
"8898","MEX_text452","speaking",6,"Mexico"
"8899","MEX_text452","active_learning",3,"Mexico"
"8900","MEX_text453","active_listening",3,"Mexico"
"8901","MEX_text453","science",66,"Mexico"
"8902","MEX_text453","critical_thinking",2,"Mexico"
"8903","MEX_text454","science",87,"Mexico"
"8904","MEX_text454","active_learning",2,"Mexico"
"8905","MEX_text454","critical_thinking",4,"Mexico"
"8906","MEX_text454","learning_strategy",18,"Mexico"
"8907","MEX_text455","active_listening",2,"Mexico"
"8908","MEX_text455","reading_comprehension",2,"Mexico"
"8909","MEX_text455","science",17,"Mexico"
"8910","MEX_text455","active_learning",2,"Mexico"
"8911","MEX_text455","critical_thinking",2,"Mexico"
"8912","MEX_text455","monitoring",3,"Mexico"
"8913","MEX_text456","active_listening",1,"Mexico"
"8914","MEX_text456","reading_comprehension",2,"Mexico"
"8915","MEX_text456","science",20,"Mexico"
"8916","MEX_text456","speaking",1,"Mexico"
"8917","MEX_text456","critical_thinking",1,"Mexico"
"8918","MEX_text456","learning_strategy",1,"Mexico"
"8919","MEX_text457","active_listening",1,"Mexico"
"8920","MEX_text457","reading_comprehension",1,"Mexico"
"8921","MEX_text457","science",30,"Mexico"
"8922","MEX_text457","learning_strategy",1,"Mexico"
"8923","MEX_text457","monitoring",1,"Mexico"
"8924","MEX_text458","active_listening",1,"Mexico"
"8925","MEX_text458","mathematics",1,"Mexico"
"8926","MEX_text458","reading_comprehension",1,"Mexico"
"8927","MEX_text458","science",16,"Mexico"
"8928","MEX_text458","speaking",1,"Mexico"
"8929","MEX_text458","critical_thinking",1,"Mexico"
"8930","MEX_text458","learning_strategy",1,"Mexico"
"8931","MEX_text458","monitoring",1,"Mexico"
"8932","MEX_text459","active_listening",2,"Mexico"
"8933","MEX_text459","reading_comprehension",1,"Mexico"
"8934","MEX_text459","science",29,"Mexico"
"8935","MEX_text459","learning_strategy",3,"Mexico"
"8936","MEX_text460","active_listening",3,"Mexico"
"8937","MEX_text460","reading_comprehension",1,"Mexico"
"8938","MEX_text460","science",17,"Mexico"
"8939","MEX_text460","speaking",3,"Mexico"
"8940","MEX_text460","active_learning",1,"Mexico"
"8941","MEX_text460","critical_thinking",1,"Mexico"
"8942","MEX_text460","learning_strategy",1,"Mexico"
"8943","MEX_text461","active_listening",1,"Mexico"
"8944","MEX_text461","science",16,"Mexico"
"8945","MEX_text461","critical_thinking",1,"Mexico"
"8946","MEX_text462","active_listening",1,"Mexico"
"8947","MEX_text462","science",10,"Mexico"
"8948","MEX_text462","critical_thinking",1,"Mexico"
"8949","MEX_text462","learning_strategy",1,"Mexico"
"8950","MEX_text463","active_listening",1,"Mexico"
"8951","MEX_text463","reading_comprehension",3,"Mexico"
"8952","MEX_text463","science",32,"Mexico"
"8953","MEX_text463","speaking",2,"Mexico"
"8954","MEX_text463","critical_thinking",1,"Mexico"
"8955","MEX_text463","learning_strategy",7,"Mexico"
"8956","MEX_text464","active_listening",2,"Mexico"
"8957","MEX_text464","reading_comprehension",2,"Mexico"
"8958","MEX_text464","science",14,"Mexico"
"8959","MEX_text464","active_learning",2,"Mexico"
"8960","MEX_text464","critical_thinking",3,"Mexico"
"8961","MEX_text464","learning_strategy",32,"Mexico"
"8962","MEX_text464","monitoring",3,"Mexico"
"8963","MEX_text465","active_listening",1,"Mexico"
"8964","MEX_text465","reading_comprehension",3,"Mexico"
"8965","MEX_text465","science",20,"Mexico"
"8966","MEX_text465","speaking",2,"Mexico"
"8967","MEX_text465","writing",1,"Mexico"
"8968","MEX_text465","critical_thinking",4,"Mexico"
"8969","MEX_text466","active_listening",1,"Mexico"
"8970","MEX_text466","reading_comprehension",2,"Mexico"
"8971","MEX_text466","science",37,"Mexico"
"8972","MEX_text466","speaking",2,"Mexico"
"8973","MEX_text466","critical_thinking",1,"Mexico"
"8974","MEX_text466","learning_strategy",1,"Mexico"
"8975","MEX_text467","active_listening",1,"Mexico"
"8976","MEX_text467","reading_comprehension",5,"Mexico"
"8977","MEX_text467","science",17,"Mexico"
"8978","MEX_text467","speaking",1,"Mexico"
"8979","MEX_text467","writing",1,"Mexico"
"8980","MEX_text468","active_listening",1,"Mexico"
"8981","MEX_text468","reading_comprehension",1,"Mexico"
"8982","MEX_text468","science",24,"Mexico"
"8983","MEX_text469","active_listening",2,"Mexico"
"8984","MEX_text469","science",22,"Mexico"
"8985","MEX_text469","speaking",1,"Mexico"
"8986","MEX_text469","learning_strategy",2,"Mexico"
"8987","MEX_text469","monitoring",1,"Mexico"
"8988","MEX_text470","active_listening",2,"Mexico"
"8989","MEX_text470","science",41,"Mexico"
"8990","MEX_text470","speaking",1,"Mexico"
"8991","MEX_text470","critical_thinking",2,"Mexico"
"8992","MEX_text470","learning_strategy",6,"Mexico"
"8993","MEX_text470","monitoring",1,"Mexico"
"8994","MEX_text471","active_listening",1,"Mexico"
"8995","MEX_text471","science",28,"Mexico"
"8996","MEX_text471","learning_strategy",1,"Mexico"
"8997","MEX_text472","active_listening",3,"Mexico"
"8998","MEX_text472","reading_comprehension",1,"Mexico"
"8999","MEX_text472","science",14,"Mexico"
"9000","MEX_text472","speaking",3,"Mexico"
"9001","MEX_text472","writing",1,"Mexico"
"9002","MEX_text472","active_learning",1,"Mexico"
"9003","MEX_text472","monitoring",1,"Mexico"
"9004","MEX_text473","active_listening",1,"Mexico"
"9005","MEX_text473","reading_comprehension",2,"Mexico"
"9006","MEX_text473","science",8,"Mexico"
"9007","MEX_text473","speaking",1,"Mexico"
"9008","MEX_text473","critical_thinking",2,"Mexico"
"9009","MEX_text473","learning_strategy",2,"Mexico"
"9010","MEX_text475","active_listening",1,"Mexico"
"9011","MEX_text475","reading_comprehension",1,"Mexico"
"9012","MEX_text475","science",8,"Mexico"
"9013","MEX_text475","speaking",4,"Mexico"
"9014","MEX_text475","critical_thinking",3,"Mexico"
"9015","MEX_text475","learning_strategy",18,"Mexico"
"9016","MEX_text476","active_listening",1,"Mexico"
"9017","MEX_text476","reading_comprehension",1,"Mexico"
"9018","MEX_text476","science",15,"Mexico"
"9019","MEX_text476","speaking",2,"Mexico"
"9020","MEX_text476","critical_thinking",1,"Mexico"
"9021","MEX_text477","active_listening",1,"Mexico"
"9022","MEX_text477","science",15,"Mexico"
"9023","MEX_text477","active_learning",1,"Mexico"
"9024","MEX_text478","active_listening",2,"Mexico"
"9025","MEX_text478","reading_comprehension",1,"Mexico"
"9026","MEX_text478","science",9,"Mexico"
"9027","MEX_text478","speaking",1,"Mexico"
"9028","MEX_text478","monitoring",1,"Mexico"
"9029","MEX_text479","active_listening",1,"Mexico"
"9030","MEX_text479","reading_comprehension",1,"Mexico"
"9031","MEX_text479","science",26,"Mexico"
"9032","MEX_text479","learning_strategy",1,"Mexico"
"9033","MEX_text480","active_listening",2,"Mexico"
"9034","MEX_text480","reading_comprehension",1,"Mexico"
"9035","MEX_text480","science",20,"Mexico"
"9036","MEX_text480","speaking",21,"Mexico"
"9037","MEX_text481","active_listening",1,"Mexico"
"9038","MEX_text481","reading_comprehension",2,"Mexico"
"9039","MEX_text481","science",43,"Mexico"
"9040","MEX_text481","speaking",3,"Mexico"
"9041","MEX_text481","active_learning",2,"Mexico"
"9042","MEX_text481","critical_thinking",2,"Mexico"
"9043","MEX_text482","science",5,"Mexico"
"9044","MEX_text482","writing",1,"Mexico"
"9045","MEX_text482","critical_thinking",3,"Mexico"
"9046","MEX_text482","monitoring",1,"Mexico"
"9047","MEX_text483","active_listening",1,"Mexico"
"9048","MEX_text483","reading_comprehension",2,"Mexico"
"9049","MEX_text483","science",36,"Mexico"
"9050","MEX_text483","speaking",1,"Mexico"
"9051","MEX_text483","writing",1,"Mexico"
"9052","MEX_text483","critical_thinking",1,"Mexico"
"9053","MEX_text483","learning_strategy",1,"Mexico"
"9054","MEX_text483","monitoring",1,"Mexico"
"9055","MEX_text484","science",9,"Mexico"
"9056","MEX_text484","speaking",6,"Mexico"
"9057","MEX_text484","writing",1,"Mexico"
"9058","MEX_text484","critical_thinking",4,"Mexico"
"9059","MEX_text484","learning_strategy",3,"Mexico"
"9060","MEX_text484","monitoring",1,"Mexico"
"9061","MEX_text485","reading_comprehension",1,"Mexico"
"9062","MEX_text485","science",13,"Mexico"
"9063","MEX_text485","speaking",2,"Mexico"
"9064","MEX_text485","writing",1,"Mexico"
"9065","MEX_text485","critical_thinking",1,"Mexico"
"9066","MEX_text485","learning_strategy",1,"Mexico"
"9067","MEX_text485","monitoring",1,"Mexico"
"9068","MEX_text486","reading_comprehension",2,"Mexico"
"9069","MEX_text486","science",4,"Mexico"
"9070","MEX_text486","writing",1,"Mexico"
"9071","MEX_text487","science",13,"Mexico"
"9072","MEX_text487","speaking",3,"Mexico"
"9073","MEX_text487","writing",1,"Mexico"
"9074","MEX_text487","critical_thinking",2,"Mexico"
"9075","MEX_text487","learning_strategy",3,"Mexico"
"9076","MEX_text487","monitoring",1,"Mexico"
"9077","MEX_text488","science",11,"Mexico"
"9078","MEX_text488","writing",1,"Mexico"
"9079","MEX_text489","active_listening",1,"Mexico"
"9080","MEX_text489","science",7,"Mexico"
"9081","MEX_text489","speaking",3,"Mexico"
"9082","MEX_text489","writing",1,"Mexico"
"9083","MEX_text489","critical_thinking",4,"Mexico"
"9084","MEX_text489","learning_strategy",2,"Mexico"
"9085","MEX_text489","monitoring",1,"Mexico"
"9086","MEX_text490","science",14,"Mexico"
"9087","MEX_text490","speaking",2,"Mexico"
"9088","MEX_text490","writing",1,"Mexico"
"9089","MEX_text490","critical_thinking",2,"Mexico"
"9090","MEX_text490","learning_strategy",3,"Mexico"
"9091","MEX_text490","monitoring",1,"Mexico"
"9092","MEX_text491","science",11,"Mexico"
"9093","MEX_text491","speaking",3,"Mexico"
"9094","MEX_text491","writing",1,"Mexico"
"9095","MEX_text491","critical_thinking",3,"Mexico"
"9096","MEX_text491","learning_strategy",3,"Mexico"
"9097","MEX_text491","monitoring",1,"Mexico"
"9098","MEX_text492","active_listening",1,"Mexico"
"9099","MEX_text492","science",10,"Mexico"
"9100","MEX_text492","writing",1,"Mexico"
"9101","MEX_text493","science",23,"Mexico"
"9102","MEX_text493","speaking",2,"Mexico"
"9103","MEX_text493","writing",1,"Mexico"
"9104","MEX_text493","learning_strategy",2,"Mexico"
"9105","MEX_text493","monitoring",1,"Mexico"
"9106","MEX_text494","science",16,"Mexico"
"9107","MEX_text494","speaking",5,"Mexico"
"9108","MEX_text494","writing",1,"Mexico"
"9109","MEX_text494","critical_thinking",3,"Mexico"
"9110","MEX_text494","learning_strategy",4,"Mexico"
"9111","MEX_text494","monitoring",1,"Mexico"
"9112","MEX_text495","science",14,"Mexico"
"9113","MEX_text495","speaking",2,"Mexico"
"9114","MEX_text495","writing",1,"Mexico"
"9115","MEX_text495","critical_thinking",1,"Mexico"
"9116","MEX_text495","learning_strategy",1,"Mexico"
"9117","MEX_text495","monitoring",1,"Mexico"
"9118","MEX_text496","science",10,"Mexico"
"9119","MEX_text496","writing",1,"Mexico"
"9120","MEX_text497","reading_comprehension",1,"Mexico"
"9121","MEX_text497","science",4,"Mexico"
"9122","MEX_text497","speaking",1,"Mexico"
"9123","MEX_text497","writing",1,"Mexico"
"9124","MEX_text497","monitoring",1,"Mexico"
"9125","MEX_text498","reading_comprehension",2,"Mexico"
"9126","MEX_text498","science",24,"Mexico"
"9127","MEX_text498","speaking",1,"Mexico"
"9128","MEX_text498","writing",1,"Mexico"
"9129","MEX_text498","critical_thinking",1,"Mexico"
"9130","MEX_text498","monitoring",2,"Mexico"
"9131","MEX_text499","active_listening",2,"Mexico"
"9132","MEX_text499","reading_comprehension",1,"Mexico"
"9133","MEX_text499","science",14,"Mexico"
"9134","MEX_text499","speaking",3,"Mexico"
"9135","MEX_text499","writing",1,"Mexico"
"9136","MEX_text499","learning_strategy",1,"Mexico"
"9137","MEX_text500","active_listening",2,"Mexico"
"9138","MEX_text500","reading_comprehension",1,"Mexico"
"9139","MEX_text500","science",6,"Mexico"
"9140","MEX_text500","speaking",1,"Mexico"
"9141","MEX_text500","writing",1,"Mexico"
"9142","MEX_text500","active_learning",1,"Mexico"
"9143","MEX_text500","critical_thinking",2,"Mexico"
"9144","MEX_text500","learning_strategy",1,"Mexico"
"9145","MEX_text501","active_listening",1,"Mexico"
"9146","MEX_text501","reading_comprehension",1,"Mexico"
"9147","MEX_text501","science",7,"Mexico"
"9148","MEX_text501","speaking",1,"Mexico"
"9149","MEX_text501","writing",2,"Mexico"
"9150","MEX_text501","critical_thinking",1,"Mexico"
"9151","MEX_text501","learning_strategy",18,"Mexico"
"9152","MEX_text501","monitoring",2,"Mexico"
"9153","MEX_text502","science",12,"Mexico"
"9154","MEX_text502","speaking",1,"Mexico"
"9155","MEX_text502","writing",1,"Mexico"
"9156","MEX_text502","active_learning",1,"Mexico"
"9157","MEX_text502","monitoring",3,"Mexico"
"9158","MEX_text503","active_listening",2,"Mexico"
"9159","MEX_text503","science",4,"Mexico"
"9160","MEX_text503","writing",1,"Mexico"
"9161","MEX_text503","active_learning",3,"Mexico"
"9162","MEX_text503","critical_thinking",2,"Mexico"
"9163","MEX_text503","learning_strategy",1,"Mexico"
"9164","MEX_text503","monitoring",2,"Mexico"
"9165","MEX_text504","active_listening",1,"Mexico"
"9166","MEX_text504","reading_comprehension",2,"Mexico"
"9167","MEX_text504","science",31,"Mexico"
"9168","MEX_text504","writing",1,"Mexico"
"9169","MEX_text504","critical_thinking",1,"Mexico"
"9170","MEX_text504","learning_strategy",1,"Mexico"
"9171","MEX_text505","reading_comprehension",1,"Mexico"
"9172","MEX_text505","science",37,"Mexico"
"9173","MEX_text505","speaking",1,"Mexico"
"9174","MEX_text505","writing",1,"Mexico"
"9175","MEX_text505","monitoring",1,"Mexico"
"9176","MEX_text506","science",28,"Mexico"
"9177","MEX_text506","speaking",2,"Mexico"
"9178","MEX_text506","writing",1,"Mexico"
"9179","MEX_text506","critical_thinking",1,"Mexico"
"9180","MEX_text506","monitoring",1,"Mexico"
"9181","MEX_text507","reading_comprehension",1,"Mexico"
"9182","MEX_text507","science",22,"Mexico"
"9183","MEX_text507","writing",1,"Mexico"
"9184","MEX_text507","learning_strategy",2,"Mexico"
"9185","MEX_text507","monitoring",2,"Mexico"
"9186","MEX_text508","science",23,"Mexico"
"9187","MEX_text508","speaking",10,"Mexico"
"9188","MEX_text508","writing",1,"Mexico"
"9189","MEX_text509","active_listening",1,"Mexico"
"9190","MEX_text509","science",32,"Mexico"
"9191","MEX_text509","speaking",2,"Mexico"
"9192","MEX_text509","writing",1,"Mexico"
"9193","MEX_text509","monitoring",1,"Mexico"
"9194","MEX_text510","science",1,"Mexico"
"9195","MEX_text510","speaking",1,"Mexico"
"9196","MEX_text511","active_listening",3,"Mexico"
"9197","MEX_text511","reading_comprehension",7,"Mexico"
"9198","MEX_text511","science",44,"Mexico"
"9199","MEX_text511","speaking",4,"Mexico"
"9200","MEX_text511","writing",5,"Mexico"
"9201","MEX_text511","critical_thinking",1,"Mexico"
"9202","MEX_text511","learning_strategy",1,"Mexico"
"9203","MEX_text512","active_listening",1,"Mexico"
"9204","MEX_text512","science",6,"Mexico"
"9205","MEX_text512","speaking",1,"Mexico"
"9206","MEX_text512","active_learning",1,"Mexico"
"9207","MEX_text512","learning_strategy",1,"Mexico"
"9208","MEX_text513","speaking",1,"Mexico"
"9209","MEX_text513","learning_strategy",1,"Mexico"
"9210","MEX_text514","reading_comprehension",1,"Mexico"
"9211","MEX_text514","speaking",1,"Mexico"
"9212","MEX_text515","reading_comprehension",1,"Mexico"
"9213","MEX_text515","science",2,"Mexico"
"9214","MEX_text515","speaking",1,"Mexico"
"9215","MEX_text515","critical_thinking",1,"Mexico"
"9216","MEX_text515","learning_strategy",23,"Mexico"
"9217","MEX_text516","active_listening",3,"Mexico"
"9218","MEX_text516","science",3,"Mexico"
"9219","MEX_text516","speaking",1,"Mexico"
"9220","MEX_text516","critical_thinking",4,"Mexico"
"9221","MEX_text516","monitoring",1,"Mexico"
"9222","MEX_text517","reading_comprehension",2,"Mexico"
"9223","MEX_text517","science",3,"Mexico"
"9224","MEX_text517","speaking",3,"Mexico"
"9225","MEX_text517","critical_thinking",2,"Mexico"
"9226","MEX_text517","learning_strategy",1,"Mexico"
"9227","MEX_text518","science",13,"Mexico"
"9228","MEX_text518","critical_thinking",1,"Mexico"
"9229","MEX_text518","monitoring",2,"Mexico"
"9230","MEX_text519","science",5,"Mexico"
"9231","MEX_text519","speaking",1,"Mexico"
"9232","MEX_text520","science",19,"Mexico"
"9233","MEX_text520","writing",1,"Mexico"
"9234","MEX_text521","active_listening",2,"Mexico"
"9235","MEX_text521","reading_comprehension",2,"Mexico"
"9236","MEX_text521","science",12,"Mexico"
"9237","MEX_text521","critical_thinking",1,"Mexico"
"9238","MEX_text522","reading_comprehension",3,"Mexico"
"9239","MEX_text522","science",2,"Mexico"
"9240","MEX_text522","speaking",1,"Mexico"
"9241","MEX_text522","writing",1,"Mexico"
"9242","MEX_text522","critical_thinking",1,"Mexico"
"9243","MEX_text523","reading_comprehension",1,"Mexico"
"9244","MEX_text523","science",2,"Mexico"
"9245","MEX_text523","speaking",1,"Mexico"
"9246","MEX_text523","critical_thinking",1,"Mexico"
"9247","MEX_text524","reading_comprehension",1,"Mexico"
"9248","MEX_text524","science",5,"Mexico"
"9249","MEX_text525","science",7,"Mexico"
"9250","MEX_text525","speaking",2,"Mexico"
"9251","MEX_text526","speaking",2,"Mexico"
"9252","MEX_text526","critical_thinking",2,"Mexico"
"9253","MEX_text527","speaking",2,"Mexico"
"9254","MEX_text527","critical_thinking",2,"Mexico"
"9255","MEX_text528","active_listening",1,"Mexico"
"9256","MEX_text528","reading_comprehension",1,"Mexico"
"9257","MEX_text528","science",2,"Mexico"
"9258","MEX_text528","writing",3,"Mexico"
"9259","MEX_text528","critical_thinking",1,"Mexico"
"9260","MEX_text528","monitoring",2,"Mexico"
"9261","MEX_text529","mathematics",1,"Mexico"
"9262","MEX_text529","science",8,"Mexico"
"9263","MEX_text529","speaking",1,"Mexico"
"9264","MEX_text529","critical_thinking",1,"Mexico"
"9265","MEX_text529","monitoring",3,"Mexico"
"9266","MEX_text530","mathematics",2,"Mexico"
"9267","MEX_text530","science",17,"Mexico"
"9268","MEX_text530","learning_strategy",2,"Mexico"
"9269","MEX_text531","science",7,"Mexico"
"9270","MEX_text531","learning_strategy",1,"Mexico"
"9271","MEX_text532","science",5,"Mexico"
"9272","MEX_text532","speaking",3,"Mexico"
"9273","MEX_text532","critical_thinking",2,"Mexico"
"9274","MEX_text532","learning_strategy",1,"Mexico"
"9275","MEX_text532","monitoring",1,"Mexico"
"9276","MEX_text533","reading_comprehension",2,"Mexico"
"9277","MEX_text533","science",2,"Mexico"
"9278","MEX_text533","speaking",3,"Mexico"
"9279","MEX_text533","learning_strategy",1,"Mexico"
"9280","MEX_text534","science",13,"Mexico"
"9281","MEX_text535","active_listening",1,"Mexico"
"9282","MEX_text535","science",11,"Mexico"
"9283","MEX_text535","speaking",1,"Mexico"
"9284","MEX_text535","monitoring",1,"Mexico"
"9285","MEX_text536","science",2,"Mexico"
"9286","MEX_text536","speaking",1,"Mexico"
"9287","MEX_text537","reading_comprehension",1,"Mexico"
"9288","MEX_text537","science",11,"Mexico"
"9289","MEX_text537","speaking",1,"Mexico"
"9290","MEX_text538","science",1,"Mexico"
"9291","MEX_text539","science",4,"Mexico"
"9292","MEX_text540","active_listening",1,"Mexico"
"9293","MEX_text540","science",10,"Mexico"
"9294","MEX_text540","critical_thinking",1,"Mexico"
"9295","MEX_text540","learning_strategy",1,"Mexico"
"9296","MEX_text541","science",3,"Mexico"
"9297","MEX_text541","learning_strategy",1,"Mexico"
"9298","MEX_text542","mathematics",1,"Mexico"
"9299","MEX_text542","science",2,"Mexico"
"9300","MEX_text543","science",2,"Mexico"
"9301","MEX_text543","learning_strategy",1,"Mexico"
"9302","MEX_text544","reading_comprehension",2,"Mexico"
"9303","MEX_text544","science",10,"Mexico"
"9304","MEX_text544","speaking",3,"Mexico"
"9305","MEX_text545","science",8,"Mexico"
"9306","MEX_text546","mathematics",1,"Mexico"
"9307","MEX_text546","science",5,"Mexico"
"9308","MEX_text546","critical_thinking",1,"Mexico"
"9309","MEX_text547","active_listening",1,"Mexico"
"9310","MEX_text547","science",13,"Mexico"
"9311","MEX_text547","learning_strategy",1,"Mexico"
"9312","MEX_text548","science",5,"Mexico"
"9313","MEX_text549","science",10,"Mexico"
"9314","MEX_text549","critical_thinking",1,"Mexico"
"9315","MEX_text549","learning_strategy",2,"Mexico"
"9316","MEX_text550","mathematics",1,"Mexico"
"9317","MEX_text550","science",3,"Mexico"
"9318","MEX_text551","science",7,"Mexico"
"9319","MEX_text551","learning_strategy",1,"Mexico"
"9320","MEX_text552","science",4,"Mexico"
"9321","MEX_text552","learning_strategy",1,"Mexico"
"9322","URU_text1","science",12,"Uruguay"
"9323","URU_text1","learning_strategy",1,"Uruguay"
"9324","URU_text2","reading_comprehension",1,"Uruguay"
"9325","URU_text2","science",5,"Uruguay"
"9326","URU_text3","science",7,"Uruguay"
"9327","URU_text4","science",6,"Uruguay"
"9328","URU_text5","science",4,"Uruguay"
"9329","URU_text6","science",7,"Uruguay"
"9330","URU_text6","critical_thinking",2,"Uruguay"
"9331","URU_text7","reading_comprehension",1,"Uruguay"
"9332","URU_text7","science",12,"Uruguay"
"9333","URU_text8","science",21,"Uruguay"
"9334","URU_text9","science",2,"Uruguay"
"9335","URU_text9","learning_strategy",1,"Uruguay"
"9336","URU_text10","active_listening",1,"Uruguay"
"9337","URU_text10","mathematics",1,"Uruguay"
"9338","URU_text10","reading_comprehension",1,"Uruguay"
"9339","URU_text10","science",14,"Uruguay"
"9340","URU_text10","learning_strategy",4,"Uruguay"
"9341","URU_text11","science",4,"Uruguay"
"9342","URU_text11","speaking",1,"Uruguay"
"9343","URU_text11","learning_strategy",2,"Uruguay"
"9344","URU_text12","active_listening",1,"Uruguay"
"9345","URU_text12","science",35,"Uruguay"
"9346","URU_text12","speaking",1,"Uruguay"
"9347","URU_text12","writing",4,"Uruguay"
"9348","URU_text12","active_learning",1,"Uruguay"
"9349","URU_text13","science",3,"Uruguay"
"9350","URU_text13","critical_thinking",1,"Uruguay"
"9351","URU_text13","learning_strategy",1,"Uruguay"
"9352","URU_text14","active_listening",4,"Uruguay"
"9353","URU_text14","science",9,"Uruguay"
"9354","URU_text14","writing",1,"Uruguay"
"9355","URU_text14","active_learning",2,"Uruguay"
"9356","URU_text14","critical_thinking",2,"Uruguay"
"9357","URU_text14","learning_strategy",3,"Uruguay"
"9358","URU_text15","science",21,"Uruguay"
"9359","URU_text16","science",4,"Uruguay"
"9360","URU_text17","active_listening",3,"Uruguay"
"9361","URU_text17","reading_comprehension",4,"Uruguay"
"9362","URU_text17","science",20,"Uruguay"
"9363","URU_text17","speaking",3,"Uruguay"
"9364","URU_text17","writing",1,"Uruguay"
"9365","URU_text17","active_learning",1,"Uruguay"
"9366","URU_text17","critical_thinking",1,"Uruguay"
"9367","URU_text17","learning_strategy",4,"Uruguay"
"9368","URU_text17","monitoring",1,"Uruguay"
"9369","URU_text18","active_listening",1,"Uruguay"
"9370","URU_text18","science",10,"Uruguay"
"9371","URU_text18","learning_strategy",1,"Uruguay"
"9372","URU_text19","active_listening",1,"Uruguay"
"9373","URU_text19","mathematics",1,"Uruguay"
"9374","URU_text19","science",2,"Uruguay"
"9375","URU_text19","learning_strategy",1,"Uruguay"
"9376","URU_text20","active_listening",1,"Uruguay"
"9377","URU_text20","science",2,"Uruguay"
"9378","URU_text20","active_learning",1,"Uruguay"
"9379","URU_text20","learning_strategy",1,"Uruguay"
"9380","URU_text21","reading_comprehension",1,"Uruguay"
"9381","URU_text21","science",5,"Uruguay"
"9382","URU_text22","science",4,"Uruguay"
"9383","URU_text23","reading_comprehension",1,"Uruguay"
"9384","URU_text23","science",17,"Uruguay"
"9385","URU_text24","science",3,"Uruguay"
"9386","URU_text25","active_listening",3,"Uruguay"
"9387","URU_text25","science",5,"Uruguay"
"9388","URU_text25","speaking",2,"Uruguay"
"9389","URU_text25","learning_strategy",1,"Uruguay"
"9390","URU_text26","active_listening",1,"Uruguay"
"9391","URU_text26","science",3,"Uruguay"
"9392","URU_text27","science",7,"Uruguay"
"9393","URU_text27","speaking",1,"Uruguay"
"9394","URU_text27","learning_strategy",1,"Uruguay"
"9395","URU_text28","active_listening",1,"Uruguay"
"9396","URU_text28","science",2,"Uruguay"
"9397","URU_text28","learning_strategy",1,"Uruguay"
"9398","URU_text29","reading_comprehension",1,"Uruguay"
"9399","URU_text29","science",2,"Uruguay"
"9400","URU_text30","science",4,"Uruguay"
"9401","URU_text31","active_listening",1,"Uruguay"
"9402","URU_text31","science",5,"Uruguay"
"9403","URU_text31","learning_strategy",1,"Uruguay"
"9404","URU_text32","science",16,"Uruguay"
"9405","URU_text32","critical_thinking",2,"Uruguay"
"9406","URU_text32","monitoring",2,"Uruguay"
"9407","URU_text33","active_listening",2,"Uruguay"
"9408","URU_text33","mathematics",1,"Uruguay"
"9409","URU_text33","science",20,"Uruguay"
"9410","URU_text33","speaking",1,"Uruguay"
"9411","URU_text33","learning_strategy",7,"Uruguay"
"9412","URU_text34","reading_comprehension",1,"Uruguay"
"9413","URU_text34","science",32,"Uruguay"
"9414","URU_text35","mathematics",1,"Uruguay"
"9415","URU_text35","reading_comprehension",1,"Uruguay"
"9416","URU_text35","science",17,"Uruguay"
"9417","URU_text35","learning_strategy",12,"Uruguay"
"9418","URU_text36","active_listening",1,"Uruguay"
"9419","URU_text36","reading_comprehension",2,"Uruguay"
"9420","URU_text36","science",22,"Uruguay"
"9421","URU_text36","active_learning",1,"Uruguay"
"9422","URU_text36","learning_strategy",1,"Uruguay"
"9423","URU_text37","active_listening",2,"Uruguay"
"9424","URU_text37","science",44,"Uruguay"
"9425","URU_text37","speaking",1,"Uruguay"
"9426","URU_text37","learning_strategy",2,"Uruguay"
"9427","URU_text38","active_listening",9,"Uruguay"
"9428","URU_text38","reading_comprehension",8,"Uruguay"
"9429","URU_text38","science",52,"Uruguay"
"9430","URU_text38","speaking",2,"Uruguay"
"9431","URU_text38","writing",4,"Uruguay"
"9432","URU_text38","active_learning",2,"Uruguay"
"9433","URU_text38","learning_strategy",1,"Uruguay"
"9434","URU_text39","active_listening",1,"Uruguay"
"9435","URU_text39","science",19,"Uruguay"
"9436","URU_text39","learning_strategy",2,"Uruguay"
"9437","URU_text40","reading_comprehension",1,"Uruguay"
"9438","URU_text40","science",21,"Uruguay"
"9439","URU_text40","learning_strategy",1,"Uruguay"
"9440","URU_text41","science",15,"Uruguay"
"9441","URU_text42","science",2,"Uruguay"
"9442","URU_text43","science",10,"Uruguay"
"9443","URU_text43","learning_strategy",1,"Uruguay"
"9444","URU_text44","science",4,"Uruguay"
"9445","URU_text44","active_learning",1,"Uruguay"
"9446","URU_text45","science",38,"Uruguay"
"9447","URU_text46","active_listening",2,"Uruguay"
"9448","URU_text46","science",21,"Uruguay"
"9449","URU_text46","writing",1,"Uruguay"
"9450","URU_text46","critical_thinking",1,"Uruguay"
"9451","URU_text46","learning_strategy",10,"Uruguay"
"9452","URU_text47","science",22,"Uruguay"
"9453","URU_text47","writing",1,"Uruguay"
"9454","URU_text47","learning_strategy",4,"Uruguay"
"9455","URU_text48","science",8,"Uruguay"
"9456","URU_text49","science",6,"Uruguay"
"9457","URU_text50","science",7,"Uruguay"
"9458","URU_text50","speaking",1,"Uruguay"
"9459","URU_text50","active_learning",1,"Uruguay"
"9460","URU_text50","critical_thinking",1,"Uruguay"
"9461","URU_text50","learning_strategy",1,"Uruguay"
"9462","URU_text51","science",9,"Uruguay"
"9463","URU_text52","science",12,"Uruguay"
"9464","URU_text52","active_learning",1,"Uruguay"
"9465","URU_text52","critical_thinking",1,"Uruguay"
"9466","URU_text53","mathematics",1,"Uruguay"
"9467","URU_text53","science",8,"Uruguay"
"9468","URU_text54","mathematics",6,"Uruguay"
"9469","URU_text54","science",5,"Uruguay"
"9470","URU_text54","writing",1,"Uruguay"
"9471","URU_text55","science",8,"Uruguay"
"9472","URU_text56","reading_comprehension",1,"Uruguay"
"9473","URU_text56","science",17,"Uruguay"
"9474","URU_text57","active_listening",2,"Uruguay"
"9475","URU_text57","mathematics",1,"Uruguay"
"9476","URU_text57","science",20,"Uruguay"
"9477","URU_text57","speaking",1,"Uruguay"
"9478","URU_text57","learning_strategy",1,"Uruguay"
"9479","URU_text58","science",8,"Uruguay"
"9480","URU_text58","speaking",3,"Uruguay"
"9481","URU_text58","active_learning",2,"Uruguay"
"9482","URU_text59","active_listening",2,"Uruguay"
"9483","URU_text59","science",6,"Uruguay"
"9484","URU_text59","speaking",2,"Uruguay"
"9485","URU_text59","writing",1,"Uruguay"
"9486","URU_text59","active_learning",2,"Uruguay"
"9487","URU_text60","science",9,"Uruguay"
"9488","URU_text61","science",9,"Uruguay"
"9489","URU_text61","learning_strategy",1,"Uruguay"
"9490","URU_text62","science",10,"Uruguay"
"9491","URU_text63","active_listening",1,"Uruguay"
"9492","URU_text63","science",12,"Uruguay"
"9493","URU_text63","critical_thinking",3,"Uruguay"
"9494","URU_text63","learning_strategy",1,"Uruguay"
"9495","URU_text63","monitoring",1,"Uruguay"
"9496","URU_text64","active_listening",2,"Uruguay"
"9497","URU_text64","science",3,"Uruguay"
"9498","URU_text64","speaking",1,"Uruguay"
"9499","URU_text64","active_learning",2,"Uruguay"
"9500","URU_text65","active_listening",2,"Uruguay"
"9501","URU_text65","reading_comprehension",2,"Uruguay"
"9502","URU_text65","science",13,"Uruguay"
"9503","URU_text65","critical_thinking",3,"Uruguay"
"9504","URU_text66","reading_comprehension",1,"Uruguay"
"9505","URU_text66","science",12,"Uruguay"
"9506","URU_text67","science",8,"Uruguay"
"9507","URU_text67","active_learning",1,"Uruguay"
"9508","URU_text68","science",10,"Uruguay"
"9509","URU_text68","speaking",12,"Uruguay"
"9510","URU_text69","science",11,"Uruguay"
"9511","URU_text69","speaking",2,"Uruguay"
"9512","URU_text69","monitoring",1,"Uruguay"
"9513","URU_text70","active_listening",1,"Uruguay"
"9514","URU_text70","learning_strategy",1,"Uruguay"
"9515","URU_text71","science",1,"Uruguay"
"9516","URU_text71","speaking",16,"Uruguay"
"9517","URU_text71","monitoring",2,"Uruguay"
"9518","URU_text72","critical_thinking",1,"Uruguay"
"9519","URU_text72","learning_strategy",5,"Uruguay"
"9520","URU_text73","science",1,"Uruguay"
"9521","URU_text73","speaking",1,"Uruguay"
"9522","URU_text74","science",4,"Uruguay"
"9523","URU_text74","critical_thinking",1,"Uruguay"
"9524","URU_text75","active_listening",5,"Uruguay"
"9525","URU_text75","reading_comprehension",1,"Uruguay"
"9526","URU_text75","science",37,"Uruguay"
"9527","URU_text75","speaking",3,"Uruguay"
"9528","URU_text75","active_learning",2,"Uruguay"
"9529","URU_text75","critical_thinking",1,"Uruguay"
"9530","URU_text75","learning_strategy",11,"Uruguay"
"9531","URU_text75","monitoring",1,"Uruguay"
"9532","URU_text76","active_listening",1,"Uruguay"
"9533","URU_text76","science",12,"Uruguay"
"9534","URU_text76","speaking",67,"Uruguay"
"9535","URU_text76","active_learning",1,"Uruguay"
"9536","URU_text76","critical_thinking",2,"Uruguay"
"9537","URU_text76","learning_strategy",1,"Uruguay"
"9538","URU_text76","monitoring",1,"Uruguay"
"9539","URU_text77","reading_comprehension",1,"Uruguay"
"9540","URU_text77","science",21,"Uruguay"
"9541","URU_text77","learning_strategy",6,"Uruguay"
"9542","URU_text78","reading_comprehension",1,"Uruguay"
"9543","URU_text78","science",21,"Uruguay"
"9544","URU_text78","learning_strategy",6,"Uruguay"
"9545","URU_text79","active_listening",4,"Uruguay"
"9546","URU_text79","reading_comprehension",2,"Uruguay"
"9547","URU_text79","science",58,"Uruguay"
"9548","URU_text79","learning_strategy",47,"Uruguay"
"9549","URU_text79","monitoring",3,"Uruguay"
"9550","URU_text80","science",3,"Uruguay"
"9551","URU_text81","mathematics",1,"Uruguay"
"9552","URU_text81","science",10,"Uruguay"
"9553","URU_text81","learning_strategy",1,"Uruguay"
"9554","URU_text82","active_listening",1,"Uruguay"
"9555","URU_text82","science",4,"Uruguay"
"9556","URU_text83","active_listening",9,"Uruguay"
"9557","URU_text83","reading_comprehension",1,"Uruguay"
"9558","URU_text83","science",25,"Uruguay"
"9559","URU_text83","speaking",112,"Uruguay"
"9560","URU_text83","active_learning",6,"Uruguay"
"9561","URU_text83","critical_thinking",8,"Uruguay"
"9562","URU_text83","learning_strategy",2,"Uruguay"
"9563","URU_text83","monitoring",6,"Uruguay"
"9564","URU_text84","active_listening",3,"Uruguay"
"9565","URU_text84","reading_comprehension",1,"Uruguay"
"9566","URU_text84","science",16,"Uruguay"
"9567","URU_text84","speaking",10,"Uruguay"
"9568","URU_text84","active_learning",1,"Uruguay"
"9569","URU_text84","critical_thinking",3,"Uruguay"
"9570","URU_text84","learning_strategy",16,"Uruguay"
"9571","URU_text85","active_listening",11,"Uruguay"
"9572","URU_text85","mathematics",1,"Uruguay"
"9573","URU_text85","science",35,"Uruguay"
"9574","URU_text85","speaking",159,"Uruguay"
"9575","URU_text85","active_learning",10,"Uruguay"
"9576","URU_text85","critical_thinking",4,"Uruguay"
"9577","URU_text85","learning_strategy",5,"Uruguay"
"9578","URU_text85","monitoring",3,"Uruguay"
"9579","URU_text86","science",5,"Uruguay"
"9580","URU_text86","speaking",1,"Uruguay"
"9581","URU_text86","learning_strategy",1,"Uruguay"
"9582","URU_text87","active_listening",4,"Uruguay"
"9583","URU_text87","science",30,"Uruguay"
"9584","URU_text87","active_learning",3,"Uruguay"
"9585","URU_text87","learning_strategy",11,"Uruguay"
"9586","URU_text88","active_listening",2,"Uruguay"
"9587","URU_text88","science",8,"Uruguay"
"9588","URU_text88","speaking",2,"Uruguay"
"9589","URU_text88","active_learning",2,"Uruguay"
"9590","URU_text88","critical_thinking",1,"Uruguay"
"9591","URU_text88","learning_strategy",4,"Uruguay"
"9592","URU_text89","active_listening",4,"Uruguay"
"9593","URU_text89","science",4,"Uruguay"
"9594","URU_text89","learning_strategy",9,"Uruguay"
"9595","URU_text90","active_listening",1,"Uruguay"
"9596","URU_text90","science",21,"Uruguay"
"9597","URU_text90","critical_thinking",1,"Uruguay"
"9598","URU_text90","learning_strategy",1,"Uruguay"
"9599","URU_text91","active_listening",2,"Uruguay"
"9600","URU_text91","science",3,"Uruguay"
"9601","URU_text91","learning_strategy",1,"Uruguay"
"9602","URU_text92","science",2,"Uruguay"
"9603","URU_text93","science",1,"Uruguay"
"9604","URU_text93","speaking",6,"Uruguay"
"9605","URU_text94","science",2,"Uruguay"
"9606","URU_text94","learning_strategy",1,"Uruguay"
"9607","URU_text95","active_listening",1,"Uruguay"
"9608","URU_text95","science",5,"Uruguay"
"9609","URU_text95","learning_strategy",1,"Uruguay"
"9610","URU_text96","science",7,"Uruguay"
"9611","URU_text97","speaking",6,"Uruguay"
"9612","URU_text98","science",15,"Uruguay"
"9613","URU_text98","active_learning",1,"Uruguay"
"9614","URU_text99","active_listening",1,"Uruguay"
"9615","URU_text99","critical_thinking",1,"Uruguay"
"9616","URU_text101","science",15,"Uruguay"
"9617","URU_text101","active_learning",1,"Uruguay"
"9618","URU_text103","science",2,"Uruguay"
"9619","URU_text103","writing",1,"Uruguay"
"9620","URU_text103","critical_thinking",1,"Uruguay"
"9621","URU_text104","science",1,"Uruguay"
"9622","URU_text105","science",3,"Uruguay"
"9623","URU_text105","monitoring",1,"Uruguay"
"9624","URU_text107","science",1,"Uruguay"
"9625","URU_text107","speaking",9,"Uruguay"
"9626","URU_text108","science",4,"Uruguay"
"9627","URU_text108","learning_strategy",19,"Uruguay"
"9628","URU_text109","science",1,"Uruguay"
"9629","URU_text109","writing",1,"Uruguay"
"9630","URU_text109","critical_thinking",2,"Uruguay"
"9631","URU_text110","science",1,"Uruguay"
"9632","URU_text111","science",3,"Uruguay"
"9633","URU_text111","learning_strategy",2,"Uruguay"
"9634","URU_text111","monitoring",1,"Uruguay"
"9635","URU_text112","active_listening",1,"Uruguay"
"9636","URU_text112","science",2,"Uruguay"
"9637","URU_text112","learning_strategy",1,"Uruguay"
"9638","URU_text113","active_listening",1,"Uruguay"
"9639","URU_text113","science",2,"Uruguay"
"9640","URU_text113","monitoring",1,"Uruguay"
"9641","URU_text114","active_listening",1,"Uruguay"
"9642","URU_text114","reading_comprehension",1,"Uruguay"
"9643","URU_text114","science",2,"Uruguay"
"9644","URU_text114","speaking",1,"Uruguay"
"9645","URU_text116","science",1,"Uruguay"
"9646","URU_text116","learning_strategy",1,"Uruguay"
"9647","URU_text117","science",10,"Uruguay"
"9648","URU_text117","speaking",1,"Uruguay"
"9649","URU_text118","science",3,"Uruguay"
"9650","URU_text118","learning_strategy",2,"Uruguay"
"9651","URU_text119","active_listening",1,"Uruguay"
"9652","URU_text119","science",4,"Uruguay"
"9653","URU_text119","active_learning",1,"Uruguay"
"9654","URU_text119","critical_thinking",1,"Uruguay"
"9655","URU_text119","learning_strategy",1,"Uruguay"
"9656","URU_text120","science",2,"Uruguay"
"9657","URU_text121","science",1,"Uruguay"
"9658","URU_text121","speaking",3,"Uruguay"
"9659","URU_text122","science",1,"Uruguay"
"9660","URU_text124","science",12,"Uruguay"
"9661","URU_text124","speaking",1,"Uruguay"
"9662","URU_text124","active_learning",1,"Uruguay"
"9663","URU_text125","mathematics",1,"Uruguay"
"9664","URU_text125","science",1,"Uruguay"
"9665","URU_text126","science",3,"Uruguay"
"9666","URU_text127","reading_comprehension",1,"Uruguay"
"9667","URU_text127","science",1,"Uruguay"
"9668","URU_text127","learning_strategy",8,"Uruguay"
"9669","URU_text128","active_listening",2,"Uruguay"
"9670","URU_text128","science",2,"Uruguay"
"9671","URU_text128","active_learning",1,"Uruguay"
"9672","URU_text128","learning_strategy",11,"Uruguay"
"9673","URU_text129","active_listening",1,"Uruguay"
"9674","URU_text129","science",2,"Uruguay"
"9675","URU_text129","active_learning",1,"Uruguay"
"9676","URU_text130","active_listening",1,"Uruguay"
"9677","URU_text130","science",4,"Uruguay"
"9678","URU_text130","active_learning",1,"Uruguay"
"9679","URU_text130","critical_thinking",1,"Uruguay"
"9680","URU_text130","learning_strategy",1,"Uruguay"
"9681","URU_text131","science",2,"Uruguay"
"9682","URU_text132","monitoring",1,"Uruguay"
"9683","URU_text136","learning_strategy",2,"Uruguay"
"9684","URU_text137","learning_strategy",7,"Uruguay"
"9685","URU_text137","monitoring",2,"Uruguay"
"9686","URU_text138","active_listening",2,"Uruguay"
"9687","URU_text138","science",2,"Uruguay"
"9688","URU_text139","science",1,"Uruguay"
"9689","URU_text140","science",3,"Uruguay"
"9690","URU_text142","science",1,"Uruguay"
"9691","URU_text143","learning_strategy",1,"Uruguay"
"9692","URU_text144","active_learning",1,"Uruguay"
"9693","URU_text144","learning_strategy",1,"Uruguay"
"9694","URU_text145","science",4,"Uruguay"
"9695","URU_text145","critical_thinking",1,"Uruguay"
"9696","URU_text146","active_listening",1,"Uruguay"
"9697","URU_text146","science",10,"Uruguay"
"9698","URU_text146","speaking",1,"Uruguay"
"9699","URU_text146","active_learning",1,"Uruguay"
"9700","URU_text146","learning_strategy",5,"Uruguay"
"9701","URU_text147","active_listening",1,"Uruguay"
"9702","URU_text147","science",6,"Uruguay"
"9703","URU_text147","critical_thinking",1,"Uruguay"
"9704","VEN_text1","science",8,"Venezuela"
"9705","VEN_text2","active_listening",1,"Venezuela"
"9706","VEN_text2","science",2,"Venezuela"
"9707","VEN_text2","speaking",2,"Venezuela"
"9708","VEN_text2","active_learning",1,"Venezuela"
"9709","VEN_text3","active_listening",1,"Venezuela"
"9710","VEN_text3","science",3,"Venezuela"
"9711","VEN_text3","active_learning",1,"Venezuela"
"9712","VEN_text4","active_listening",1,"Venezuela"
"9713","VEN_text4","science",1,"Venezuela"
"9714","VEN_text4","active_learning",1,"Venezuela"
"9715","VEN_text5","active_listening",1,"Venezuela"
"9716","VEN_text5","mathematics",1,"Venezuela"
"9717","VEN_text5","science",4,"Venezuela"
"9718","VEN_text5","active_learning",1,"Venezuela"
"9719","VEN_text6","science",2,"Venezuela"
"9720","VEN_text6","speaking",29,"Venezuela"
"9721","VEN_text7","active_listening",1,"Venezuela"
"9722","VEN_text7","science",7,"Venezuela"
"9723","VEN_text7","active_learning",1,"Venezuela"
"9724","VEN_text7","learning_strategy",1,"Venezuela"
"9725","VEN_text7","monitoring",1,"Venezuela"
"9726","VEN_text8","science",1,"Venezuela"
"9727","VEN_text8","critical_thinking",1,"Venezuela"
"9728","VEN_text9","active_listening",1,"Venezuela"
"9729","VEN_text9","science",1,"Venezuela"
"9730","VEN_text9","active_learning",1,"Venezuela"
"9731","VEN_text10","active_listening",1,"Venezuela"
"9732","VEN_text10","science",5,"Venezuela"
"9733","VEN_text10","active_learning",1,"Venezuela"
"9734","VEN_text11","active_listening",1,"Venezuela"
"9735","VEN_text11","science",4,"Venezuela"
"9736","VEN_text11","active_learning",1,"Venezuela"
"9737","VEN_text12","active_listening",1,"Venezuela"
"9738","VEN_text12","science",5,"Venezuela"
"9739","VEN_text12","active_learning",1,"Venezuela"
"9740","VEN_text13","active_listening",1,"Venezuela"
"9741","VEN_text13","science",10,"Venezuela"
"9742","VEN_text13","active_learning",2,"Venezuela"
"9743","VEN_text13","learning_strategy",1,"Venezuela"
"9744","VEN_text14","active_listening",2,"Venezuela"
"9745","VEN_text14","reading_comprehension",8,"Venezuela"
"9746","VEN_text14","science",2,"Venezuela"
"9747","VEN_text14","active_learning",1,"Venezuela"
"9748","VEN_text15","active_listening",1,"Venezuela"
"9749","VEN_text15","science",1,"Venezuela"
"9750","VEN_text15","active_learning",1,"Venezuela"
"9751","VEN_text15","monitoring",1,"Venezuela"
"9752","VEN_text16","active_listening",1,"Venezuela"
"9753","VEN_text16","science",3,"Venezuela"
"9754","VEN_text16","active_learning",1,"Venezuela"
"9755","VEN_text16","monitoring",1,"Venezuela"
"9756","VEN_text17","active_listening",1,"Venezuela"
"9757","VEN_text17","mathematics",1,"Venezuela"
"9758","VEN_text17","science",24,"Venezuela"
"9759","VEN_text17","active_learning",1,"Venezuela"
"9760","VEN_text18","science",8,"Venezuela"
"9761","VEN_text19","science",12,"Venezuela"
"9762","VEN_text19","speaking",1,"Venezuela"
"9763","VEN_text20","active_listening",1,"Venezuela"
"9764","VEN_text20","science",13,"Venezuela"
"9765","VEN_text20","speaking",1,"Venezuela"
"9766","VEN_text20","active_learning",1,"Venezuela"
"9767","VEN_text20","learning_strategy",1,"Venezuela"
"9768","VEN_text20","monitoring",1,"Venezuela"
"9769","VEN_text21","active_listening",2,"Venezuela"
"9770","VEN_text21","science",9,"Venezuela"
"9771","VEN_text21","speaking",1,"Venezuela"
"9772","VEN_text21","critical_thinking",4,"Venezuela"
"9773","VEN_text21","monitoring",1,"Venezuela"
"9774","VEN_text22","active_listening",1,"Venezuela"
"9775","VEN_text22","science",7,"Venezuela"
"9776","VEN_text22","active_learning",1,"Venezuela"
"9777","VEN_text23","science",4,"Venezuela"
"9778","VEN_text24","science",4,"Venezuela"
"9779","VEN_text25","active_listening",1,"Venezuela"
"9780","VEN_text25","science",15,"Venezuela"
"9781","VEN_text25","active_learning",1,"Venezuela"
"9782","VEN_text26","science",5,"Venezuela"
"9783","VEN_text26","learning_strategy",14,"Venezuela"
"9784","VEN_text26","monitoring",1,"Venezuela"
"9785","VEN_text27","active_listening",1,"Venezuela"
"9786","VEN_text27","science",1,"Venezuela"
"9787","VEN_text27","speaking",1,"Venezuela"
"9788","VEN_text27","active_learning",1,"Venezuela"
"9789","VEN_text28","active_listening",1,"Venezuela"
"9790","VEN_text28","science",3,"Venezuela"
"9791","VEN_text28","active_learning",1,"Venezuela"
"9792","VEN_text29","active_listening",2,"Venezuela"
"9793","VEN_text29","science",1,"Venezuela"
"9794","VEN_text29","active_learning",1,"Venezuela"
"9795","VEN_text30","science",3,"Venezuela"
"9796","VEN_text31","science",6,"Venezuela"
"9797","VEN_text32","science",10,"Venezuela"
"9798","VEN_text32","speaking",2,"Venezuela"
"9799","VEN_text32","learning_strategy",1,"Venezuela"
"9800","VEN_text33","science",10,"Venezuela"
"9801","VEN_text33","learning_strategy",2,"Venezuela"
"9802","VEN_text34","mathematics",1,"Venezuela"
"9803","VEN_text34","science",6,"Venezuela"
"9804","VEN_text35","active_listening",1,"Venezuela"
"9805","VEN_text35","science",12,"Venezuela"
"9806","VEN_text35","speaking",21,"Venezuela"
"9807","VEN_text35","active_learning",1,"Venezuela"
"9808","VEN_text36","science",5,"Venezuela"
"9809","VEN_text36","speaking",1,"Venezuela"
"9810","VEN_text37","science",5,"Venezuela"
"9811","VEN_text38","science",4,"Venezuela"
"9812","VEN_text39","science",3,"Venezuela"
"9813","VEN_text39","monitoring",1,"Venezuela"
"9814","VEN_text40","science",6,"Venezuela"
"9815","VEN_text40","speaking",1,"Venezuela"
"9816","VEN_text41","science",4,"Venezuela"
"9817","VEN_text41","speaking",1,"Venezuela"
"9818","VEN_text42","science",4,"Venezuela"
"9819","VEN_text43","science",9,"Venezuela"
"9820","VEN_text44","science",1,"Venezuela"
"9821","VEN_text44","active_learning",3,"Venezuela"
"9822","VEN_text44","monitoring",1,"Venezuela"
"9823","VEN_text45","science",1,"Venezuela"
"9824","VEN_text45","active_learning",3,"Venezuela"
"9825","VEN_text45","monitoring",1,"Venezuela"
"9826","VEN_text46","science",2,"Venezuela"
"9827","VEN_text46","active_learning",3,"Venezuela"
"9828","VEN_text46","monitoring",1,"Venezuela"
"9829","VEN_text47","active_listening",1,"Venezuela"
"9830","VEN_text47","science",5,"Venezuela"
"9831","VEN_text48","active_listening",1,"Venezuela"
"9832","VEN_text48","learning_strategy",3,"Venezuela"
"9833","VEN_text49","active_listening",1,"Venezuela"
"9834","VEN_text50","active_listening",1,"Venezuela"
"9835","VEN_text50","science",5,"Venezuela"
"9836","VEN_text51","active_listening",1,"Venezuela"
"9837","VEN_text51","science",5,"Venezuela"
"9838","VEN_text52","science",4,"Venezuela"
"9839","VEN_text52","learning_strategy",5,"Venezuela"
"9840","VEN_text53","science",3,"Venezuela"
"9841","VEN_text53","speaking",11,"Venezuela"
"9842","VEN_text54","active_learning",1,"Venezuela"
"9843","VEN_text55","speaking",1,"Venezuela"
"9844","VEN_text55","critical_thinking",1,"Venezuela"
"9845","VEN_text56","speaking",1,"Venezuela"
"9846","VEN_text57","monitoring",1,"Venezuela"
"9847","VEN_text60","science",2,"Venezuela"
"9848","VEN_text60","speaking",8,"Venezuela"
"9849","VEN_text60","critical_thinking",1,"Venezuela"
"9850","VEN_text61","science",4,"Venezuela"
"9851","VEN_text61","critical_thinking",1,"Venezuela"
"9852","VEN_text61","learning_strategy",1,"Venezuela"
"9853","VEN_text62","science",3,"Venezuela"
"9854","VEN_text63","science",5,"Venezuela"
"9855","VEN_text63","speaking",1,"Venezuela"
"9856","VEN_text64","reading_comprehension",1,"Venezuela"
"9857","VEN_text64","science",9,"Venezuela"
"9858","VEN_text64","learning_strategy",11,"Venezuela"
"9859","VEN_text65","reading_comprehension",1,"Venezuela"
"9860","VEN_text65","science",11,"Venezuela"
"9861","VEN_text65","learning_strategy",7,"Venezuela"
"9862","VEN_text66","reading_comprehension",1,"Venezuela"
"9863","VEN_text66","science",7,"Venezuela"
"9864","VEN_text66","learning_strategy",11,"Venezuela"
"9865","VEN_text67","reading_comprehension",2,"Venezuela"
"9866","VEN_text67","science",6,"Venezuela"
"9867","VEN_text67","speaking",1,"Venezuela"
"9868","VEN_text67","learning_strategy",6,"Venezuela"
"9869","VEN_text68","reading_comprehension",1,"Venezuela"
"9870","VEN_text68","science",16,"Venezuela"
"9871","VEN_text68","learning_strategy",10,"Venezuela"
"9872","VEN_text69","active_listening",2,"Venezuela"
"9873","VEN_text69","science",3,"Venezuela"
"9874","VEN_text70","science",4,"Venezuela"
"9875","VEN_text70","active_learning",1,"Venezuela"
"9876","VEN_text70","learning_strategy",1,"Venezuela"
"9877","VEN_text71","science",5,"Venezuela"
"9878","VEN_text72","science",7,"Venezuela"
"9879","VEN_text73","active_listening",1,"Venezuela"
"9880","VEN_text73","science",3,"Venezuela"
"9881","VEN_text74","science",3,"Venezuela"
"9882","VEN_text74","speaking",3,"Venezuela"
"9883","VEN_text74","learning_strategy",8,"Venezuela"
"9884","VEN_text75","science",1,"Venezuela"
"9885","VEN_text75","speaking",10,"Venezuela"
"9886","VEN_text76","science",3,"Venezuela"
"9887","VEN_text77","science",4,"Venezuela"
"9888","VEN_text77","speaking",1,"Venezuela"
"9889","VEN_text78","science",4,"Venezuela"
"9890","VEN_text79","science",2,"Venezuela"
"9891","VEN_text80","active_listening",1,"Venezuela"
"9892","VEN_text80","science",5,"Venezuela"
"9893","VEN_text81","science",6,"Venezuela"
"9894","VEN_text81","learning_strategy",1,"Venezuela"
"9895","VEN_text81","monitoring",1,"Venezuela"
"9896","VEN_text82","science",14,"Venezuela"
"9897","VEN_text83","science",1,"Venezuela"
"9898","VEN_text83","speaking",1,"Venezuela"
"9899","VEN_text83","learning_strategy",1,"Venezuela"
"9900","VEN_text85","science",4,"Venezuela"
"9901","VEN_text86","reading_comprehension",1,"Venezuela"
"9902","VEN_text86","science",7,"Venezuela"
"9903","VEN_text86","learning_strategy",1,"Venezuela"
"9904","VEN_text87","science",2,"Venezuela"
"9905","VEN_text89","science",1,"Venezuela"
"9906","VEN_text90","science",1,"Venezuela"
"9907","VEN_text92","reading_comprehension",1,"Venezuela"
"9908","VEN_text92","science",5,"Venezuela"
"9909","VEN_text93","reading_comprehension",1,"Venezuela"
"9910","VEN_text93","science",3,"Venezuela"
"9911","VEN_text93","critical_thinking",3,"Venezuela"
"9912","VEN_text93","learning_strategy",1,"Venezuela"
"9913","VEN_text94","reading_comprehension",1,"Venezuela"
"9914","VEN_text94","science",1,"Venezuela"
"9915","VEN_text95","reading_comprehension",2,"Venezuela"
"9916","VEN_text95","science",2,"Venezuela"
"9917","VEN_text96","reading_comprehension",1,"Venezuela"
"9918","VEN_text96","science",3,"Venezuela"
"9919","VEN_text96","critical_thinking",2,"Venezuela"
"9920","VEN_text97","reading_comprehension",1,"Venezuela"
"9921","VEN_text97","science",4,"Venezuela"
"9922","VEN_text98","reading_comprehension",1,"Venezuela"
"9923","VEN_text98","science",2,"Venezuela"
"9924","VEN_text98","critical_thinking",2,"Venezuela"
"9925","VEN_text99","reading_comprehension",1,"Venezuela"
"9926","VEN_text99","science",5,"Venezuela"
"9927","VEN_text99","speaking",16,"Venezuela"
"9928","VEN_text99","writing",1,"Venezuela"
"9929","VEN_text100","reading_comprehension",1,"Venezuela"
"9930","VEN_text100","science",8,"Venezuela"
"9931","VEN_text100","speaking",1,"Venezuela"
"9932","VEN_text100","learning_strategy",1,"Venezuela"
"9933","VEN_text101","reading_comprehension",1,"Venezuela"
"9934","VEN_text101","science",7,"Venezuela"
"9935","VEN_text101","speaking",17,"Venezuela"
"9936","VEN_text102","active_listening",1,"Venezuela"
"9937","VEN_text102","reading_comprehension",1,"Venezuela"
"9938","VEN_text102","science",1,"Venezuela"
"9939","VEN_text102","learning_strategy",7,"Venezuela"
"9940","VEN_text103","reading_comprehension",1,"Venezuela"
"9941","VEN_text103","science",3,"Venezuela"
"9942","VEN_text103","speaking",3,"Venezuela"
"9943","VEN_text103","learning_strategy",2,"Venezuela"
"9944","VEN_text104","mathematics",1,"Venezuela"
"9945","VEN_text104","science",1,"Venezuela"
"9946","VEN_text105","science",1,"Venezuela"
"9947","VEN_text106","active_listening",1,"Venezuela"
"9948","VEN_text106","science",7,"Venezuela"
"9949","VEN_text106","monitoring",1,"Venezuela"
"9950","VEN_text107","science",13,"Venezuela"
"9951","VEN_text108","science",13,"Venezuela"
"9952","VEN_text108","speaking",1,"Venezuela"
"9953","VEN_text109","reading_comprehension",1,"Venezuela"
"9954","VEN_text109","science",16,"Venezuela"
"9955","VEN_text110","reading_comprehension",1,"Venezuela"
"9956","VEN_text110","science",2,"Venezuela"
"9957","VEN_text111","reading_comprehension",1,"Venezuela"
"9958","VEN_text112","reading_comprehension",1,"Venezuela"
"9959","VEN_text112","science",1,"Venezuela"
"9960","VEN_text114","reading_comprehension",1,"Venezuela"
"9961","VEN_text114","science",1,"Venezuela"
"9962","VEN_text114","speaking",1,"Venezuela"
"9963","VEN_text115","reading_comprehension",1,"Venezuela"
"9964","VEN_text115","science",3,"Venezuela"
"9965","VEN_text115","speaking",2,"Venezuela"
"9966","VEN_text115","active_learning",1,"Venezuela"
"9967","VEN_text115","critical_thinking",1,"Venezuela"
"9968","VEN_text116","reading_comprehension",1,"Venezuela"
"9969","VEN_text116","science",1,"Venezuela"
"9970","VEN_text116","speaking",2,"Venezuela"
"9971","VEN_text117","science",1,"Venezuela"
"9972","VEN_text118","science",3,"Venezuela"
"9973","VEN_text120","active_listening",1,"Venezuela"
"9974","VEN_text120","reading_comprehension",1,"Venezuela"
"9975","VEN_text120","science",13,"Venezuela"
"9976","VEN_text121","science",9,"Venezuela"
"9977","VEN_text122","reading_comprehension",1,"Venezuela"
"9978","VEN_text122","science",6,"Venezuela"
"9979","VEN_text123","reading_comprehension",1,"Venezuela"
"9980","VEN_text123","science",7,"Venezuela"
"9981","VEN_text123","learning_strategy",1,"Venezuela"
"9982","VEN_text124","reading_comprehension",1,"Venezuela"
"9983","VEN_text125","reading_comprehension",1,"Venezuela"
"9984","VEN_text126","reading_comprehension",1,"Venezuela"
"9985","VEN_text128","reading_comprehension",1,"Venezuela"
"9986","VEN_text128","science",1,"Venezuela"
"9987","VEN_text129","science",1,"Venezuela"
"9988","VEN_text130","speaking",1,"Venezuela"
"9989","VEN_text132","science",1,"Venezuela"
"9990","VEN_text132","speaking",1,"Venezuela"
"9991","VEN_text133","science",1,"Venezuela"
"9992","VEN_text135","active_listening",1,"Venezuela"
"9993","VEN_text135","science",4,"Venezuela"
"9994","VEN_text135","learning_strategy",1,"Venezuela"
"9995","VEN_text137","science",2,"Venezuela"
"9996","VEN_text137","monitoring",1,"Venezuela"
"9997","VEN_text138","science",5,"Venezuela"
"9998","VEN_text139","science",3,"Venezuela"
"9999","VEN_text139","speaking",1,"Venezuela"
"10000","VEN_text140","science",1,"Venezuela"
"10001","VEN_text140","learning_strategy",1,"Venezuela"
"10002","VEN_text141","science",1,"Venezuela"
"10003","VEN_text142","active_listening",1,"Venezuela"
"10004","VEN_text142","science",1,"Venezuela"
"10005","VEN_text142","learning_strategy",1,"Venezuela"
"10006","VEN_text143","science",1,"Venezuela"
"10007","VEN_text143","learning_strategy",1,"Venezuela"
"10008","VEN_text144","active_listening",1,"Venezuela"
"10009","VEN_text144","science",1,"Venezuela"
"10010","VEN_text145","science",13,"Venezuela"
"10011","VEN_text146","science",1,"Venezuela"
"10012","VEN_text146","monitoring",1,"Venezuela"
"10013","VEN_text147","science",1,"Venezuela"
"10014","VEN_text148","science",1,"Venezuela"
"10015","VEN_text148","speaking",1,"Venezuela"
"10016","VEN_text148","active_learning",1,"Venezuela"
"10017","VEN_text149","active_listening",1,"Venezuela"
"10018","VEN_text149","science",4,"Venezuela"
"10019","VEN_text150","science",1,"Venezuela"
"10020","VEN_text151","science",2,"Venezuela"
"10021","VEN_text151","speaking",1,"Venezuela"
"10022","VEN_text151","learning_strategy",2,"Venezuela"
"10023","VEN_text152","science",1,"Venezuela"
"10024","VEN_text152","speaking",1,"Venezuela"
"10025","VEN_text153","active_listening",8,"Venezuela"
"10026","VEN_text153","science",1,"Venezuela"
"10027","VEN_text153","writing",8,"Venezuela"
"10028","VEN_text154","science",1,"Venezuela"
"10029","VEN_text154","critical_thinking",1,"Venezuela"
"10030","VEN_text154","monitoring",1,"Venezuela"
"10031","VEN_text155","science",3,"Venezuela"
"10032","VEN_text155","speaking",1,"Venezuela"
"10033","VEN_text156","science",6,"Venezuela"
"10034","VEN_text157","science",7,"Venezuela"
"10035","VEN_text158","active_listening",12,"Venezuela"
"10036","VEN_text158","reading_comprehension",8,"Venezuela"
"10037","VEN_text158","science",356,"Venezuela"
"10038","VEN_text158","speaking",11,"Venezuela"
"10039","VEN_text158","writing",4,"Venezuela"
"10040","VEN_text158","active_learning",14,"Venezuela"
"10041","VEN_text158","critical_thinking",29,"Venezuela"
"10042","VEN_text158","learning_strategy",79,"Venezuela"
"10043","VEN_text158","monitoring",20,"Venezuela"
"10044","VEN_text159","active_listening",15,"Venezuela"
"10045","VEN_text159","mathematics",2,"Venezuela"
"10046","VEN_text159","reading_comprehension",18,"Venezuela"
"10047","VEN_text159","science",412,"Venezuela"
"10048","VEN_text159","speaking",11,"Venezuela"
"10049","VEN_text159","writing",2,"Venezuela"
"10050","VEN_text159","active_learning",16,"Venezuela"
"10051","VEN_text159","critical_thinking",22,"Venezuela"
"10052","VEN_text159","learning_strategy",97,"Venezuela"
"10053","VEN_text159","monitoring",23,"Venezuela"
"10054","VEN_text160","active_listening",15,"Venezuela"
"10055","VEN_text160","reading_comprehension",11,"Venezuela"
"10056","VEN_text160","science",461,"Venezuela"
"10057","VEN_text160","speaking",10,"Venezuela"
"10058","VEN_text160","writing",2,"Venezuela"
"10059","VEN_text160","active_learning",13,"Venezuela"
"10060","VEN_text160","critical_thinking",21,"Venezuela"
"10061","VEN_text160","learning_strategy",98,"Venezuela"
"10062","VEN_text160","monitoring",20,"Venezuela"
"10063","VEN_text161","active_listening",29,"Venezuela"
"10064","VEN_text161","reading_comprehension",15,"Venezuela"
"10065","VEN_text161","science",631,"Venezuela"
"10066","VEN_text161","speaking",39,"Venezuela"
"10067","VEN_text161","writing",6,"Venezuela"
"10068","VEN_text161","active_learning",24,"Venezuela"
"10069","VEN_text161","critical_thinking",21,"Venezuela"
"10070","VEN_text161","learning_strategy",94,"Venezuela"
"10071","VEN_text161","monitoring",30,"Venezuela"
"10072","VEN_text162","active_listening",40,"Venezuela"
"10073","VEN_text162","reading_comprehension",24,"Venezuela"
"10074","VEN_text162","science",638,"Venezuela"
"10075","VEN_text162","speaking",40,"Venezuela"
"10076","VEN_text162","writing",10,"Venezuela"
"10077","VEN_text162","active_learning",20,"Venezuela"
"10078","VEN_text162","critical_thinking",43,"Venezuela"
"10079","VEN_text162","learning_strategy",237,"Venezuela"
"10080","VEN_text162","monitoring",62,"Venezuela"
"10081","VEN_text163","active_listening",30,"Venezuela"
"10082","VEN_text163","reading_comprehension",30,"Venezuela"
"10083","VEN_text163","science",607,"Venezuela"
"10084","VEN_text163","speaking",39,"Venezuela"
"10085","VEN_text163","writing",2,"Venezuela"
"10086","VEN_text163","active_learning",18,"Venezuela"
"10087","VEN_text163","critical_thinking",29,"Venezuela"
"10088","VEN_text163","learning_strategy",249,"Venezuela"
"10089","VEN_text163","monitoring",27,"Venezuela"
"10090","VEN_text164","active_listening",31,"Venezuela"
"10091","VEN_text164","reading_comprehension",24,"Venezuela"
"10092","VEN_text164","science",608,"Venezuela"
"10093","VEN_text164","speaking",39,"Venezuela"
"10094","VEN_text164","writing",2,"Venezuela"
"10095","VEN_text164","active_learning",14,"Venezuela"
"10096","VEN_text164","critical_thinking",30,"Venezuela"
"10097","VEN_text164","learning_strategy",240,"Venezuela"
"10098","VEN_text164","monitoring",29,"Venezuela"
"10099","VEN_text165","active_listening",35,"Venezuela"
"10100","VEN_text165","reading_comprehension",23,"Venezuela"
"10101","VEN_text165","science",631,"Venezuela"
"10102","VEN_text165","speaking",41,"Venezuela"
"10103","VEN_text165","writing",6,"Venezuela"
"10104","VEN_text165","active_learning",16,"Venezuela"
"10105","VEN_text165","critical_thinking",34,"Venezuela"
"10106","VEN_text165","learning_strategy",242,"Venezuela"
"10107","VEN_text165","monitoring",31,"Venezuela"
"10108","VEN_text166","active_listening",15,"Venezuela"
"10109","VEN_text166","reading_comprehension",9,"Venezuela"
"10110","VEN_text166","science",451,"Venezuela"
"10111","VEN_text166","speaking",24,"Venezuela"
"10112","VEN_text166","writing",5,"Venezuela"
"10113","VEN_text166","active_learning",15,"Venezuela"
"10114","VEN_text166","critical_thinking",39,"Venezuela"
"10115","VEN_text166","learning_strategy",150,"Venezuela"
"10116","VEN_text166","monitoring",22,"Venezuela"
"10117","VEN_text167","active_listening",15,"Venezuela"
"10118","VEN_text167","reading_comprehension",8,"Venezuela"
"10119","VEN_text167","science",463,"Venezuela"
"10120","VEN_text167","speaking",20,"Venezuela"
"10121","VEN_text167","writing",2,"Venezuela"
"10122","VEN_text167","active_learning",19,"Venezuela"
"10123","VEN_text167","critical_thinking",38,"Venezuela"
"10124","VEN_text167","learning_strategy",129,"Venezuela"
"10125","VEN_text167","monitoring",27,"Venezuela"
"10126","VEN_text168","active_listening",12,"Venezuela"
"10127","VEN_text168","mathematics",2,"Venezuela"
"10128","VEN_text168","reading_comprehension",9,"Venezuela"
"10129","VEN_text168","science",479,"Venezuela"
"10130","VEN_text168","speaking",20,"Venezuela"
"10131","VEN_text168","writing",2,"Venezuela"
"10132","VEN_text168","active_learning",16,"Venezuela"
"10133","VEN_text168","critical_thinking",37,"Venezuela"
"10134","VEN_text168","learning_strategy",129,"Venezuela"
"10135","VEN_text168","monitoring",27,"Venezuela"
"10136","VEN_text169","active_listening",14,"Venezuela"
"10137","VEN_text169","reading_comprehension",12,"Venezuela"
"10138","VEN_text169","science",338,"Venezuela"
"10139","VEN_text169","speaking",11,"Venezuela"
"10140","VEN_text169","writing",4,"Venezuela"
"10141","VEN_text169","active_learning",17,"Venezuela"
"10142","VEN_text169","critical_thinking",25,"Venezuela"
"10143","VEN_text169","learning_strategy",79,"Venezuela"
"10144","VEN_text169","monitoring",33,"Venezuela"
"10145","VEN_text170","active_listening",34,"Venezuela"
"10146","VEN_text170","reading_comprehension",15,"Venezuela"
"10147","VEN_text170","science",597,"Venezuela"
"10148","VEN_text170","speaking",50,"Venezuela"
"10149","VEN_text170","writing",2,"Venezuela"
"10150","VEN_text170","active_learning",19,"Venezuela"
"10151","VEN_text170","critical_thinking",48,"Venezuela"
"10152","VEN_text170","learning_strategy",347,"Venezuela"
"10153","VEN_text170","monitoring",34,"Venezuela"
"10154","VEN_text171","active_listening",44,"Venezuela"
"10155","VEN_text171","reading_comprehension",18,"Venezuela"
"10156","VEN_text171","science",620,"Venezuela"
"10157","VEN_text171","speaking",46,"Venezuela"
"10158","VEN_text171","writing",14,"Venezuela"
"10159","VEN_text171","active_learning",17,"Venezuela"
"10160","VEN_text171","critical_thinking",31,"Venezuela"
"10161","VEN_text171","learning_strategy",291,"Venezuela"
"10162","VEN_text171","monitoring",30,"Venezuela"
"10163","VEN_text172","active_listening",35,"Venezuela"
"10164","VEN_text172","reading_comprehension",14,"Venezuela"
"10165","VEN_text172","science",609,"Venezuela"
"10166","VEN_text172","speaking",75,"Venezuela"
"10167","VEN_text172","writing",2,"Venezuela"
"10168","VEN_text172","active_learning",22,"Venezuela"
"10169","VEN_text172","critical_thinking",47,"Venezuela"
"10170","VEN_text172","learning_strategy",280,"Venezuela"
"10171","VEN_text172","monitoring",33,"Venezuela"
"10172","VEN_text173","active_listening",32,"Venezuela"
"10173","VEN_text173","reading_comprehension",20,"Venezuela"
"10174","VEN_text173","science",584,"Venezuela"
"10175","VEN_text173","speaking",49,"Venezuela"
"10176","VEN_text173","writing",2,"Venezuela"
"10177","VEN_text173","active_learning",18,"Venezuela"
"10178","VEN_text173","critical_thinking",61,"Venezuela"
"10179","VEN_text173","learning_strategy",258,"Venezuela"
"10180","VEN_text173","monitoring",30,"Venezuela"
"10181","VEN_text174","active_listening",49,"Venezuela"
"10182","VEN_text174","mathematics",1,"Venezuela"
"10183","VEN_text174","reading_comprehension",13,"Venezuela"
"10184","VEN_text174","science",593,"Venezuela"
"10185","VEN_text174","speaking",47,"Venezuela"
"10186","VEN_text174","writing",2,"Venezuela"
"10187","VEN_text174","active_learning",39,"Venezuela"
"10188","VEN_text174","critical_thinking",66,"Venezuela"
"10189","VEN_text174","learning_strategy",250,"Venezuela"
"10190","VEN_text174","monitoring",28,"Venezuela"
"10191","VEN_text175","active_listening",38,"Venezuela"
"10192","VEN_text175","reading_comprehension",13,"Venezuela"
"10193","VEN_text175","science",722,"Venezuela"
"10194","VEN_text175","speaking",103,"Venezuela"
"10195","VEN_text175","writing",3,"Venezuela"
"10196","VEN_text175","active_learning",18,"Venezuela"
"10197","VEN_text175","critical_thinking",46,"Venezuela"
"10198","VEN_text175","learning_strategy",272,"Venezuela"
"10199","VEN_text175","monitoring",35,"Venezuela"
"10200","VEN_text176","active_listening",24,"Venezuela"
"10201","VEN_text176","reading_comprehension",11,"Venezuela"
"10202","VEN_text176","science",838,"Venezuela"
"10203","VEN_text176","speaking",27,"Venezuela"
"10204","VEN_text176","writing",2,"Venezuela"
"10205","VEN_text176","active_learning",32,"Venezuela"
"10206","VEN_text176","critical_thinking",23,"Venezuela"
"10207","VEN_text176","learning_strategy",126,"Venezuela"
"10208","VEN_text176","monitoring",33,"Venezuela"
"10209","VEN_text177","active_listening",22,"Venezuela"
"10210","VEN_text177","reading_comprehension",13,"Venezuela"
"10211","VEN_text177","science",576,"Venezuela"
"10212","VEN_text177","speaking",29,"Venezuela"
"10213","VEN_text177","writing",2,"Venezuela"
"10214","VEN_text177","active_learning",26,"Venezuela"
"10215","VEN_text177","critical_thinking",18,"Venezuela"
"10216","VEN_text177","learning_strategy",125,"Venezuela"
"10217","VEN_text177","monitoring",26,"Venezuela"
"10218","VEN_text178","active_listening",17,"Venezuela"
"10219","VEN_text178","reading_comprehension",13,"Venezuela"
"10220","VEN_text178","science",487,"Venezuela"
"10221","VEN_text178","speaking",44,"Venezuela"
"10222","VEN_text178","writing",2,"Venezuela"
"10223","VEN_text178","active_learning",25,"Venezuela"
"10224","VEN_text178","critical_thinking",16,"Venezuela"
"10225","VEN_text178","learning_strategy",115,"Venezuela"
"10226","VEN_text178","monitoring",21,"Venezuela"
"10227","VEN_text179","active_listening",22,"Venezuela"
"10228","VEN_text179","reading_comprehension",7,"Venezuela"
"10229","VEN_text179","science",461,"Venezuela"
"10230","VEN_text179","speaking",18,"Venezuela"
"10231","VEN_text179","writing",4,"Venezuela"
"10232","VEN_text179","active_learning",17,"Venezuela"
"10233","VEN_text179","critical_thinking",16,"Venezuela"
"10234","VEN_text179","learning_strategy",96,"Venezuela"
"10235","VEN_text179","monitoring",17,"Venezuela"
"10236","VEN_text180","active_listening",12,"Venezuela"
"10237","VEN_text180","reading_comprehension",11,"Venezuela"
"10238","VEN_text180","science",400,"Venezuela"
"10239","VEN_text180","speaking",11,"Venezuela"
"10240","VEN_text180","writing",4,"Venezuela"
"10241","VEN_text180","active_learning",12,"Venezuela"
"10242","VEN_text180","critical_thinking",26,"Venezuela"
"10243","VEN_text180","learning_strategy",79,"Venezuela"
"10244","VEN_text180","monitoring",19,"Venezuela"
"10245","VEN_text181","active_listening",37,"Venezuela"
"10246","VEN_text181","reading_comprehension",14,"Venezuela"
"10247","VEN_text181","science",503,"Venezuela"
"10248","VEN_text181","speaking",283,"Venezuela"
"10249","VEN_text181","writing",4,"Venezuela"
"10250","VEN_text181","active_learning",19,"Venezuela"
"10251","VEN_text181","critical_thinking",45,"Venezuela"
"10252","VEN_text181","learning_strategy",251,"Venezuela"
"10253","VEN_text181","monitoring",29,"Venezuela"
"10254","VEN_text182","active_listening",32,"Venezuela"
"10255","VEN_text182","reading_comprehension",15,"Venezuela"
"10256","VEN_text182","science",472,"Venezuela"
"10257","VEN_text182","speaking",65,"Venezuela"
"10258","VEN_text182","writing",4,"Venezuela"
"10259","VEN_text182","active_learning",20,"Venezuela"
"10260","VEN_text182","critical_thinking",35,"Venezuela"
"10261","VEN_text182","learning_strategy",244,"Venezuela"
"10262","VEN_text182","monitoring",30,"Venezuela"
"10263","VEN_text183","active_listening",38,"Venezuela"
"10264","VEN_text183","reading_comprehension",27,"Venezuela"
"10265","VEN_text183","science",629,"Venezuela"
"10266","VEN_text183","speaking",43,"Venezuela"
"10267","VEN_text183","writing",5,"Venezuela"
"10268","VEN_text183","active_learning",17,"Venezuela"
"10269","VEN_text183","critical_thinking",30,"Venezuela"
"10270","VEN_text183","learning_strategy",237,"Venezuela"
"10271","VEN_text183","monitoring",30,"Venezuela"
"10272","VEN_text184","active_listening",34,"Venezuela"
"10273","VEN_text184","reading_comprehension",14,"Venezuela"
"10274","VEN_text184","science",538,"Venezuela"
"10275","VEN_text184","speaking",40,"Venezuela"
"10276","VEN_text184","writing",6,"Venezuela"
"10277","VEN_text184","active_learning",15,"Venezuela"
"10278","VEN_text184","critical_thinking",32,"Venezuela"
"10279","VEN_text184","learning_strategy",221,"Venezuela"
"10280","VEN_text184","monitoring",28,"Venezuela"
"10281","VEN_text185","active_listening",32,"Venezuela"
"10282","VEN_text185","reading_comprehension",10,"Venezuela"
"10283","VEN_text185","science",510,"Venezuela"
"10284","VEN_text185","speaking",39,"Venezuela"
"10285","VEN_text185","writing",2,"Venezuela"
"10286","VEN_text185","active_learning",15,"Venezuela"
"10287","VEN_text185","critical_thinking",25,"Venezuela"
"10288","VEN_text185","learning_strategy",223,"Venezuela"
"10289","VEN_text185","monitoring",27,"Venezuela"
"10290","VEN_text186","active_listening",9,"Venezuela"
"10291","VEN_text186","reading_comprehension",9,"Venezuela"
"10292","VEN_text186","science",377,"Venezuela"
"10293","VEN_text186","speaking",20,"Venezuela"
"10294","VEN_text186","writing",4,"Venezuela"
"10295","VEN_text186","active_learning",12,"Venezuela"
"10296","VEN_text186","critical_thinking",29,"Venezuela"
"10297","VEN_text186","learning_strategy",125,"Venezuela"
"10298","VEN_text186","monitoring",25,"Venezuela"
"10299","VEN_text187","active_listening",19,"Venezuela"
"10300","VEN_text187","mathematics",1,"Venezuela"
"10301","VEN_text187","reading_comprehension",15,"Venezuela"
"10302","VEN_text187","science",506,"Venezuela"
"10303","VEN_text187","speaking",24,"Venezuela"
"10304","VEN_text187","writing",7,"Venezuela"
"10305","VEN_text187","active_learning",20,"Venezuela"
"10306","VEN_text187","critical_thinking",18,"Venezuela"
"10307","VEN_text187","learning_strategy",105,"Venezuela"
"10308","VEN_text187","monitoring",25,"Venezuela"
"10309","VEN_text188","active_listening",19,"Venezuela"
"10310","VEN_text188","reading_comprehension",20,"Venezuela"
"10311","VEN_text188","science",508,"Venezuela"
"10312","VEN_text188","speaking",21,"Venezuela"
"10313","VEN_text188","writing",9,"Venezuela"
"10314","VEN_text188","active_learning",19,"Venezuela"
"10315","VEN_text188","critical_thinking",18,"Venezuela"
"10316","VEN_text188","learning_strategy",102,"Venezuela"
"10317","VEN_text188","monitoring",25,"Venezuela"
"10318","VEN_text189","active_listening",20,"Venezuela"
"10319","VEN_text189","reading_comprehension",9,"Venezuela"
"10320","VEN_text189","science",526,"Venezuela"
"10321","VEN_text189","speaking",79,"Venezuela"
"10322","VEN_text189","writing",6,"Venezuela"
"10323","VEN_text189","active_learning",20,"Venezuela"
"10324","VEN_text189","critical_thinking",17,"Venezuela"
"10325","VEN_text189","learning_strategy",95,"Venezuela"
"10326","VEN_text189","monitoring",22,"Venezuela"
"10327","VEN_text190","active_listening",2,"Venezuela"
"10328","VEN_text190","active_learning",1,"Venezuela"
"10329","VEN_text191","active_listening",1,"Venezuela"
"10330","VEN_text191","science",3,"Venezuela"
"10331","VEN_text192","active_listening",1,"Venezuela"
"10332","VEN_text192","science",1,"Venezuela"
"10333","VEN_text192","speaking",1,"Venezuela"
"10334","VEN_text192","monitoring",1,"Venezuela"
"10335","VEN_text193","active_listening",1,"Venezuela"
"10336","VEN_text193","science",1,"Venezuela"
"10337","VEN_text193","active_learning",1,"Venezuela"
"10338","VEN_text193","learning_strategy",1,"Venezuela"
"10339","VEN_text194","active_listening",1,"Venezuela"
"10340","VEN_text194","science",3,"Venezuela"
"10341","VEN_text195","active_listening",1,"Venezuela"
"10342","VEN_text195","science",1,"Venezuela"
"10343","VEN_text195","learning_strategy",2,"Venezuela"
"10344","VEN_text196","active_listening",1,"Venezuela"
"10345","VEN_text196","science",3,"Venezuela"
"10346","VEN_text197","active_listening",1,"Venezuela"
"10347","VEN_text197","science",1,"Venezuela"
"10348","VEN_text198","active_listening",1,"Venezuela"
"10349","VEN_text198","science",8,"Venezuela"
"10350","VEN_text198","critical_thinking",2,"Venezuela"
"10351","VEN_text199","active_listening",1,"Venezuela"
"10352","VEN_text200","active_listening",1,"Venezuela"
"10353","VEN_text200","science",2,"Venezuela"
"10354","VEN_text201","active_listening",2,"Venezuela"
"10355","VEN_text201","science",2,"Venezuela"
"10356","VEN_text201","active_learning",1,"Venezuela"
"10357","VEN_text201","monitoring",1,"Venezuela"
"10358","VEN_text202","active_listening",1,"Venezuela"
"10359","VEN_text202","science",1,"Venezuela"
"10360","VEN_text203","active_listening",1,"Venezuela"
"10361","VEN_text203","science",1,"Venezuela"
"10362","VEN_text204","active_listening",1,"Venezuela"
"10363","VEN_text204","science",1,"Venezuela"
"10364","VEN_text204","active_learning",1,"Venezuela"
"10365","VEN_text205","active_listening",1,"Venezuela"
"10366","VEN_text205","science",2,"Venezuela"
"10367","VEN_text206","active_listening",1,"Venezuela"
"10368","VEN_text206","mathematics",1,"Venezuela"
"10369","VEN_text206","science",1,"Venezuela"
"10370","VEN_text207","reading_comprehension",1,"Venezuela"
"10371","VEN_text207","science",6,"Venezuela"
"10372","VEN_text207","speaking",1,"Venezuela"
"10373","VEN_text207","learning_strategy",9,"Venezuela"
"10374","VEN_text207","monitoring",2,"Venezuela"
"10375","VEN_text208","reading_comprehension",1,"Venezuela"
"10376","VEN_text209","reading_comprehension",1,"Venezuela"
"10377","VEN_text210","reading_comprehension",1,"Venezuela"
"10378","VEN_text210","science",1,"Venezuela"
"10379","VEN_text210","monitoring",1,"Venezuela"
